timestamp,demand_mw,hour,day_of_week,month,is_weekend,lag_1h,lag_24h,lag_168h,rolling_mean_24h
2023-04-08 00:00:00,171621.875,0,5,4,1,175348.325,173472.227,155974.082,179158.68
2023-04-08 01:00:00,168290.291,1,5,4,1,171621.875,171077.879,152436.569,179081.582
2023-04-08 02:00:00,164781.153,2,5,4,1,168290.291,167775.68,148709.301,178965.432
2023-04-08 03:00:00,164196.166,3,5,4,1,164781.153,166782.484,147798.035,178840.66
2023-04-08 04:00:00,165310.268,4,5,4,1,164196.166,168026.909,150753.69,178732.897
2023-04-08 05:00:00,168969.984,5,5,4,1,165310.268,172139.748,156929.209,178619.704
2023-04-08 06:00:00,173711.635,6,5,4,1,168969.984,176329.531,162693.189,178487.63
2023-04-08 07:00:00,175237.431,7,5,4,1,173711.635,177403.229,165975.339,178378.551
2023-04-08 08:00:00,177979.886,8,5,4,1,175237.431,182215.469,168779.866,178288.309
2023-04-08 09:00:00,185380.198,9,5,4,1,177979.886,189896.027,176761.519,178111.827
2023-04-08 10:00:00,188263.447,10,5,4,1,185380.198,192411.17,179679.382,177923.667
2023-04-08 11:00:00,188243.545,11,5,4,1,188263.447,192427.321,179269.843,177750.846
2023-04-08 12:00:00,187385.584,12,5,4,1,188243.545,190296.469,177587.375,177576.522
2023-04-08 13:00:00,182267.484,13,5,4,1,187385.584,183921.168,172515.869,177455.235
2023-04-08 14:00:00,185465.044,14,5,4,1,182267.484,185273.346,172785.246,177386.331
2023-04-08 15:00:00,186621.964,15,5,4,1,185465.044,184703.297,173065.311,177394.319
2023-04-08 16:00:00,182335.23,16,5,4,1,186621.964,180745.253,170297.787,177474.263
2023-04-08 17:00:00,177022.682,17,5,4,1,182335.23,174330.134,166178.762,177540.512
2023-04-08 18:00:00,178726.694,18,5,4,1,177022.682,176992.052,166147.971,177652.702
2023-04-08 19:00:00,186393.032,19,5,4,1,178726.694,184455.853,172227.114,177724.978
2023-04-08 20:00:00,181060.026,20,5,4,1,186393.032,179667.589,166928.648,177805.694
2023-04-08 21:00:00,177916.87,21,5,4,1,181060.026,176822.506,163716.123,177863.712
2023-04-08 22:00:00,177762.698,22,5,4,1,177916.87,177294.645,162842.119,177909.311
2023-04-08 23:00:00,175721.158,23,5,4,1,177762.698,175348.325,160943.682,177928.813
2023-04-09 00:00:00,172913.125,0,6,4,1,175721.158,171621.875,158240.04,177944.348
2023-04-09 01:00:00,169696.411,1,6,4,1,172913.125,168290.291,155131.697,177998.15
2023-04-09 02:00:00,167091.39,2,6,4,1,169696.411,164781.153,152319.581,178056.738
2023-04-09 03:00:00,166474.142,3,6,4,1,167091.39,164196.166,152219.403,178152.998
2023-04-09 04:00:00,167784.493,4,6,4,1,166474.142,165310.268,154943.301,178247.914
2023-04-09 05:00:00,170667.242,5,6,4,1,167784.493,168969.984,159909.523,178351.006
2023-04-09 06:00:00,173132.963,6,6,4,1,170667.242,173711.635,163355.622,178421.725
2023-04-09 07:00:00,173078.18,7,6,4,1,173132.963,175237.431,165303.562,178397.614
2023-04-09 08:00:00,176066.777,8,6,4,1,173078.18,177979.886,168109.863,178307.645
2023-04-09 09:00:00,181008.081,9,6,4,1,176066.777,185380.198,173252.968,178227.932
2023-04-09 10:00:00,181786.907,10,6,4,1,181008.081,188263.447,174154.815,178045.761
2023-04-09 11:00:00,181541.241,11,6,4,1,181786.907,188243.545,173357.328,177775.905
2023-04-09 12:00:00,179542.035,12,6,4,1,181541.241,187385.584,170795.377,177496.642
2023-04-09 13:00:00,174970.298,13,6,4,1,179542.035,182267.484,166573.62,177169.828
2023-04-09 14:00:00,176226.64,14,6,4,1,174970.298,185465.044,164956.573,176865.778
2023-04-09 15:00:00,175648.531,15,6,4,1,176226.64,186621.964,163934.958,176480.845
2023-04-09 16:00:00,171903.824,16,6,4,1,175648.531,182335.23,160465.957,176023.619
2023-04-09 17:00:00,166360.648,17,6,4,1,171903.824,177022.682,156399.737,175588.977
2023-04-09 18:00:00,167877.687,18,6,4,1,166360.648,178726.694,158287.471,175144.725
2023-04-09 19:00:00,178195.016,19,6,4,1,167877.687,186393.032,168355.224,174692.683
2023-04-09 20:00:00,175841.585,20,6,4,1,178195.016,181060.026,164522.312,174351.099
2023-04-09 21:00:00,175066.277,21,6,4,1,175841.585,177916.87,161636.216,174133.664
2023-04-09 22:00:00,176499.533,22,6,4,1,175066.277,177762.698,161984.3,174014.89
2023-04-09 23:00:00,174416.946,23,6,4,1,176499.533,175721.158,160716.942,173962.258
2023-04-10 00:00:00,171554.433,0,0,4,0,174416.946,172913.125,157673.572,173907.916
2023-04-10 01:00:00,168544.324,1,0,4,0,171554.433,169696.411,154489.02,173851.303
2023-04-10 02:00:00,165437.181,2,0,4,0,168544.324,167091.39,151697.865,173803.3
2023-04-10 03:00:00,164333.36,3,0,4,0,165437.181,166474.142,150835.102,173734.374
2023-04-10 04:00:00,166030.665,4,0,4,0,164333.36,167784.493,153165.11,173645.175
2023-04-10 05:00:00,170599.256,5,0,4,0,166030.665,170667.242,160111.68,173572.099
2023-04-10 06:00:00,176703.991,6,0,4,0,170599.256,173132.963,168920.378,173569.266
2023-04-10 07:00:00,178546.449,7,0,4,0,176703.991,173078.18,171490.659,173718.059
2023-04-10 08:00:00,182348.377,8,0,4,0,178546.449,176066.777,175559.781,173945.904
2023-04-10 09:00:00,190139.627,9,0,4,0,182348.377,181008.081,184471.296,174207.637
2023-04-10 10:00:00,193500.832,10,0,4,0,190139.627,181786.907,186932.859,174588.118
2023-04-10 11:00:00,193858.262,11,0,4,0,193500.832,181541.241,186868.685,175076.198
2023-04-10 12:00:00,192109.828,12,0,4,0,193858.262,179542.035,183610.458,175589.407
2023-04-10 13:00:00,187238.849,13,0,4,0,192109.828,174970.298,178302.804,176113.065
2023-04-10 14:00:00,190214.633,14,0,4,0,187238.849,176226.64,178999.849,176624.255
2023-04-10 15:00:00,192026.883,15,0,4,0,190214.633,175648.531,179560.17,177207.088
2023-04-10 16:00:00,188628.995,16,0,4,0,192026.883,171903.824,178128.775,177889.519
2023-04-10 17:00:00,182857.634,17,0,4,0,188628.995,166360.648,173501.471,178586.402
2023-04-10 18:00:00,183831.875,18,0,4,0,182857.634,167877.687,174606.846,179273.776
2023-04-10 19:00:00,191776.042,19,0,4,0,183831.875,178195.016,181248.252,179938.534
2023-04-10 20:00:00,187879.271,20,0,4,0,191776.042,175841.585,175867.279,180504.41
2023-04-10 21:00:00,184788.351,21,0,4,0,187879.271,175066.277,172819.512,181005.98
2023-04-10 22:00:00,184904.908,22,0,4,0,184788.351,176499.533,171726.068,181411.067
2023-04-10 23:00:00,182692.151,23,0,4,0,184904.908,174416.946,169468.438,181761.29
2023-04-11 00:00:00,180932.769,0,1,4,0,182692.151,171554.433,166649.186,182106.091
2023-04-11 01:00:00,177654.605,1,1,4,0,180932.769,168544.324,163539.651,182496.855
2023-04-11 02:00:00,175255.618,2,1,4,0,177654.605,165437.181,160539.956,182876.45
2023-04-11 03:00:00,174389.675,3,1,4,0,175255.618,164333.36,159841.509,183285.551
2023-04-11 04:00:00,175407.053,4,1,4,0,174389.675,166030.665,160829.197,183704.564
2023-04-11 05:00:00,179284.442,5,1,4,0,175407.053,170599.256,163751.828,184095.247
2023-04-11 06:00:00,183852.368,6,1,4,0,179284.442,176703.991,170279.403,184457.13
2023-04-11 07:00:00,185611.152,7,1,4,0,183852.368,178546.449,174942.175,184754.979
2023-04-11 08:00:00,187204.185,8,1,4,0,185611.152,182348.377,178857.541,185049.342
2023-04-11 09:00:00,195160.579,9,1,4,0,187204.185,190139.627,186686.968,185251.667
2023-04-11 10:00:00,196895.65,10,1,4,0,195160.579,193500.832,188331.29,185460.873
2023-04-11 11:00:00,195323.325,11,1,4,0,196895.65,193858.262,187164.411,185602.324
2023-04-11 12:00:00,193571.444,12,1,4,0,195323.325,192109.828,186328.932,185663.368
2023-04-11 13:00:00,188925.354,13,1,4,0,193571.444,187238.849,181880.091,185724.269
2023-04-11 14:00:00,191693.217,14,1,4,0,188925.354,190214.633,183000.065,185794.54
2023-04-11 15:00:00,194048.299,15,1,4,0,191693.217,192026.883,183522.755,185856.148
2023-04-11 16:00:00,192291.549,16,1,4,0,194048.299,188628.995,180615.773,185940.373
2023-04-11 17:00:00,187212.381,17,1,4,0,192291.549,182857.634,175095.677,186092.98
2023-04-11 18:00:00,188041.106,18,1,4,0,187212.381,183831.875,175621.657,186274.428
2023-04-11 19:00:00,196159.184,19,1,4,0,188041.106,191776.042,183615.946,186449.812
2023-04-11 20:00:00,192383.021,20,1,4,0,196159.184,187879.271,178495.038,186632.443
2023-04-11 21:00:00,190467.58,21,1,4,0,192383.021,184788.351,175189.259,186820.099
2023-04-11 22:00:00,191819.836,22,1,4,0,190467.58,184904.908,174953.07,187056.734
2023-04-11 23:00:00,190952.479,23,1,4,0,191819.836,182692.151,172481.463,187344.856
2023-04-12 00:00:00,187073.041,0,2,4,0,190952.479,180932.769,169209.97,187689.036
2023-04-12 01:00:00,183147.658,1,2,4,0,187073.041,177654.605,166666.955,187944.881
2023-04-12 02:00:00,179624.063,2,2,4,0,183147.658,175255.618,163768.461,188173.758
2023-04-12 03:00:00,178700.018,3,2,4,0,179624.063,174389.675,163226.945,188355.777
2023-04-12 04:00:00,179420.285,4,2,4,0,178700.018,175407.053,164937.001,188535.374
2023-04-12 05:00:00,182942.508,5,2,4,0,179420.285,179284.442,170313.397,188702.592
2023-04-12 06:00:00,186652.271,6,2,4,0,182942.508,183852.368,176284.286,188855.012
2023-04-12 07:00:00,187085.738,7,2,4,0,186652.271,185611.152,177949.383,188971.674
2023-04-12 08:00:00,188926.953,8,2,4,0,187085.738,187204.185,179967.896,189033.115
2023-04-12 09:00:00,196089.683,9,2,4,0,188926.953,195160.579,186886.032,189104.897
2023-04-12 10:00:00,199698.854,10,2,4,0,196089.683,196895.65,188438.301,189143.61
2023-04-12 11:00:00,198228.321,11,2,4,0,199698.854,195323.325,188015.37,189260.41
2023-04-12 12:00:00,195851.642,12,2,4,0,198228.321,193571.444,186485.792,189381.452
2023-04-12 13:00:00,191519.563,13,2,4,0,195851.642,188925.354,181540.476,189476.46
2023-04-12 14:00:00,194817.982,14,2,4,0,191519.563,191693.217,182942.132,189584.552
2023-04-12 15:00:00,196978.945,15,2,4,0,194817.982,194048.299,183929.967,189714.751
2023-04-12 16:00:00,194252.092,16,2,4,0,196978.945,192291.549,181134.346,189836.861
2023-04-12 17:00:00,189064.66,17,2,4,0,194252.092,187212.381,176189.306,189918.55
2023-04-12 18:00:00,190270.789,18,2,4,0,189064.66,188041.106,177485.507,189995.728
2023-04-12 19:00:00,199377.184,19,2,4,0,190270.789,196159.184,185424.992,190088.632
2023-04-12 20:00:00,195651.538,20,2,4,0,199377.184,192383.021,178787.265,190222.715
2023-04-12 21:00:00,193815.188,21,2,4,0,195651.538,190467.58,175679.977,190358.903
2023-04-12 22:00:00,195144.243,22,2,4,0,193815.188,191819.836,176447.992,190498.387
2023-04-12 23:00:00,193518.524,23,2,4,0,195144.243,190952.479,174200.052,190636.904
2023-04-13 00:00:00,189388.791,0,3,4,0,193518.524,187073.041,170868.231,190743.823
2023-04-13 01:00:00,186375.798,1,3,4,0,189388.791,183147.658,167098.081,190840.312
2023-04-13 02:00:00,182781.837,2,3,4,0,186375.798,179624.063,163837.727,190974.818
2023-04-13 03:00:00,181637.395,3,3,4,0,182781.837,178700.018,163184.427,191106.392
2023-04-13 04:00:00,182366.839,4,3,4,0,181637.395,179420.285,165319.472,191228.783
2023-04-13 05:00:00,184783.774,5,3,4,0,182366.839,182942.508,170977.22,191351.556
2023-04-13 06:00:00,187737.24,6,3,4,0,184783.774,186652.271,176777.481,191428.275
2023-04-13 07:00:00,187952.777,7,3,4,0,187737.24,187085.738,177871.736,191473.482
2023-04-13 08:00:00,190485.403,8,3,4,0,187952.777,188926.953,181342.728,191509.609
2023-04-13 09:00:00,199202.133,9,3,4,0,190485.403,196089.683,187647.007,191574.544
2023-04-13 10:00:00,202560.626,10,3,4,0,199202.133,199698.854,191220.596,191704.23
2023-04-13 11:00:00,202244.475,11,3,4,0,202560.626,198228.321,189790.949,191823.47
2023-04-13 12:00:00,200474.831,12,3,4,0,202244.475,195851.642,189395.948,191990.81
2023-04-13 13:00:00,195594.334,13,3,4,0,200474.831,191519.563,185715.112,192183.443
2023-04-13 14:00:00,198928.608,14,3,4,0,195594.334,194817.982,186620.456,192353.225
2023-04-13 15:00:00,200885.101,15,3,4,0,198928.608,196978.945,185031.674,192524.501
2023-04-13 16:00:00,197240.979,16,3,4,0,200885.101,194252.092,181495.722,192687.257
2023-04-13 17:00:00,191242.12,17,3,4,0,197240.979,189064.66,176682.969,192811.794
2023-04-13 18:00:00,191736.621,18,3,4,0,191242.12,190270.789,177634.555,192902.522
2023-04-13 19:00:00,198943.571,19,3,4,0,191736.621,199377.184,186202.344,192963.598
2023-04-13 20:00:00,195665.312,20,3,4,0,198943.571,195651.538,181980.497,192945.531
2023-04-13 21:00:00,193380.617,21,3,4,0,195665.312,193815.188,179368.246,192946.105
2023-04-13 22:00:00,194461.071,22,3,4,0,193380.617,195144.243,179431.194,192927.998
2023-04-13 23:00:00,192973.549,23,3,4,0,194461.071,193518.524,176858.334,192899.532
2023-04-14 00:00:00,190524.173,0,4,4,0,192973.549,189388.791,173472.227,192876.825
2023-04-14 01:00:00,187774.897,1,4,4,0,190524.173,186375.798,171077.879,192924.133
2023-04-14 02:00:00,184634.393,2,4,4,0,187774.897,182781.837,167775.68,192982.428
2023-04-14 03:00:00,183583.44,3,4,4,0,184634.393,181637.395,166782.484,193059.618
2023-04-14 04:00:00,183721.385,4,4,4,0,183583.44,182366.839,168026.909,193140.704
2023-04-14 05:00:00,184743.415,5,4,4,0,183721.385,184783.774,172139.748,193197.143
2023-04-14 06:00:00,185769.469,6,4,4,0,184743.415,187737.24,176329.531,193195.461
2023-04-14 07:00:00,187325.284,7,4,4,0,185769.469,187952.777,177403.229,193113.471
2023-04-14 08:00:00,190528.847,8,4,4,0,187325.284,190485.403,182215.469,193087.325
2023-04-14 09:00:00,199833.584,9,4,4,0,190528.847,199202.133,189896.027,193089.135
2023-04-14 10:00:00,204245.666,10,4,4,0,199833.584,202560.626,192411.17,193115.446
2023-04-14 11:00:00,205355.52,11,4,4,0,204245.666,202244.475,192427.321,193185.656
2023-04-14 12:00:00,203028.327,12,4,4,0,205355.52,200474.831,190296.469,193315.283
2023-04-14 13:00:00,197701.567,13,4,4,0,203028.327,195594.334,183921.168,193421.678
2023-04-14 14:00:00,200970.452,14,4,4,0,197701.567,198928.608,185273.346,193509.48
2023-04-14 15:00:00,201810.849,15,4,4,0,200970.452,200885.101,184703.297,193594.557
2023-04-14 16:00:00,198050.607,16,4,4,0,201810.849,197240.979,180745.253,193633.13
2023-04-14 17:00:00,191599.229,17,4,4,0,198050.607,191242.12,174330.134,193666.864
2023-04-14 18:00:00,188859.414,18,4,4,0,191599.229,191736.621,176992.052,193681.744
2023-04-14 19:00:00,194554.182,19,4,4,0,188859.414,198943.571,184455.853,193561.86
2023-04-14 20:00:00,191507.303,20,4,4,0,194554.182,195665.312,179667.589,193378.969
2023-04-14 21:00:00,188608.211,21,4,4,0,191507.303,193380.617,176822.506,193205.718
2023-04-14 22:00:00,190490.869,22,4,4,0,188608.211,194461.071,177294.645,193006.868
2023-04-14 23:00:00,191432.973,23,4,4,0,190490.869,192973.549,175348.325,192841.443
2023-04-15 00:00:00,188716.109,0,5,4,1,191432.973,190524.173,171621.875,192777.252
2023-04-15 01:00:00,185205.933,1,5,4,1,188716.109,187774.897,168290.291,192701.916
2023-04-15 02:00:00,181759.502,2,5,4,1,185205.933,184634.393,164781.153,192594.876
2023-04-15 03:00:00,179827.446,3,5,4,1,181759.502,183583.44,164196.166,192475.089
2023-04-15 04:00:00,179896.253,4,5,4,1,179827.446,183721.385,165310.268,192318.589
2023-04-15 05:00:00,181186.552,5,5,4,1,179896.253,184743.415,168969.984,192159.209
2023-04-15 06:00:00,183727.39,6,5,4,1,181186.552,185769.469,173711.635,192011.006
2023-04-15 07:00:00,185319.372,7,5,4,1,183727.39,187325.284,175237.431,191925.92
2023-04-15 08:00:00,189316.164,8,5,4,1,185319.372,190528.847,177979.886,191842.34
2023-04-15 09:00:00,196673.77,9,5,4,1,189316.164,199833.584,185380.198,191791.811
2023-04-15 10:00:00,200305.576,10,5,4,1,196673.77,204245.666,188263.447,191660.152
2023-04-15 11:00:00,200412.715,11,5,4,1,200305.576,205355.52,188243.545,191495.982
2023-04-15 12:00:00,199103.93,12,5,4,1,200412.715,203028.327,187385.584,191290.032
2023-04-15 13:00:00,195737.36,13,5,4,1,199103.93,197701.567,182267.484,191126.515
2023-04-15 14:00:00,199872.537,14,5,4,1,195737.36,200970.452,185465.044,191044.673
2023-04-15 15:00:00,201491.487,15,5,4,1,199872.537,201810.849,186621.964,190998.927
2023-04-15 16:00:00,198106.854,16,5,4,1,201491.487,198050.607,182335.23,190985.62
2023-04-15 17:00:00,191212.613,17,5,4,1,198106.854,191599.229,177022.682,190987.964
2023-04-15 18:00:00,190685.178,18,5,4,1,191212.613,188859.414,178726.694,190971.855
2023-04-15 19:00:00,197993.014,19,5,4,1,190685.178,194554.182,186393.032,191047.928
2023-04-15 20:00:00,194619.103,20,5,4,1,197993.014,191507.303,181060.026,191191.213
2023-04-15 21:00:00,192474.534,21,5,4,1,194619.103,188608.211,177916.87,191320.871
2023-04-15 22:00:00,193343.087,22,5,4,1,192474.534,190490.869,177762.698,191481.968
2023-04-15 23:00:00,192771.22,23,5,4,1,193343.087,191432.973,175721.158,191600.811
2023-04-16 00:00:00,189738.545,0,6,4,1,192771.22,188716.109,172913.125,191656.571
2023-04-16 01:00:00,186933.569,1,6,4,1,189738.545,185205.933,169696.411,191699.172
2023-04-16 02:00:00,184148.817,2,6,4,1,186933.569,181759.502,167091.39,191771.157
2023-04-16 03:00:00,183419.055,3,6,4,1,184148.817,179827.446,166474.142,191870.712
2023-04-16 04:00:00,183669.913,4,6,4,1,183419.055,179896.253,167784.493,192020.362
2023-04-16 05:00:00,183360.21,5,6,4,1,183669.913,181186.552,170667.242,192177.598
2023-04-16 06:00:00,181752.952,6,6,4,1,183360.21,183727.39,173132.963,192268.167
2023-04-16 07:00:00,181170.689,7,6,4,1,181752.952,185319.372,173078.18,192185.899
2023-04-16 08:00:00,185541.099,8,6,4,1,181170.689,189316.164,176066.777,192013.037
2023-04-16 09:00:00,190686.575,9,6,4,1,185541.099,196673.77,181008.081,191855.743
2023-04-16 10:00:00,192711.004,10,6,4,1,190686.575,200305.576,181786.907,191606.276
2023-04-16 11:00:00,193395.375,11,6,4,1,192711.004,200412.715,181541.241,191289.836
2023-04-16 12:00:00,192650.62,12,6,4,1,193395.375,199103.93,179542.035,190997.447
2023-04-16 13:00:00,190979.802,13,6,4,1,192650.62,195737.36,174970.298,190728.559
2023-04-16 14:00:00,193269.873,14,6,4,1,190979.802,199872.537,176226.64,190530.327
2023-04-16 15:00:00,194081.34,15,6,4,1,193269.873,201491.487,175648.531,190255.216
2023-04-16 16:00:00,189832.288,16,6,4,1,194081.34,198106.854,171903.824,189946.46
2023-04-16 17:00:00,180524.354,17,6,4,1,189832.288,191212.613,166360.648,189601.686
2023-04-16 18:00:00,181377.233,18,6,4,1,180524.354,190685.178,167877.687,189156.342
2023-04-16 19:00:00,193023.034,19,6,4,1,181377.233,197993.014,178195.016,188768.511
2023-04-16 20:00:00,192821.066,20,6,4,1,193023.034,194619.103,175841.585,188561.429
2023-04-16 21:00:00,192455.923,21,6,4,1,192821.066,192474.534,175066.277,188486.511
2023-04-16 22:00:00,193396.301,22,6,4,1,192455.923,193343.087,176499.533,188485.735
2023-04-16 23:00:00,193893.475,23,6,4,1,193396.301,192771.22,174416.946,188487.952
2023-04-17 00:00:00,191852.534,0,0,4,0,193893.475,189738.545,171554.433,188534.713
2023-04-17 01:00:00,187973.998,1,0,4,0,191852.534,186933.569,168544.324,188622.796
2023-04-17 02:00:00,185122.594,2,0,4,0,187973.998,184148.817,165437.181,188666.147
2023-04-17 03:00:00,183512.302,3,0,4,0,185122.594,183419.055,164333.36,188706.721
2023-04-17 04:00:00,183362.694,4,0,4,0,183512.302,183669.913,166030.665,188710.606
2023-04-17 05:00:00,184997.49,5,0,4,0,183362.694,183360.21,170599.256,188697.806
2023-04-17 06:00:00,186630.31,6,0,4,0,184997.49,181752.952,176703.991,188766.026
2023-04-17 07:00:00,188703.5,7,0,4,0,186630.31,181170.689,178546.449,188969.249
2023-04-17 08:00:00,193783.352,8,0,4,0,188703.5,185541.099,182348.377,189283.116
2023-04-17 09:00:00,203469.543,9,0,4,0,193783.352,190686.575,190139.627,189626.543
2023-04-17 10:00:00,208792.97,10,0,4,0,203469.543,192711.004,193500.832,190159.167
2023-04-17 11:00:00,209754.304,11,0,4,0,208792.97,193395.375,193858.262,190829.249
2023-04-17 12:00:00,208238.262,12,0,4,0,209754.304,192650.62,192109.828,191510.871
2023-04-17 13:00:00,204669.139,13,0,4,0,208238.262,190979.802,187238.849,192160.356
2023-04-17 14:00:00,208331.548,14,0,4,0,204669.139,193269.873,190214.633,192730.745
2023-04-17 15:00:00,209602.211,15,0,4,0,208331.548,194081.34,192026.883,193358.315
2023-04-17 16:00:00,201229.584,16,0,4,0,209602.211,189832.288,188628.995,194005.018
2023-04-17 17:00:00,197433.897,17,0,4,0,201229.584,180524.354,182857.634,194479.905
2023-04-17 18:00:00,196469.153,18,0,4,0,197433.897,181377.233,183831.875,195184.469
2023-04-17 19:00:00,206276.819,19,0,4,0,196469.153,193023.034,191776.042,195813.299
2023-04-17 20:00:00,204951.08,20,0,4,0,206276.819,192821.066,187879.271,196365.54
2023-04-17 21:00:00,203699.149,21,0,4,0,204951.08,192455.923,184788.351,196870.958
2023-04-17 22:00:00,204664.07,22,0,4,0,203699.149,193396.301,184904.908,197339.425
2023-04-17 23:00:00,202457.524,23,0,4,0,204664.07,193893.475,182692.151,197808.916
2023-04-18 00:00:00,199637.41,0,1,4,0,202457.524,191852.534,180932.769,198165.751
2023-04-18 01:00:00,197524.662,1,1,4,0,199637.41,187973.998,177654.605,198490.121
2023-04-18 02:00:00,195317.211,2,1,4,0,197524.662,185122.594,175255.618,198888.065
2023-04-18 03:00:00,193823.109,3,1,4,0,195317.211,183512.302,174389.675,199312.841
2023-04-18 04:00:00,192864.352,4,1,4,0,193823.109,183362.694,175407.053,199742.458
2023-04-18 05:00:00,191584.736,5,1,4,0,192864.352,184997.49,179284.442,200138.36
2023-04-18 06:00:00,192437.334,6,1,4,0,191584.736,186630.31,183852.368,200412.829
2023-04-18 07:00:00,193130.817,7,1,4,0,192437.334,188703.5,185611.152,200654.788
2023-04-18 08:00:00,196429.446,8,1,4,0,193130.817,193783.352,187204.185,200839.26
2023-04-18 09:00:00,205263.549,9,1,4,0,196429.446,203469.543,195160.579,200949.514
2023-04-18 10:00:00,211060.395,10,1,4,0,205263.549,208792.97,196895.65,201024.264
2023-04-18 11:00:00,213511.77,11,1,4,0,211060.395,209754.304,195323.325,201118.74
2023-04-18 12:00:00,211167.897,12,1,4,0,213511.77,208238.262,193571.444,201275.301
2023-04-18 13:00:00,208918.523,13,1,4,0,211167.897,204669.139,188925.354,201397.369
2023-04-18 14:00:00,213767.558,14,1,4,0,208918.523,208331.548,191693.217,201574.427
2023-04-18 15:00:00,214613.208,15,1,4,0,213767.558,209602.211,194048.299,201800.927
2023-04-18 16:00:00,204769.0,16,1,4,0,214613.208,201229.584,192291.549,202009.719
2023-04-18 17:00:00,201455.381,17,1,4,0,204769.0,197433.897,187212.381,202157.195
2023-04-18 18:00:00,200335.252,18,1,4,0,201455.381,196469.153,188041.106,202324.756
2023-04-18 19:00:00,209183.143,19,1,4,0,200335.252,206276.819,196159.184,202485.844
2023-04-18 20:00:00,207365.317,20,1,4,0,209183.143,204951.08,192383.021,202606.941
2023-04-18 21:00:00,205041.147,21,1,4,0,207365.317,203699.149,190467.58,202707.534
2023-04-18 22:00:00,206269.229,22,1,4,0,205041.147,204664.07,191819.836,202763.45
2023-04-18 23:00:00,204919.385,23,1,4,0,206269.229,202457.524,190952.479,202830.332
2023-04-19 00:00:00,201998.418,0,2,4,0,204919.385,199637.41,187073.041,202932.91
2023-04-19 01:00:00,198505.358,1,2,4,0,201998.418,197524.662,183147.658,203031.285
2023-04-19 02:00:00,192349.777,2,2,4,0,198505.358,195317.211,179624.063,203072.147
2023-04-19 03:00:00,188038.937,3,2,4,0,192349.777,193823.109,178700.018,202948.504
2023-04-19 04:00:00,186492.186,4,2,4,0,188038.937,192864.352,179420.285,202707.497
2023-04-19 05:00:00,186423.108,5,2,4,0,186492.186,191584.736,182942.508,202441.99
2023-04-19 06:00:00,187740.88,6,2,4,0,186423.108,192437.334,186652.271,202226.922
2023-04-19 07:00:00,189631.736,7,2,4,0,187740.88,193130.817,187085.738,202031.237
2023-04-19 08:00:00,193926.764,8,2,4,0,189631.736,196429.446,188926.953,201885.442
2023-04-19 09:00:00,203920.933,9,2,4,0,193926.764,205263.549,196089.683,201781.163
2023-04-19 10:00:00,209681.893,10,2,4,0,203920.933,211060.395,199698.854,201725.221
2023-04-19 11:00:00,211323.726,11,2,4,0,209681.893,213511.77,198228.321,201667.783
2023-04-19 12:00:00,210359.399,12,2,4,0,211323.726,211167.897,195851.642,201576.615
2023-04-19 13:00:00,207994.818,13,2,4,0,210359.399,208918.523,191519.563,201542.927
2023-04-19 14:00:00,212063.971,14,2,4,0,207994.818,213767.558,194817.982,201504.44
2023-04-19 15:00:00,211922.678,15,2,4,0,212063.971,214613.208,196978.945,201433.457
2023-04-19 16:00:00,209171.588,16,2,4,0,211922.678,204769.0,194252.092,201321.352
2023-04-19 17:00:00,201095.446,17,2,4,0,209171.588,201455.381,189064.66,201504.793
2023-04-19 18:00:00,199741.253,18,2,4,0,201095.446,200335.252,190270.789,201489.795
2023-04-19 19:00:00,207965.05,19,2,4,0,199741.253,209183.143,199377.184,201465.045
2023-04-19 20:00:00,206225.263,20,2,4,0,207965.05,207365.317,195651.538,201414.292
2023-04-19 21:00:00,205056.527,21,2,4,0,206225.263,205041.147,193815.188,201366.789
2023-04-19 22:00:00,207572.496,22,2,4,0,205056.527,206269.229,195144.243,201367.43
2023-04-19 23:00:00,205916.336,23,2,4,0,207572.496,204919.385,193518.524,201421.733
2023-04-20 00:00:00,202489.734,0,3,4,0,205916.336,201998.418,189388.791,201463.273
2023-04-20 01:00:00,198791.285,1,3,4,0,202489.734,198505.358,186375.798,201483.744
2023-04-20 02:00:00,194568.99,2,3,4,0,198791.285,192349.777,182781.837,201495.658
2023-04-20 03:00:00,191904.131,3,3,4,0,194568.99,188038.937,181637.395,201588.125
2023-04-20 04:00:00,190640.139,4,3,4,0,191904.131,186492.186,182366.839,201749.175
2023-04-20 05:00:00,191654.547,5,3,4,0,190640.139,186423.108,184783.774,201922.006
2023-04-20 06:00:00,191300.353,6,3,4,0,191654.547,187740.88,187737.24,202139.983
2023-04-20 07:00:00,191657.204,7,3,4,0,191300.353,189631.736,187952.777,202288.294
2023-04-20 08:00:00,195673.847,8,3,4,0,191657.204,193926.764,190485.403,202372.689
2023-04-20 09:00:00,204317.384,9,3,4,0,195673.847,203920.933,199202.133,202445.484
2023-04-20 10:00:00,208883.447,10,3,4,0,204317.384,209681.893,202560.626,202462.002
2023-04-20 11:00:00,209982.416,11,3,4,0,208883.447,211323.726,202244.475,202428.734
2023-04-20 12:00:00,209006.071,12,3,4,0,209982.416,210359.399,200474.831,202372.846
2023-04-20 13:00:00,205975.211,13,3,4,0,209006.071,207994.818,195594.334,202316.457
2023-04-20 14:00:00,210080.74,14,3,4,0,205975.211,212063.971,198928.608,202232.307
2023-04-20 15:00:00,210058.067,15,3,4,0,210080.74,211922.678,200885.101,202149.672
2023-04-20 16:00:00,203705.998,16,3,4,0,210058.067,209171.588,197240.979,202071.98
2023-04-20 17:00:00,193665.542,17,3,4,0,203705.998,201095.446,191242.12,201844.247
2023-04-20 18:00:00,191570.018,18,3,4,0,193665.542,199741.253,191736.621,201534.668
2023-04-20 19:00:00,199354.008,19,3,4,0,191570.018,207965.05,198943.571,201194.2
2023-04-20 20:00:00,197319.897,20,3,4,0,199354.008,206225.263,195665.312,200835.406
2023-04-20 21:00:00,198274.885,21,3,4,0,197319.897,205056.527,193380.617,200464.35
2023-04-20 22:00:00,201976.401,22,3,4,0,198274.885,207572.496,194461.071,200181.781
2023-04-20 23:00:00,200302.548,23,3,4,0,201976.401,205916.336,192973.549,199948.61
2023-04-21 00:00:00,195048.411,0,4,4,0,200302.548,202489.734,190524.173,199714.703
2023-04-21 01:00:00,188769.4,1,4,4,0,195048.411,198791.285,187774.897,199404.648
2023-04-21 02:00:00,184026.941,2,4,4,0,188769.4,194568.99,184634.393,198987.069
2023-04-21 03:00:00,181898.608,3,4,4,0,184026.941,191904.131,183583.44,198547.817
2023-04-21 04:00:00,181187.06,4,4,4,0,181898.608,190640.139,183721.385,198130.92
2023-04-21 05:00:00,182404.94,5,4,4,0,181187.06,191654.547,184743.415,197737.042
2023-04-21 06:00:00,183832.552,6,4,4,0,182404.94,191300.353,185769.469,197351.642
2023-04-21 07:00:00,184708.974,7,4,4,0,183832.552,191657.204,187325.284,197040.483
2023-04-21 08:00:00,188282.299,8,4,4,0,184708.974,195673.847,190528.847,196750.974
2023-04-21 09:00:00,195886.548,9,4,4,0,188282.299,204317.384,199833.584,196442.992
2023-04-21 10:00:00,200139.573,10,4,4,0,195886.548,208883.447,204245.666,196091.708
2023-04-21 11:00:00,201873.764,11,4,4,0,200139.573,209982.416,205355.52,195727.38
2023-04-21 12:00:00,200975.969,12,4,4,0,201873.764,209006.071,203028.327,195389.519
2023-04-21 13:00:00,198260.463,13,4,4,0,200975.969,205975.211,197701.567,195054.931
2023-04-21 14:00:00,202575.441,14,4,4,0,198260.463,210080.74,200970.452,194733.484
2023-04-21 15:00:00,202409.115,15,4,4,0,202575.441,210058.067,201810.849,194420.763
2023-04-21 16:00:00,195945.41,16,4,4,0,202409.115,203705.998,198050.607,194102.056
2023-04-21 17:00:00,188245.469,17,4,4,0,195945.41,193665.542,191599.229,193778.699
2023-04-21 18:00:00,187613.735,18,4,4,0,188245.469,191570.018,188859.414,193552.862
2023-04-21 19:00:00,195441.969,19,4,4,0,187613.735,199354.008,194554.182,193388.017
2023-04-21 20:00:00,192529.803,20,4,4,0,195441.969,197319.897,191507.303,193225.015
2023-04-21 21:00:00,192899.367,21,4,4,0,192529.803,198274.885,188608.211,193025.428
2023-04-21 22:00:00,195058.143,22,4,4,0,192899.367,201976.401,190490.869,192801.448
2023-04-21 23:00:00,192646.217,23,4,4,0,195058.143,200302.548,191432.973,192513.188
2023-04-22 00:00:00,187759.737,0,5,4,1,192646.217,195048.411,188716.109,192194.174
2023-04-22 01:00:00,182752.934,1,5,4,1,187759.737,188769.4,185205.933,191890.479
2023-04-22 02:00:00,178090.286,2,5,4,1,182752.934,184026.941,181759.502,191639.793
2023-04-22 03:00:00,175484.671,3,5,4,1,178090.286,181898.608,179827.446,191392.432
2023-04-22 04:00:00,175151.475,4,5,4,1,175484.671,181187.06,179896.253,191125.185
2023-04-22 05:00:00,179413.818,5,5,4,1,175151.475,182404.94,181186.552,190873.702
2023-04-22 06:00:00,181835.034,6,5,4,1,179413.818,183832.552,183727.39,190749.072
2023-04-22 07:00:00,182693.189,7,5,4,1,181835.034,184708.974,185319.372,190665.842
2023-04-22 08:00:00,184352.751,8,5,4,1,182693.189,188282.299,189316.164,190581.851
2023-04-22 09:00:00,190720.75,9,5,4,1,184352.751,195886.548,196673.77,190418.12
2023-04-22 10:00:00,195458.889,10,5,4,1,190720.75,200139.573,200305.576,190202.878
2023-04-22 11:00:00,197436.05,11,5,4,1,195458.889,201873.764,200412.715,190007.85
2023-04-22 12:00:00,195582.861,12,5,4,1,197436.05,200975.969,199103.93,189822.945
2023-04-22 13:00:00,191401.386,13,5,4,1,195582.861,198260.463,195737.36,189598.232
2023-04-22 14:00:00,191952.796,14,5,4,1,191401.386,202575.441,199872.537,189312.438
2023-04-22 15:00:00,190933.227,15,5,4,1,191952.796,202409.115,201491.487,188869.827
2023-04-22 16:00:00,184289.054,16,5,4,1,190933.227,195945.41,198106.854,188391.665
2023-04-22 17:00:00,175098.909,17,5,4,1,184289.054,188245.469,191212.613,187905.984
2023-04-22 18:00:00,174529.259,18,5,4,1,175098.909,187613.735,190685.178,187358.21
2023-04-22 19:00:00,186324.755,19,5,4,1,174529.259,195441.969,197993.014,186813.024
2023-04-22 20:00:00,185090.459,20,5,4,1,186324.755,192529.803,194619.103,186433.14
2023-04-22 21:00:00,184622.001,21,5,4,1,185090.459,192899.367,192474.534,186123.167
2023-04-22 22:00:00,187827.888,22,5,4,1,184622.001,195058.143,193343.087,185778.277
2023-04-22 23:00:00,186456.279,23,5,4,1,187827.888,192646.217,192771.22,185477.016
2023-04-23 00:00:00,181900.009,0,6,4,1,186456.279,187759.737,189738.545,185219.102
2023-04-23 01:00:00,176533.497,1,6,4,1,181900.009,182752.934,186933.569,184974.947
2023-04-23 02:00:00,172597.07,2,6,4,1,176533.497,178090.286,184148.817,184715.804
2023-04-23 03:00:00,169584.877,3,6,4,1,172597.07,175484.671,183419.055,184486.92
2023-04-23 04:00:00,168600.429,4,6,4,1,169584.877,175151.475,183669.913,184241.095
2023-04-23 05:00:00,170054.583,5,6,4,1,168600.429,179413.818,183360.21,183968.135
2023-04-23 06:00:00,171063.184,6,6,4,1,170054.583,181835.034,181752.952,183578.167
2023-04-23 07:00:00,171401.486,7,6,4,1,171063.184,182693.189,181170.689,183129.34
2023-04-23 08:00:00,172529.626,8,6,4,1,171401.486,184352.751,185541.099,182658.852
2023-04-23 09:00:00,175319.806,9,6,4,1,172529.626,190720.75,190686.575,182166.222
2023-04-23 10:00:00,175781.183,10,6,4,1,175319.806,195458.889,192711.004,181524.516
2023-04-23 11:00:00,173501.141,11,6,4,1,175781.183,197436.05,193395.375,180704.611
2023-04-23 12:00:00,174650.554,12,6,4,1,173501.141,195582.861,192650.62,179707.324
2023-04-23 13:00:00,171638.791,13,6,4,1,174650.554,191401.386,190979.802,178835.144
2023-04-23 14:00:00,171340.49,14,6,4,1,171638.791,191952.796,193269.873,178011.703
2023-04-23 15:00:00,170762.321,15,6,4,1,171340.49,190933.227,194081.34,177152.857
2023-04-23 16:00:00,164694.765,16,6,4,1,170762.321,184289.054,189832.288,176312.402
2023-04-23 17:00:00,158222.581,17,6,4,1,164694.765,175098.909,180524.354,175495.973
2023-04-23 18:00:00,160125.111,18,6,4,1,158222.581,174529.259,181377.233,174792.793
2023-04-23 19:00:00,171242.82,19,6,4,1,160125.111,186324.755,193023.034,174192.62
2023-04-23 20:00:00,172627.355,20,6,4,1,171242.82,185090.459,192821.066,173564.206
2023-04-23 21:00:00,173254.84,21,6,4,1,172627.355,184622.001,192455.923,173044.91
2023-04-23 22:00:00,175961.026,22,6,4,1,173254.84,187827.888,193396.301,172571.279
2023-04-23 23:00:00,174300.878,23,6,4,1,175961.026,186456.279,193893.475,172076.826
2023-04-24 00:00:00,169711.066,0,0,4,0,174300.878,181900.009,191852.534,171570.351
2023-04-24 01:00:00,165545.402,1,0,4,0,169711.066,176533.497,187973.998,171062.478
2023-04-24 02:00:00,161888.072,2,0,4,0,165545.402,172597.07,185122.594,170604.641
2023-04-24 03:00:00,160126.375,3,0,4,0,161888.072,169584.877,183512.302,170158.433
2023-04-24 04:00:00,160303.089,4,0,4,0,160126.375,168600.429,183362.694,169764.329
2023-04-24 05:00:00,165211.815,5,0,4,0,160303.089,170054.583,184997.49,169418.606
2023-04-24 06:00:00,171277.619,6,0,4,0,165211.815,171063.184,186630.31,169216.824
2023-04-24 07:00:00,173880.164,7,0,4,0,171277.619,171401.486,188703.5,169225.759
2023-04-24 08:00:00,178083.734,8,0,4,0,173880.164,172529.626,193783.352,169329.037
2023-04-24 09:00:00,185981.451,9,0,4,0,178083.734,175319.806,203469.543,169560.458
2023-04-24 10:00:00,190018.478,10,0,4,0,185981.451,175781.183,208792.97,170004.693
2023-04-24 11:00:00,191035.312,11,0,4,0,190018.478,173501.141,209754.304,170597.914
2023-04-24 12:00:00,189517.603,12,0,4,0,191035.312,174650.554,208238.262,171328.505
2023-04-24 13:00:00,185393.551,13,0,4,0,189517.603,171638.791,204669.139,171947.965
2023-04-24 14:00:00,187143.003,14,0,4,0,185393.551,171340.49,208331.548,172521.08
2023-04-24 15:00:00,188221.907,15,0,4,0,187143.003,170762.321,209602.211,173179.518
2023-04-24 16:00:00,183346.024,16,0,4,0,188221.907,164694.765,201229.584,173907.001
2023-04-24 17:00:00,177584.304,17,0,4,0,183346.024,158222.581,197433.897,174684.136
2023-04-24 18:00:00,178581.337,18,0,4,0,177584.304,160125.111,196469.153,175490.875
2023-04-24 19:00:00,187155.837,19,0,4,0,178581.337,171242.82,206276.819,176259.884
2023-04-24 20:00:00,183873.094,20,0,4,0,187155.837,172627.355,204951.08,176922.927
2023-04-24 21:00:00,182050.045,21,0,4,0,183873.094,173254.84,203699.149,177391.499
2023-04-24 22:00:00,183907.91,22,0,4,0,182050.045,175961.026,204664.07,177757.966
2023-04-24 23:00:00,182484.181,23,0,4,0,183907.91,174300.878,202457.524,178089.086
2023-04-25 00:00:00,177097.697,0,1,4,0,182484.181,169711.066,199637.41,178430.057
2023-04-25 01:00:00,172269.099,1,1,4,0,177097.697,165545.402,197524.662,178737.833
2023-04-25 02:00:00,168089.893,2,1,4,0,172269.099,161888.072,195317.211,179017.988
2023-04-25 03:00:00,166128.348,3,1,4,0,168089.893,160126.375,193823.109,179276.397
2023-04-25 04:00:00,165877.652,4,1,4,0,166128.348,160303.089,192864.352,179526.479
2023-04-25 05:00:00,170499.837,5,1,4,0,165877.652,165211.815,191584.736,179758.752
2023-04-25 06:00:00,175177.143,6,1,4,0,170499.837,171277.619,192437.334,179979.087
2023-04-25 07:00:00,178199.895,7,1,4,0,175177.143,173880.164,193130.817,180141.567
2023-04-25 08:00:00,182182.246,8,1,4,0,178199.895,178083.734,196429.446,180321.556
2023-04-25 09:00:00,189444.0,9,1,4,0,182182.246,185981.451,205263.549,180492.327
2023-04-25 10:00:00,192530.034,10,1,4,0,189444.0,190018.478,211060.395,180636.6
2023-04-25 11:00:00,192844.893,11,1,4,0,192530.034,191035.312,213511.77,180741.248
2023-04-25 12:00:00,192501.435,12,1,4,0,192844.893,189517.603,211167.897,180816.647
2023-04-25 13:00:00,189493.528,13,1,4,0,192501.435,185393.551,208918.523,180940.974
2023-04-25 14:00:00,192068.967,14,1,4,0,189493.528,187143.003,213767.558,181111.806
2023-04-25 15:00:00,192214.645,15,1,4,0,192068.967,188221.907,214613.208,181317.054
2023-04-25 16:00:00,186813.274,16,1,4,0,192214.645,183346.024,204769.0,181483.418
2023-04-25 17:00:00,179961.476,17,1,4,0,186813.274,177584.304,201455.381,181627.887
2023-04-25 18:00:00,180004.445,18,1,4,0,179961.476,178581.337,200335.252,181726.936
2023-04-25 19:00:00,189426.127,19,1,4,0,180004.445,187155.837,209183.143,181786.232
2023-04-25 20:00:00,187592.328,20,1,4,0,189426.127,183873.094,207365.317,181880.828
2023-04-25 21:00:00,186432.872,21,1,4,0,187592.328,182050.045,205041.147,182035.796
2023-04-25 22:00:00,189305.2,22,1,4,0,186432.872,183907.91,206269.229,182218.414
2023-04-25 23:00:00,186528.997,23,1,4,0,189305.2,182484.181,204919.385,182443.301
2023-04-26 00:00:00,181110.085,0,2,4,0,186528.997,177097.697,201998.418,182611.835
2023-04-26 01:00:00,176067.554,1,2,4,0,181110.085,172269.099,198505.358,182779.017
2023-04-26 02:00:00,172130.024,2,2,4,0,176067.554,168089.893,192349.777,182937.286
2023-04-26 03:00:00,169329.521,3,2,4,0,172130.024,166128.348,188038.937,183105.625
2023-04-26 04:00:00,168447.538,4,2,4,0,169329.521,165877.652,186492.186,183239.007
2023-04-26 05:00:00,172042.339,5,2,4,0,168447.538,170499.837,186423.108,183346.086
2023-04-26 06:00:00,176264.258,6,2,4,0,172042.339,175177.143,187740.88,183410.357
2023-04-26 07:00:00,178478.855,7,2,4,0,176264.258,178199.895,189631.736,183455.653
2023-04-26 08:00:00,182447.934,8,2,4,0,178478.855,182182.246,193926.764,183467.277
2023-04-26 09:00:00,189314.283,9,2,4,0,182447.934,189444.0,203920.933,183478.347
2023-04-26 10:00:00,192048.582,10,2,4,0,189314.283,192530.034,209681.893,183472.942
2023-04-26 11:00:00,193552.262,11,2,4,0,192048.582,192844.893,211323.726,183452.882
2023-04-26 12:00:00,194275.274,12,2,4,0,193552.262,192501.435,210359.399,183482.355
2023-04-26 13:00:00,191605.421,13,2,4,0,194275.274,189493.528,207994.818,183556.265
2023-04-26 14:00:00,193442.051,14,2,4,0,191605.421,192068.967,212063.971,183644.261
2023-04-26 15:00:00,194771.859,15,2,4,0,193442.051,192214.645,211922.678,183701.473
2023-04-26 16:00:00,188316.658,16,2,4,0,194771.859,186813.274,209171.588,183808.023
2023-04-26 17:00:00,180853.973,17,2,4,0,188316.658,179961.476,201095.446,183870.664
2023-04-26 18:00:00,180197.639,18,2,4,0,180853.973,180004.445,199741.253,183907.852
2023-04-26 19:00:00,190336.38,19,2,4,0,180197.639,189426.127,207965.05,183915.901
2023-04-26 20:00:00,188465.821,20,2,4,0,190336.38,187592.328,206225.263,183953.829
2023-04-26 21:00:00,187835.758,21,2,4,0,188465.821,186432.872,205056.527,183990.224
2023-04-26 22:00:00,189928.046,22,2,4,0,187835.758,189305.2,207572.496,184048.678
2023-04-26 23:00:00,187065.462,23,2,4,0,189928.046,186528.997,205916.336,184074.63
2023-04-27 00:00:00,181796.93,0,3,4,0,187065.462,181110.085,202489.734,184096.982
2023-04-27 01:00:00,176767.859,1,3,4,0,181796.93,176067.554,198791.285,184125.601
2023-04-27 02:00:00,172826.37,2,3,4,0,176767.859,172130.024,194568.99,184154.78
2023-04-27 03:00:00,170246.017,3,3,4,0,172826.37,169329.521,191904.131,184183.795
2023-04-27 04:00:00,169602.443,4,3,4,0,170246.017,168447.538,190640.139,184221.982
2023-04-27 05:00:00,172888.28,5,3,4,0,169602.443,172042.339,191654.547,184270.103
2023-04-27 06:00:00,175983.16,6,3,4,0,172888.28,176264.258,191300.353,184305.351
2023-04-27 07:00:00,176670.156,7,3,4,0,175983.16,178478.855,191657.204,184293.638
2023-04-27 08:00:00,179588.756,8,3,4,0,176670.156,182447.934,195673.847,184218.276
2023-04-27 09:00:00,188494.235,9,3,4,0,179588.756,189314.283,204317.384,184099.143
2023-04-27 10:00:00,192400.729,10,3,4,0,188494.235,192048.582,208883.447,184064.975
2023-04-27 11:00:00,194783.67,11,3,4,0,192400.729,193552.262,209982.416,184079.647
2023-04-27 12:00:00,194748.514,12,3,4,0,194783.67,194275.274,209006.071,184130.956
2023-04-27 13:00:00,192097.868,13,3,4,0,194748.514,191605.421,205975.211,184150.674
2023-04-27 14:00:00,194680.028,14,3,4,0,192097.868,193442.051,210080.74,184171.193
2023-04-27 15:00:00,194916.051,15,3,4,0,194680.028,194771.859,210058.067,184222.775
2023-04-27 16:00:00,186718.422,16,3,4,0,194916.051,188316.658,203705.998,184228.783
2023-04-27 17:00:00,179832.397,17,3,4,0,186718.422,180853.973,193665.542,184162.19
2023-04-27 18:00:00,179365.443,18,3,4,0,179832.397,180197.639,191570.018,184119.625
2023-04-27 19:00:00,188052.299,19,3,4,0,179365.443,190336.38,199354.008,184084.95
2023-04-27 20:00:00,184884.475,20,3,4,0,188052.299,188465.821,197319.897,183989.78
2023-04-27 21:00:00,184072.643,21,3,4,0,184884.475,187835.758,198274.885,183840.557
2023-04-27 22:00:00,186717.661,22,3,4,0,184072.643,189928.046,201976.401,183683.761
2023-04-27 23:00:00,184078.44,23,3,4,0,186717.661,187065.462,200302.548,183549.994
2023-04-28 00:00:00,179053.298,0,4,4,0,184078.44,181796.93,195048.411,183425.535
2023-04-28 01:00:00,174116.323,1,4,4,0,179053.298,176767.859,188769.4,183311.217
2023-04-28 02:00:00,169554.382,2,4,4,0,174116.323,172826.37,184026.941,183200.737
2023-04-28 03:00:00,166922.621,3,4,4,0,169554.382,170246.017,181898.608,183064.404
2023-04-28 04:00:00,166731.329,4,4,4,0,166922.621,169602.443,181187.06,182925.929
2023-04-28 05:00:00,170063.62,5,4,4,0,166731.329,172888.28,182404.94,182806.299
2023-04-28 06:00:00,171914.668,6,4,4,0,170063.62,175983.16,183832.552,182688.605
2023-04-28 07:00:00,172246.373,7,4,4,0,171914.668,176670.156,184708.974,182519.084
2023-04-28 08:00:00,174606.59,8,4,4,0,172246.373,179588.756,188282.299,182334.76
2023-04-28 09:00:00,187363.298,9,4,4,0,174606.59,188494.235,195886.548,182127.17
2023-04-28 10:00:00,193601.428,10,4,4,0,187363.298,192400.729,200139.573,182080.048
2023-04-28 11:00:00,194715.562,11,4,4,0,193601.428,194783.67,201873.764,182130.077
2023-04-28 12:00:00,195178.754,12,4,4,0,194715.562,194748.514,200975.969,182127.239
2023-04-28 13:00:00,191312.464,13,4,4,0,195178.754,192097.868,198260.463,182145.166
2023-04-28 14:00:00,192399.193,14,4,4,0,191312.464,194680.028,202575.441,182112.44
2023-04-28 15:00:00,190177.257,15,4,4,0,192399.193,194916.051,202409.115,182017.406
2023-04-28 16:00:00,183541.208,16,4,4,0,190177.257,186718.422,195945.41,181819.956
2023-04-28 17:00:00,176960.748,17,4,4,0,183541.208,179832.397,188245.469,181687.572
2023-04-28 18:00:00,178523.314,18,4,4,0,176960.748,179365.443,187613.735,181567.92
2023-04-28 19:00:00,190261.581,19,4,4,0,178523.314,188052.299,195441.969,181532.831
2023-04-28 20:00:00,187706.675,20,4,4,0,190261.581,184884.475,192529.803,181624.885
2023-04-28 21:00:00,187184.639,21,4,4,0,187706.675,184072.643,192899.367,181742.476
2023-04-28 22:00:00,188928.0,22,4,4,0,187184.639,186717.661,195058.143,181872.143
2023-04-28 23:00:00,185578.889,23,4,4,0,188928.0,184078.44,192646.217,181964.24
2023-04-29 00:00:00,179510.79,0,5,4,1,185578.889,179053.298,187759.737,182026.759
2023-04-29 01:00:00,174557.522,1,5,4,1,179510.79,174116.323,182752.934,182045.821
2023-04-29 02:00:00,169650.425,2,5,4,1,174557.522,169554.382,178090.286,182064.204
2023-04-29 03:00:00,166683.645,3,5,4,1,169650.425,166922.621,175484.671,182068.206
2023-04-29 04:00:00,166357.705,4,5,4,1,166683.645,166731.329,175151.475,182058.249
2023-04-29 05:00:00,168460.285,5,5,4,1,166357.705,170063.62,179413.818,182042.681
2023-04-29 06:00:00,170882.95,6,5,4,1,168460.285,171914.668,181835.034,181975.876
2023-04-29 07:00:00,172911.426,7,5,4,1,170882.95,172246.373,182693.189,181932.887
2023-04-29 08:00:00,176298.119,8,5,4,1,172911.426,174606.59,184352.751,181960.598
2023-04-29 09:00:00,183460.92,9,5,4,1,176298.119,187363.298,190720.75,182031.078
2023-04-29 10:00:00,186601.627,10,5,4,1,183460.92,193601.428,195458.889,181868.479
2023-04-29 11:00:00,188247.362,11,5,4,1,186601.627,194715.562,197436.05,181576.821
2023-04-29 12:00:00,187161.172,12,5,4,1,188247.362,195178.754,195582.861,181307.312
2023-04-29 13:00:00,183218.301,13,5,4,1,187161.172,191312.464,191401.386,180973.246
2023-04-29 14:00:00,182778.201,14,5,4,1,183218.301,192399.193,191952.796,180635.99
2023-04-29 15:00:00,181522.062,15,5,4,1,182778.201,190177.257,190933.227,180235.115
2023-04-29 16:00:00,175502.54,16,5,4,1,181522.062,183541.208,184289.054,179874.482
2023-04-29 17:00:00,170666.401,17,5,4,1,175502.54,176960.748,175098.909,179539.537
2023-04-29 18:00:00,172879.485,18,5,4,1,170666.401,178523.314,174529.259,179277.273
2023-04-29 19:00:00,181808.522,19,5,4,1,172879.485,190261.581,186324.755,179042.113
2023-04-29 20:00:00,179889.27,20,5,4,1,181808.522,187706.675,185090.459,178689.903
2023-04-29 21:00:00,178580.567,21,5,4,1,179889.27,187184.639,184622.001,178364.177
2023-04-29 22:00:00,178437.086,22,5,4,1,178580.567,188928.0,187827.888,178005.674
2023-04-29 23:00:00,175325.317,23,5,4,1,178437.086,185578.889,186456.279,177568.553
2023-04-30 00:00:00,170165.848,0,6,4,1,175325.317,179510.79,181900.009,177141.321
2023-04-30 01:00:00,165444.209,1,6,4,1,170165.848,174557.522,176533.497,176751.948
2023-04-30 02:00:00,161498.534,2,6,4,1,165444.209,169650.425,172597.07,176372.227
2023-04-30 03:00:00,159111.401,3,6,4,1,161498.534,166683.645,169584.877,176032.565
2023-04-30 04:00:00,157397.23,4,6,4,1,159111.401,166357.705,168600.429,175717.055
2023-04-30 05:00:00,158815.695,5,6,4,1,157397.23,168460.285,170054.583,175343.701
2023-04-30 06:00:00,159529.615,6,6,4,1,158815.695,170882.95,171063.184,174941.844
2023-04-30 07:00:00,160379.098,7,6,4,1,159529.615,172911.426,171401.486,174468.788
2023-04-30 08:00:00,162313.394,8,6,4,1,160379.098,176298.119,172529.626,173946.608
2023-04-30 09:00:00,166478.374,9,6,4,1,162313.394,183460.92,175319.806,173363.911
2023-04-30 10:00:00,169787.156,10,6,4,1,166478.374,186601.627,175781.183,172656.305
2023-04-30 11:00:00,170856.442,11,6,4,1,169787.156,188247.362,173501.141,171955.702
2023-04-30 12:00:00,167894.054,12,6,4,1,170856.442,187161.172,174650.554,171231.08
2023-04-30 13:00:00,161877.104,13,6,4,1,167894.054,183218.301,171638.791,170428.283
2023-04-30 14:00:00,158258.894,14,6,4,1,161877.104,182778.201,171340.49,169539.067
2023-04-30 15:00:00,155642.408,15,6,4,1,158258.894,181522.062,170762.321,168517.429
2023-04-30 16:00:00,151084.901,16,6,4,1,155642.408,175502.54,164694.765,167439.11
2023-04-30 17:00:00,147841.48,17,6,4,1,151084.901,170666.401,158222.581,166421.709
2023-04-30 18:00:00,151729.521,18,6,4,1,147841.48,172879.485,160125.111,165470.67
2023-04-30 19:00:00,161920.857,19,6,4,1,151729.521,181808.522,171242.82,164589.422
2023-04-30 20:00:00,161077.439,20,6,4,1,161920.857,179889.27,172627.355,163760.769
2023-04-30 21:00:00,158884.618,21,6,4,1,161077.439,178580.567,173254.84,162976.943
2023-04-30 22:00:00,159189.761,22,6,4,1,158884.618,178437.086,175961.026,162156.278
2023-04-30 23:00:00,155958.39,23,6,4,1,159189.761,175325.317,174300.878,161354.306
2023-05-01 00:00:00,151719.735,0,0,5,0,155958.39,170165.848,169711.066,160547.351
2023-05-01 01:00:00,147257.887,1,0,5,0,151719.735,165444.209,165545.402,159778.763
2023-05-01 02:00:00,144164.161,2,0,5,0,147257.887,161498.534,161888.072,159021.0
2023-05-01 03:00:00,142181.557,3,0,5,0,144164.161,159111.401,160126.375,158298.734
2023-05-01 04:00:00,141960.174,4,0,5,0,142181.557,157397.23,160303.089,157593.324
2023-05-01 05:00:00,145303.643,5,0,5,0,141960.174,158815.695,165211.815,156950.113
2023-05-01 06:00:00,148060.564,6,0,5,0,145303.643,159529.615,171277.619,156387.111
2023-05-01 07:00:00,149207.008,7,0,5,0,148060.564,160379.098,173880.164,155909.234
2023-05-01 08:00:00,151995.775,8,0,5,0,149207.008,162313.394,178083.734,155443.73
2023-05-01 09:00:00,157208.843,9,0,5,0,151995.775,166478.374,185981.451,155013.829
2023-05-01 10:00:00,158326.95,10,0,5,0,157208.843,169787.156,190018.478,154627.599
2023-05-01 11:00:00,157619.8,11,0,5,0,158326.95,170856.442,191035.312,154150.09
2023-05-01 12:00:00,156298.955,12,0,5,0,157619.8,167894.054,189517.603,153598.564
2023-05-01 13:00:00,152101.815,13,0,5,0,156298.955,161877.104,185393.551,153115.434
2023-05-01 14:00:00,155251.679,14,0,5,0,152101.815,158258.894,187143.003,152708.131
2023-05-01 15:00:00,149469.449,15,0,5,0,155251.679,155642.408,188221.907,152582.83
2023-05-01 16:00:00,146416.845,16,0,5,0,149469.449,151084.901,183346.024,152325.623
2023-05-01 17:00:00,144499.202,17,0,5,0,146416.845,147841.48,177584.304,152131.121
2023-05-01 18:00:00,148988.181,18,0,5,0,144499.202,151729.521,178581.337,151991.86
2023-05-01 19:00:00,158262.41,19,0,5,0,148988.181,161920.857,187155.837,151877.637
2023-05-01 20:00:00,154887.881,20,0,5,0,158262.41,161077.439,183873.094,151725.202
2023-05-01 21:00:00,151445.129,21,0,5,0,154887.881,158884.618,182050.045,151467.303
2023-05-01 22:00:00,149690.19,22,0,5,0,151445.129,159189.761,183907.91,151157.325
2023-05-01 23:00:00,146282.251,23,0,5,0,149690.19,155958.39,182484.181,150761.509
2023-05-02 00:00:00,142235.781,0,1,5,0,146282.251,151719.735,177097.697,150358.337
2023-05-02 01:00:00,139054.348,1,1,5,0,142235.781,147257.887,172269.099,149963.172
2023-05-02 02:00:00,136271.481,2,1,5,0,139054.348,144164.161,168089.893,149621.358
2023-05-02 03:00:00,135075.091,3,1,5,0,136271.481,142181.557,166128.348,149292.496
2023-05-02 04:00:00,135871.42,4,1,5,0,135075.091,141960.174,165877.652,148996.394
2023-05-02 05:00:00,141763.725,5,1,5,0,135871.42,145303.643,170499.837,148742.695
2023-05-02 06:00:00,147401.974,6,1,5,0,141763.725,148060.564,175177.143,148595.199
2023-05-02 07:00:00,150965.41,7,1,5,0,147401.974,149207.008,178199.895,148567.758
2023-05-02 08:00:00,154874.582,8,1,5,0,150965.41,151995.775,182182.246,148641.024
2023-05-02 09:00:00,160745.456,9,1,5,0,154874.582,157208.843,189444.0,148760.975
2023-05-02 10:00:00,163230.328,10,1,5,0,160745.456,158326.95,192530.034,148908.334
2023-05-02 11:00:00,167005.371,11,1,5,0,163230.328,157619.8,192844.893,149112.641
2023-05-02 12:00:00,166353.972,12,1,5,0,167005.371,156298.955,192501.435,149503.706
2023-05-02 13:00:00,162630.957,13,1,5,0,166353.972,152101.815,189493.528,149922.665
2023-05-02 14:00:00,164435.165,14,1,5,0,162630.957,155251.679,192068.967,150361.38
2023-05-02 15:00:00,163913.181,15,1,5,0,164435.165,149469.449,192214.645,150744.025
2023-05-02 16:00:00,161539.8,16,1,5,0,163913.181,146416.845,186813.274,151345.847
2023-05-02 17:00:00,160038.453,17,1,5,0,161539.8,144499.202,179961.476,151975.97
2023-05-02 18:00:00,163464.102,18,1,5,0,160038.453,148988.181,180004.445,152623.439
2023-05-02 19:00:00,171836.148,19,1,5,0,163464.102,158262.41,189426.127,153226.602
2023-05-02 20:00:00,167749.183,20,1,5,0,171836.148,154887.881,187592.328,153792.175
2023-05-02 21:00:00,163873.629,21,1,5,0,167749.183,151445.129,186432.872,154328.062
2023-05-02 22:00:00,162273.954,22,1,5,0,163873.629,149690.19,189305.2,154845.917
2023-05-02 23:00:00,158222.025,23,1,5,0,162273.954,146282.251,186528.997,155370.24
2023-05-03 00:00:00,154324.484,0,2,5,0,158222.025,142235.781,181110.085,155867.731
2023-05-03 01:00:00,150588.123,1,2,5,0,154324.484,139054.348,176067.554,156371.427
2023-05-03 02:00:00,147462.638,2,2,5,0,150588.123,136271.481,172130.024,156852.001
2023-05-03 03:00:00,145842.443,3,2,5,0,147462.638,135075.091,169329.521,157318.299
2023-05-03 04:00:00,146661.205,4,2,5,0,145842.443,135871.42,168447.538,157766.938
2023-05-03 05:00:00,151136.195,5,2,5,0,146661.205,141763.725,172042.339,158216.513
2023-05-03 06:00:00,155675.553,6,2,5,0,151136.195,147401.974,176264.258,158607.032
2023-05-03 07:00:00,159171.747,7,2,5,0,155675.553,150965.41,178478.855,158951.765
2023-05-03 08:00:00,162919.416,8,2,5,0,159171.747,154874.582,182447.934,159293.696
2023-05-03 09:00:00,168425.635,9,2,5,0,162919.416,160745.456,189314.283,159628.897
2023-05-03 10:00:00,171017.868,10,2,5,0,168425.635,163230.328,192048.582,159948.904
2023-05-03 11:00:00,170717.632,11,2,5,0,171017.868,167005.371,193552.262,160273.385
2023-05-03 12:00:00,169002.113,12,2,5,0,170717.632,166353.972,194275.274,160428.063
2023-05-03 13:00:00,163550.028,13,2,5,0,169002.113,162630.957,191605.421,160538.402
2023-05-03 14:00:00,163569.792,14,2,5,0,163550.028,164435.165,193442.051,160576.697
2023-05-03 15:00:00,163203.689,15,2,5,0,163569.792,163913.181,194771.859,160540.639
2023-05-03 16:00:00,160627.672,16,2,5,0,163203.689,161539.8,188316.658,160511.077
2023-05-03 17:00:00,158951.134,17,2,5,0,160627.672,160038.453,180853.973,160473.072
2023-05-03 18:00:00,162748.601,18,2,5,0,158951.134,163464.102,180197.639,160427.767
2023-05-03 19:00:00,170464.302,19,2,5,0,162748.601,171836.148,190336.38,160397.954
2023-05-03 20:00:00,166376.193,20,2,5,0,170464.302,167749.183,188465.821,160340.794
2023-05-03 21:00:00,162422.649,21,2,5,0,166376.193,163873.629,187835.758,160283.586
2023-05-03 22:00:00,161446.847,22,2,5,0,162422.649,162273.954,189928.046,160223.129
2023-05-03 23:00:00,157825.438,23,2,5,0,161446.847,158222.025,187065.462,160188.666
2023-05-04 00:00:00,153839.653,0,3,5,0,157825.438,154324.484,181796.93,160172.142
2023-05-04 01:00:00,150082.086,1,3,5,0,153839.653,150588.123,176767.859,160151.94
2023-05-04 02:00:00,146814.96,2,3,5,0,150082.086,147462.638,172826.37,160130.855
2023-05-04 03:00:00,144867.171,3,3,5,0,146814.96,145842.443,170246.017,160103.869
2023-05-04 04:00:00,145122.261,4,3,5,0,144867.171,146661.205,169602.443,160063.232
2023-05-04 05:00:00,150426.721,5,3,5,0,145122.261,151136.195,172888.28,159999.11
2023-05-04 06:00:00,155659.967,6,3,5,0,150426.721,155675.553,175983.16,159969.548
2023-05-04 07:00:00,158464.037,7,3,5,0,155659.967,159171.747,176670.156,159968.899
2023-05-04 08:00:00,161964.765,8,3,5,0,158464.037,162919.416,179588.756,159939.411
2023-05-04 09:00:00,168210.711,9,3,5,0,161964.765,168425.635,188494.235,159899.634
2023-05-04 10:00:00,170646.637,10,3,5,0,168210.711,171017.868,192400.729,159890.679
2023-05-04 11:00:00,171750.302,11,3,5,0,170646.637,170717.632,194783.67,159875.211
2023-05-04 12:00:00,170265.172,12,3,5,0,171750.302,169002.113,194748.514,159918.239
2023-05-04 13:00:00,166972.369,13,3,5,0,170265.172,163550.028,192097.868,159970.866
2023-05-04 14:00:00,168211.938,14,3,5,0,166972.369,163569.792,194680.028,160113.464
2023-05-04 15:00:00,168918.654,15,3,5,0,168211.938,163203.689,194916.051,160306.886
2023-05-04 16:00:00,166254.689,16,3,5,0,168918.654,160627.672,186718.422,160545.01
2023-05-04 17:00:00,164590.869,17,3,5,0,166254.689,158951.134,179832.397,160779.469
2023-05-04 18:00:00,167961.799,18,3,5,0,164590.869,162748.601,179365.443,161014.458
2023-05-04 19:00:00,177473.595,19,3,5,0,167961.799,170464.302,188052.299,161231.675
2023-05-04 20:00:00,174552.873,20,3,5,0,177473.595,166376.193,184884.475,161523.728
2023-05-04 21:00:00,171344.677,21,3,5,0,174552.873,162422.649,184072.643,161864.423
2023-05-04 22:00:00,170431.48,22,3,5,0,171344.677,161446.847,186717.661,162236.175
2023-05-04 23:00:00,166429.994,23,3,5,0,170431.48,157825.438,184078.44,162610.534
2023-05-05 00:00:00,162098.611,0,4,5,0,166429.994,153839.653,179053.298,162969.058
2023-05-05 01:00:00,157627.285,1,4,5,0,162098.611,150082.086,174116.323,163313.181
2023-05-05 02:00:00,154188.421,2,4,5,0,157627.285,146814.96,169554.382,163627.564
2023-05-05 03:00:00,152008.421,3,4,5,0,154188.421,144867.171,166922.621,163934.792
2023-05-05 04:00:00,152703.862,4,4,5,0,152008.421,145122.261,166731.329,164232.344
2023-05-05 05:00:00,157170.768,5,4,5,0,152703.862,150426.721,170063.62,164548.244
2023-05-05 06:00:00,161028.627,6,4,5,0,157170.768,155659.967,171914.668,164829.246
2023-05-05 07:00:00,163964.321,7,4,5,0,161028.627,158464.037,172246.373,165052.94
2023-05-05 08:00:00,167851.134,8,4,5,0,163964.321,161964.765,174606.59,165282.118
2023-05-05 09:00:00,174731.172,9,4,5,0,167851.134,168210.711,187363.298,165527.384
2023-05-05 10:00:00,178072.587,10,4,5,0,174731.172,170646.637,193601.428,165799.07
2023-05-05 11:00:00,180034.834,11,4,5,0,178072.587,171750.302,194715.562,166108.484
2023-05-05 12:00:00,179817.982,12,4,5,0,180034.834,170265.172,195178.754,166453.673
2023-05-05 13:00:00,175513.351,13,4,5,0,179817.982,166972.369,191312.464,166851.707
2023-05-05 14:00:00,177015.376,14,4,5,0,175513.351,168211.938,192399.193,167207.581
2023-05-05 15:00:00,176341.601,15,4,5,0,177015.376,168918.654,190177.257,167574.391
2023-05-05 16:00:00,172096.039,16,4,5,0,176341.601,166254.689,183541.208,167883.68
2023-05-05 17:00:00,169103.431,17,4,5,0,172096.039,164590.869,176960.748,168127.07
2023-05-05 18:00:00,172666.456,18,4,5,0,169103.431,167961.799,178523.314,168315.093
2023-05-05 19:00:00,182682.541,19,4,5,0,172666.456,177473.595,190261.581,168511.121
2023-05-05 20:00:00,180999.523,20,4,5,0,182682.541,174552.873,187706.675,168728.16
2023-05-05 21:00:00,178618.209,21,4,5,0,180999.523,171344.677,187184.639,168996.771
2023-05-05 22:00:00,178439.68,22,4,5,0,178618.209,170431.48,188928.0,169299.834
2023-05-05 23:00:00,174988.738,23,4,5,0,178439.68,166429.994,185578.889,169633.509
2023-05-06 00:00:00,170412.185,0,5,5,1,174988.738,162098.611,179510.79,169990.124
2023-05-06 01:00:00,166149.809,1,5,5,1,170412.185,157627.285,174557.522,170336.523
2023-05-06 02:00:00,162371.105,2,5,5,1,166149.809,154188.421,169650.425,170691.628
2023-05-06 03:00:00,159976.209,3,5,5,1,162371.105,152008.421,166683.645,171032.573
2023-05-06 04:00:00,160014.906,4,5,5,1,159976.209,152703.862,166357.705,171364.564
2023-05-06 05:00:00,163761.313,5,5,5,1,160014.906,157170.768,168460.285,171669.191
2023-05-06 06:00:00,166197.957,6,5,5,1,163761.313,161028.627,170882.95,171943.797
2023-05-06 07:00:00,166929.667,7,5,5,1,166197.957,163964.321,172911.426,172159.186
2023-05-06 08:00:00,169742.615,8,5,5,1,166929.667,167851.134,176298.119,172282.742
2023-05-06 09:00:00,174460.14,9,5,5,1,169742.615,174731.172,183460.92,172361.554
2023-05-06 10:00:00,179222.123,10,5,5,1,174460.14,178072.587,186601.627,172350.261
2023-05-06 11:00:00,181037.906,11,5,5,1,179222.123,180034.834,188247.362,172398.158
2023-05-06 12:00:00,180040.765,12,5,5,1,181037.906,179817.982,187161.172,172439.953
2023-05-06 13:00:00,176070.279,13,5,5,1,180040.765,175513.351,183218.301,172449.235
2023-05-06 14:00:00,177703.253,14,5,5,1,176070.279,177015.376,182778.201,172472.441
2023-05-06 15:00:00,177990.53,15,5,5,1,177703.253,176341.601,181522.062,172501.102
2023-05-06 16:00:00,174403.787,16,5,5,1,177990.53,172096.039,175502.54,172569.807
2023-05-06 17:00:00,171467.151,17,5,5,1,174403.787,169103.431,170666.401,172665.964
2023-05-06 18:00:00,174178.949,18,5,5,1,171467.151,172666.456,172879.485,172764.452
2023-05-06 19:00:00,183717.566,19,5,5,1,174178.949,182682.541,181808.522,172827.472
2023-05-06 20:00:00,181891.811,20,5,5,1,183717.566,180999.523,179889.27,172870.599
2023-05-06 21:00:00,180398.488,21,5,5,1,181891.811,178618.209,178580.567,172907.777
2023-05-06 22:00:00,180602.36,22,5,5,1,180398.488,178439.68,178437.086,172981.956
2023-05-06 23:00:00,177989.648,23,5,5,1,180602.36,174988.738,175325.317,173072.067
2023-05-07 00:00:00,173974.814,0,6,5,1,177989.648,170412.185,170165.848,173197.105
2023-05-07 01:00:00,169431.884,1,6,5,1,173974.814,166149.809,165444.209,173345.548
2023-05-07 02:00:00,165577.994,2,6,5,1,169431.884,162371.105,161498.534,173482.301
2023-05-07 03:00:00,162830.26,3,6,5,1,165577.994,159976.209,159111.401,173615.921
2023-05-07 04:00:00,161882.165,4,6,5,1,162830.26,160014.906,157397.23,173734.84
2023-05-07 05:00:00,162307.753,5,6,5,1,161882.165,163761.313,158815.695,173812.643
2023-05-07 06:00:00,160723.147,6,6,5,1,162307.753,166197.957,159529.615,173752.078
2023-05-07 07:00:00,159427.709,7,6,5,1,160723.147,166929.667,160379.098,173523.961
2023-05-07 08:00:00,161721.566,8,6,5,1,159427.709,169742.615,162313.394,173211.379
2023-05-07 09:00:00,165737.997,9,6,5,1,161721.566,174460.14,166478.374,172877.169
2023-05-07 10:00:00,168855.378,10,6,5,1,165737.997,179222.123,169787.156,172513.746
2023-05-07 11:00:00,171078.276,11,6,5,1,168855.378,181037.906,170856.442,172081.798
2023-05-07 12:00:00,171205.526,12,6,5,1,171078.276,180040.765,167894.054,171666.814
2023-05-07 13:00:00,169498.927,13,6,5,1,171205.526,176070.279,161877.104,171298.679
2023-05-07 14:00:00,169523.556,14,6,5,1,169498.927,177703.253,158258.894,171024.872
2023-05-07 15:00:00,169039.782,15,6,5,1,169523.556,177990.53,155642.408,170684.052
2023-05-07 16:00:00,164970.878,16,6,5,1,169039.782,174403.787,151084.901,170311.104
2023-05-07 17:00:00,161158.045,17,6,5,1,164970.878,171467.151,147841.48,169918.066
2023-05-07 18:00:00,165010.63,18,6,5,1,161158.045,174178.949,151729.521,169488.52
2023-05-07 19:00:00,176559.678,19,6,5,1,165010.63,183717.566,161920.857,169106.507
2023-05-07 20:00:00,176699.941,20,6,5,1,176559.678,181891.811,161077.439,168808.261
2023-05-07 21:00:00,177052.065,21,6,5,1,176699.941,180398.488,158884.618,168591.933
2023-05-07 22:00:00,179563.573,22,6,5,1,177052.065,180602.36,159189.761,168452.499
2023-05-07 23:00:00,177579.769,23,6,5,1,179563.573,177989.648,155958.39,168409.216
2023-05-08 00:00:00,172547.151,0,0,5,0,177579.769,173974.814,151719.735,168392.138
2023-05-08 01:00:00,168029.311,1,0,5,0,172547.151,169431.884,147257.887,168332.652
2023-05-08 02:00:00,164136.983,2,0,5,0,168029.311,165577.994,144164.161,168274.212
2023-05-08 03:00:00,161030.65,3,0,5,0,164136.983,162830.26,142181.557,168214.169
2023-05-08 04:00:00,160031.261,4,0,5,0,161030.65,161882.165,141960.174,168139.186
2023-05-08 05:00:00,162854.036,5,0,5,0,160031.261,162307.753,145303.643,168062.065
2023-05-08 06:00:00,166112.244,6,0,5,0,162854.036,160723.147,148060.564,168084.826
2023-05-08 07:00:00,167920.978,7,0,5,0,166112.244,159427.709,149207.008,168309.372
2023-05-08 08:00:00,172901.63,8,0,5,0,167920.978,161721.566,151995.775,168663.258
2023-05-08 09:00:00,180133.205,9,0,5,0,172901.63,165737.997,157208.843,169129.094
2023-05-08 10:00:00,185901.867,10,0,5,0,180133.205,168855.378,158326.95,169728.895
2023-05-08 11:00:00,188292.459,11,0,5,0,185901.867,171078.276,157619.8,170439.165
2023-05-08 12:00:00,188847.953,12,0,5,0,188292.459,171205.526,156298.955,171156.423
2023-05-08 13:00:00,186482.176,13,0,5,0,188847.953,169498.927,152101.815,171891.524
2023-05-08 14:00:00,189073.917,14,0,5,0,186482.176,169523.556,155251.679,172599.159
2023-05-08 15:00:00,189906.916,15,0,5,0,189073.917,169039.782,149469.449,173413.758
2023-05-08 16:00:00,185412.294,16,0,5,0,189906.916,164970.878,146416.845,174283.222
2023-05-08 17:00:00,180686.107,17,0,5,0,185412.294,161158.045,144499.202,175134.947
2023-05-08 18:00:00,181617.641,18,0,5,0,180686.107,165010.63,148988.181,175948.616
2023-05-08 19:00:00,189708.82,19,0,5,0,181617.641,176559.678,158262.41,176640.575
2023-05-08 20:00:00,188121.757,20,0,5,0,189708.82,176699.941,154887.881,177188.456
2023-05-08 21:00:00,187013.475,21,0,5,0,188121.757,177052.065,151445.129,177664.365
2023-05-08 22:00:00,187691.773,22,0,5,0,187013.475,179563.573,149690.19,178079.424
2023-05-08 23:00:00,185471.456,23,0,5,0,187691.773,177579.769,146282.251,178418.099
2023-05-09 00:00:00,181077.67,0,1,5,0,185471.456,172547.151,142235.781,178746.919
2023-05-09 01:00:00,177035.457,1,1,5,0,181077.67,168029.311,139054.348,179102.357
2023-05-09 02:00:00,173129.209,2,1,5,0,177035.457,164136.983,136271.481,179477.614
2023-05-09 03:00:00,170035.334,3,1,5,0,173129.209,161030.65,135075.091,179852.29
2023-05-09 04:00:00,169037.978,4,1,5,0,170035.334,160031.261,135871.42,180227.485
2023-05-09 05:00:00,170832.153,5,1,5,0,169037.978,162854.036,141763.725,180602.765
2023-05-09 06:00:00,171967.077,6,1,5,0,170832.153,166112.244,147401.974,180935.186
2023-05-09 07:00:00,173306.411,7,1,5,0,171967.077,167920.978,150965.41,181179.138
2023-05-09 08:00:00,178340.941,8,1,5,0,173306.411,172901.63,154874.582,181403.531
2023-05-09 09:00:00,186675.391,9,1,5,0,178340.941,180133.205,160745.456,181630.169
2023-05-09 10:00:00,192045.678,10,1,5,0,186675.391,185901.867,163230.328,181902.76
2023-05-09 11:00:00,194483.45,11,1,5,0,192045.678,188292.459,167005.371,182158.752
2023-05-09 12:00:00,194685.928,12,1,5,0,194483.45,188847.953,166353.972,182416.71
2023-05-09 13:00:00,191391.832,13,1,5,0,194685.928,186482.176,162630.957,182659.959
2023-05-09 14:00:00,194459.128,14,1,5,0,191391.832,189073.917,164435.165,182864.528
2023-05-09 15:00:00,194920.723,15,1,5,0,194459.128,189906.916,163913.181,183088.912
2023-05-09 16:00:00,188659.85,16,1,5,0,194920.723,185412.294,161539.8,183297.82
2023-05-09 17:00:00,182216.678,17,1,5,0,188659.85,180686.107,160038.453,183433.135
2023-05-09 18:00:00,182870.203,18,1,5,0,182216.678,181617.641,163464.102,183496.909
2023-05-09 19:00:00,192369.495,19,1,5,0,182870.203,189708.82,171836.148,183549.099
2023-05-09 20:00:00,191504.372,20,1,5,0,192369.495,188121.757,167749.183,183659.96
2023-05-09 21:00:00,191137.172,21,1,5,0,191504.372,187013.475,163873.629,183800.903
2023-05-09 22:00:00,192995.846,22,1,5,0,191137.172,187691.773,162273.954,183972.723
2023-05-09 23:00:00,190435.451,23,1,5,0,192995.846,185471.456,158222.025,184193.726
2023-05-10 00:00:00,186156.809,0,2,5,0,190435.451,181077.67,154324.484,184400.559
2023-05-10 01:00:00,181884.495,1,2,5,0,186156.809,177035.457,150588.123,184612.19
2023-05-10 02:00:00,177626.61,2,2,5,0,181884.495,173129.209,147462.638,184814.234
2023-05-10 03:00:00,174589.108,3,2,5,0,177626.61,170035.334,145842.443,185001.625
2023-05-10 04:00:00,173421.05,4,2,5,0,174589.108,169037.978,146661.205,185191.366
2023-05-10 05:00:00,175111.222,5,2,5,0,173421.05,170832.153,151136.195,185373.994
2023-05-10 06:00:00,175284.651,6,2,5,0,175111.222,171967.077,155675.553,185552.288
2023-05-10 07:00:00,176487.894,7,2,5,0,175284.651,173306.411,159171.747,185690.521
2023-05-10 08:00:00,180167.762,8,2,5,0,176487.894,178340.941,162919.416,185823.082
2023-05-10 09:00:00,189089.656,9,2,5,0,180167.762,186675.391,168425.635,185899.2
2023-05-10 10:00:00,193379.343,10,2,5,0,189089.656,192045.678,171017.868,185999.794
2023-05-10 11:00:00,195248.179,11,2,5,0,193379.343,194483.45,170717.632,186055.364
2023-05-10 12:00:00,194267.144,12,2,5,0,195248.179,194685.928,169002.113,186087.227
2023-05-10 13:00:00,191154.665,13,2,5,0,194267.144,191391.832,163550.028,186069.778
2023-05-10 14:00:00,194775.566,14,2,5,0,191154.665,194459.128,163569.792,186059.896
2023-05-10 15:00:00,195508.231,15,2,5,0,194775.566,194920.723,163203.689,186073.081
2023-05-10 16:00:00,189829.669,16,2,5,0,195508.231,188659.85,160627.672,186097.561
2023-05-10 17:00:00,183568.624,17,2,5,0,189829.669,182216.678,158951.134,186146.303
2023-05-10 18:00:00,184335.553,18,2,5,0,183568.624,182870.203,162748.601,186202.634
2023-05-10 19:00:00,195673.48,19,2,5,0,184335.553,192369.495,170464.302,186263.69
2023-05-10 20:00:00,194842.584,20,2,5,0,195673.48,191504.372,166376.193,186401.356
2023-05-10 21:00:00,194458.847,21,2,5,0,194842.584,191137.172,162422.649,186540.449
2023-05-10 22:00:00,197004.661,22,2,5,0,194458.847,192995.846,161446.847,186678.852
2023-05-10 23:00:00,195067.386,23,2,5,0,197004.661,190435.451,157825.438,186845.886
2023-05-11 00:00:00,190006.123,0,3,5,0,195067.386,186156.809,153839.653,187038.883
2023-05-11 01:00:00,184527.129,1,3,5,0,190006.123,181884.495,150082.086,187199.271
2023-05-11 02:00:00,179602.993,2,3,5,0,184527.129,177626.61,146814.96,187309.381
2023-05-11 03:00:00,176598.849,3,3,5,0,179602.993,174589.108,144867.171,187391.73
2023-05-11 04:00:00,175393.779,4,3,5,0,176598.849,173421.05,145122.261,187475.469
2023-05-11 05:00:00,176894.171,5,3,5,0,175393.779,175111.222,150426.721,187557.666
2023-05-11 06:00:00,177181.264,6,3,5,0,176894.171,175284.651,155659.967,187631.956
2023-05-11 07:00:00,178867.322,7,3,5,0,177181.264,176487.894,158464.037,187710.981
2023-05-11 08:00:00,184317.02,8,3,5,0,178867.322,180167.762,161964.765,187810.124
2023-05-11 09:00:00,192916.611,9,3,5,0,184317.02,189089.656,168210.711,187983.01
2023-05-11 10:00:00,197987.294,10,3,5,0,192916.611,193379.343,170646.637,188142.466
2023-05-11 11:00:00,198577.824,11,3,5,0,197987.294,195248.179,171750.302,188334.464
2023-05-11 12:00:00,199978.227,12,3,5,0,198577.824,194267.144,170265.172,188473.2
2023-05-11 13:00:00,196918.832,13,3,5,0,199978.227,191154.665,166972.369,188711.161
2023-05-11 14:00:00,200523.024,14,3,5,0,196918.832,194775.566,168211.938,188951.335
2023-05-11 15:00:00,201147.207,15,3,5,0,200523.024,195508.231,168918.654,189190.812
2023-05-11 16:00:00,195096.645,16,3,5,0,201147.207,189829.669,166254.689,189425.77
2023-05-11 17:00:00,188341.744,17,3,5,0,195096.645,183568.624,164590.869,189645.227
2023-05-11 18:00:00,187225.404,18,3,5,0,188341.744,184335.553,167961.799,189844.107
2023-05-11 19:00:00,197178.533,19,3,5,0,187225.404,195673.48,177473.595,189964.518
2023-05-11 20:00:00,196168.737,20,3,5,0,197178.533,194842.584,174552.873,190027.228
2023-05-11 21:00:00,196178.112,21,3,5,0,196168.737,194458.847,171344.677,190082.484
2023-05-11 22:00:00,199610.493,22,3,5,0,196178.112,197004.661,170431.48,190154.12
2023-05-11 23:00:00,198052.336,23,3,5,0,199610.493,195067.386,166429.994,190262.697
2023-05-12 00:00:00,193079.838,0,4,5,0,198052.336,190006.123,162098.611,190387.07
2023-05-12 01:00:00,187299.804,1,4,5,0,193079.838,184527.129,157627.285,190515.141
2023-05-12 02:00:00,182183.265,2,4,5,0,187299.804,179602.993,154188.421,190630.669
2023-05-12 03:00:00,178815.262,3,4,5,0,182183.265,176598.849,152008.421,190738.181
2023-05-12 04:00:00,177085.068,4,4,5,0,178815.262,175393.779,152703.862,190830.531
2023-05-12 05:00:00,178456.913,5,4,5,0,177085.068,176894.171,157170.768,190901.002
2023-05-12 06:00:00,179051.466,6,4,5,0,178456.913,177181.264,161028.627,190966.116
2023-05-12 07:00:00,180316.007,7,4,5,0,179051.466,178867.322,163964.321,191044.041
2023-05-12 08:00:00,184845.091,8,4,5,0,180316.007,184317.02,167851.134,191104.403
2023-05-12 09:00:00,194328.692,9,4,5,0,184845.091,192916.611,174731.172,191126.406
2023-05-12 10:00:00,200627.451,10,4,5,0,194328.692,197987.294,178072.587,191185.242
2023-05-12 11:00:00,202893.379,11,4,5,0,200627.451,198577.824,180034.834,191295.249
2023-05-12 12:00:00,202091.167,12,4,5,0,202893.379,199978.227,179817.982,191475.064
2023-05-12 13:00:00,200316.05,13,4,5,0,202091.167,196918.832,175513.351,191563.103
2023-05-12 14:00:00,204657.86,14,4,5,0,200316.05,200523.024,177015.376,191704.654
2023-05-12 15:00:00,206231.79,15,4,5,0,204657.86,201147.207,176341.601,191876.939
2023-05-12 16:00:00,200923.277,16,4,5,0,206231.79,195096.645,172096.039,192088.796
2023-05-12 17:00:00,192789.954,17,4,5,0,200923.277,188341.744,169103.431,192331.572
2023-05-12 18:00:00,189705.622,18,4,5,0,192789.954,187225.404,172666.456,192516.915
2023-05-12 19:00:00,200029.6,19,4,5,0,189705.622,197178.533,182682.541,192620.257
2023-05-12 20:00:00,200228.487,20,4,5,0,200029.6,196168.737,180999.523,192739.051
2023-05-12 21:00:00,199812.31,21,4,5,0,200228.487,196178.112,178618.209,192908.208
2023-05-12 22:00:00,203052.635,22,4,5,0,199812.31,199610.493,178439.68,193059.633
2023-05-12 23:00:00,201418.75,23,4,5,0,203052.635,198052.336,174988.738,193203.055
2023-05-13 00:00:00,197015.2,0,5,5,1,201418.75,193079.838,170412.185,193343.322
2023-05-13 01:00:00,191412.093,1,5,5,1,197015.2,187299.804,166149.809,193507.296
2023-05-13 02:00:00,186236.65,2,5,5,1,191412.093,182183.265,162371.105,193678.641
2023-05-13 03:00:00,182663.375,3,5,5,1,186236.65,178815.262,159976.209,193847.532
2023-05-13 04:00:00,181119.235,4,5,5,1,182663.375,177085.068,160014.906,194007.87
2023-05-13 05:00:00,181712.356,5,5,5,1,181119.235,178456.913,163761.313,194175.961
2023-05-13 06:00:00,181636.695,6,5,5,1,181712.356,179051.466,166197.957,194311.604
2023-05-13 07:00:00,182304.601,7,5,5,1,181636.695,180316.007,166929.667,194419.322
2023-05-13 08:00:00,186119.573,8,5,5,1,182304.601,184845.091,169742.615,194502.18
2023-05-13 09:00:00,194670.01,9,5,5,1,186119.573,194328.692,174460.14,194555.283
2023-05-13 10:00:00,199875.743,10,5,5,1,194670.01,200627.451,179222.123,194569.505
2023-05-13 11:00:00,203604.245,11,5,5,1,199875.743,202893.379,181037.906,194538.184
2023-05-13 12:00:00,203503.082,12,5,5,1,203604.245,202091.167,180040.765,194567.803
2023-05-13 13:00:00,202082.928,13,5,5,1,203503.082,200316.05,176070.279,194626.633
2023-05-13 14:00:00,206563.037,14,5,5,1,202082.928,204657.86,177703.253,194700.253
2023-05-13 15:00:00,206856.584,15,5,5,1,206563.037,206231.79,177990.53,194779.635
2023-05-13 16:00:00,199876.696,16,5,5,1,206856.584,200923.277,174403.787,194805.668
2023-05-13 17:00:00,191003.729,17,5,5,1,199876.696,192789.954,171467.151,194762.061
2023-05-13 18:00:00,188527.217,18,5,5,1,191003.729,189705.622,174178.949,194687.635
2023-05-13 19:00:00,198533.455,19,5,5,1,188527.217,200029.6,183717.566,194638.535
2023-05-13 20:00:00,198578.23,20,5,5,1,198533.455,200228.487,181891.811,194576.195
2023-05-13 21:00:00,199528.712,21,5,5,1,198578.23,199812.31,180398.488,194507.435
2023-05-13 22:00:00,202768.445,22,5,5,1,199528.712,203052.635,180602.36,194495.618
2023-05-13 23:00:00,200997.128,23,5,5,1,202768.445,201418.75,177989.648,194483.777
2023-05-14 00:00:00,197207.126,0,6,5,1,200997.128,197015.2,173974.814,194466.209
2023-05-14 01:00:00,191518.221,1,6,5,1,197207.126,191412.093,169431.884,194474.206
2023-05-14 02:00:00,186687.601,2,6,5,1,191518.221,186236.65,165577.994,194478.628
2023-05-14 03:00:00,182534.412,3,6,5,1,186687.601,182663.375,162830.26,194497.418
2023-05-14 04:00:00,179908.957,4,6,5,1,182534.412,181119.235,161882.165,194492.044
2023-05-14 05:00:00,179291.223,5,6,5,1,179908.957,181712.356,162307.753,194441.616
2023-05-14 06:00:00,177320.153,6,6,5,1,179291.223,181636.695,160723.147,194340.735
2023-05-14 07:00:00,174858.841,7,6,5,1,177320.153,182304.601,159427.709,194160.88
2023-05-14 08:00:00,175545.316,8,6,5,1,174858.841,186119.573,161721.566,193850.64
2023-05-14 09:00:00,180967.57,9,6,5,1,175545.316,194670.01,165737.997,193410.045
2023-05-14 10:00:00,187384.246,10,6,5,1,180967.57,199875.743,168855.378,192839.11
2023-05-14 11:00:00,190487.438,11,6,5,1,187384.246,203604.245,171078.276,192318.631
2023-05-14 12:00:00,190341.252,12,6,5,1,190487.438,203503.082,171205.526,191772.098
2023-05-14 13:00:00,190766.283,13,6,5,1,190341.252,202082.928,169498.927,191223.688
2023-05-14 14:00:00,195033.689,14,6,5,1,190766.283,206563.037,169523.556,190752.161
2023-05-14 15:00:00,196142.632,15,6,5,1,195033.689,206856.584,169039.782,190271.772
2023-05-14 16:00:00,189165.865,16,6,5,1,196142.632,199876.696,164970.878,189825.357
2023-05-14 17:00:00,179362.906,17,6,5,1,189165.865,191003.729,161158.045,189379.073
2023-05-14 18:00:00,176112.136,18,6,5,1,179362.906,188527.217,165010.63,188894.038
2023-05-14 19:00:00,187362.465,19,6,5,1,176112.136,198533.455,176559.678,188376.743
2023-05-14 20:00:00,189315.555,20,6,5,1,187362.465,198578.23,176699.941,187911.285
2023-05-14 21:00:00,190806.225,21,6,5,1,189315.555,199528.712,177052.065,187525.34
2023-05-14 22:00:00,194975.896,22,6,5,1,190806.225,202768.445,179563.573,187161.904
2023-05-14 23:00:00,194210.666,23,6,5,1,194975.896,200997.128,177579.769,186837.214
2023-05-15 00:00:00,189483.384,0,0,5,0,194210.666,197207.126,172547.151,186554.445
2023-05-15 01:00:00,183120.251,1,0,5,0,189483.384,191518.221,168029.311,186232.622
2023-05-15 02:00:00,178532.123,2,0,5,0,183120.251,186687.601,164136.983,185882.707
2023-05-15 03:00:00,175333.49,3,0,5,0,178532.123,182534.412,161030.65,185542.895
2023-05-15 04:00:00,174866.642,4,0,5,0,175333.49,179908.957,160031.261,185242.857
2023-05-15 05:00:00,176771.618,5,0,5,0,174866.642,179291.223,162854.036,185032.76
2023-05-15 06:00:00,177762.162,6,0,5,0,176771.618,177320.153,166112.244,184927.777
2023-05-15 07:00:00,180674.217,7,0,5,0,177762.162,174858.841,167920.978,184946.194
2023-05-15 08:00:00,186608.011,8,0,5,0,180674.217,175545.316,172901.63,185188.501
2023-05-15 09:00:00,195289.716,9,0,5,0,186608.011,180967.57,180133.205,185649.447
2023-05-15 10:00:00,201659.794,10,0,5,0,195289.716,187384.246,185901.867,186246.203
2023-05-15 11:00:00,204910.622,11,0,5,0,201659.794,190487.438,188292.459,186841.017
2023-05-15 12:00:00,204391.685,12,0,5,0,204910.622,190341.252,188847.953,187441.983
2023-05-15 13:00:00,205132.113,13,0,5,0,204391.685,190766.283,186482.176,188027.418
2023-05-15 14:00:00,208754.243,14,0,5,0,205132.113,195033.689,189073.917,188625.994
2023-05-15 15:00:00,211306.353,15,0,5,0,208754.243,196142.632,189906.916,189197.684
2023-05-15 16:00:00,205248.295,16,0,5,0,211306.353,189165.865,185412.294,189829.506
2023-05-15 17:00:00,194841.41,17,0,5,0,205248.295,179362.906,180686.107,190499.607
2023-05-15 18:00:00,189693.795,18,0,5,0,194841.41,176112.136,181617.641,191144.545
2023-05-15 19:00:00,199281.904,19,0,5,0,189693.795,187362.465,189708.82,191710.447
2023-05-15 20:00:00,200836.572,20,0,5,0,199281.904,189315.555,188121.757,192207.09
2023-05-15 21:00:00,201233.821,21,0,5,0,200836.572,190806.225,187013.475,192687.133
2023-05-15 22:00:00,203231.4,22,0,5,0,201233.821,194975.896,187691.773,193121.616
2023-05-15 23:00:00,199936.352,23,0,5,0,203231.4,194210.666,185471.456,193465.595
2023-05-16 00:00:00,195461.27,0,1,5,0,199936.352,189483.384,181077.67,193704.166
2023-05-16 01:00:00,189928.081,1,1,5,0,195461.27,183120.251,177035.457,193953.244
2023-05-16 02:00:00,184447.87,2,1,5,0,189928.081,178532.123,173129.209,194236.904
2023-05-16 03:00:00,179462.895,3,1,5,0,184447.87,175333.49,170035.334,194483.393
2023-05-16 04:00:00,178045.162,4,1,5,0,179462.895,174866.642,169037.978,194655.452
2023-05-16 05:00:00,179998.179,5,1,5,0,178045.162,176771.618,170832.153,194787.89
2023-05-16 06:00:00,181536.922,6,1,5,0,179998.179,177762.162,171967.077,194922.33
2023-05-16 07:00:00,184105.746,7,1,5,0,181536.922,180674.217,173306.411,195079.612
2023-05-16 08:00:00,189667.981,8,1,5,0,184105.746,186608.011,178340.941,195222.592
2023-05-16 09:00:00,199177.93,9,1,5,0,189667.981,195289.716,186675.391,195350.091
2023-05-16 10:00:00,204848.924,10,1,5,0,199177.93,201659.794,192045.678,195512.1
2023-05-16 11:00:00,208053.946,11,1,5,0,204848.924,204910.622,194483.45,195644.98
2023-05-16 12:00:00,209492.886,12,1,5,0,208053.946,204391.685,194685.928,195775.952
2023-05-16 13:00:00,208801.281,13,1,5,0,209492.886,205132.113,191391.832,195988.502
2023-05-16 14:00:00,212080.045,14,1,5,0,208801.281,208754.243,194459.128,196141.384
2023-05-16 15:00:00,213401.875,15,1,5,0,212080.045,211306.353,194920.723,196279.959
2023-05-16 16:00:00,206004.992,16,1,5,0,213401.875,205248.295,188659.85,196367.273
2023-05-16 17:00:00,196756.35,17,1,5,0,206004.992,194841.41,182216.678,196398.802
2023-05-16 18:00:00,191778.349,18,1,5,0,196756.35,189693.795,182870.203,196478.591
2023-05-16 19:00:00,201863.352,19,1,5,0,191778.349,199281.904,192369.495,196565.447
2023-05-16 20:00:00,203313.09,20,1,5,0,201863.352,200836.572,191504.372,196673.008
2023-05-16 21:00:00,203935.266,21,1,5,0,203313.09,201233.821,191137.172,196776.196
2023-05-16 22:00:00,206208.701,22,1,5,0,203935.266,203231.4,192995.846,196888.756
2023-05-16 23:00:00,204141.993,23,1,5,0,206208.701,199936.352,190435.451,197012.81
2023-05-17 00:00:00,200836.952,0,2,5,0,204141.993,195461.27,186156.809,197188.045
2023-05-17 01:00:00,197465.874,1,2,5,0,200836.952,189928.081,181884.495,197412.032
2023-05-17 02:00:00,194539.515,2,2,5,0,197465.874,184447.87,177626.61,197726.107
2023-05-17 03:00:00,190835.25,3,2,5,0,194539.515,179462.895,174589.108,198146.592
2023-05-17 04:00:00,188664.2,4,2,5,0,190835.25,178045.162,173421.05,198620.44
2023-05-17 05:00:00,189612.857,5,2,5,0,188664.2,179998.179,175111.222,199062.9
2023-05-17 06:00:00,188339.905,6,2,5,0,189612.857,181536.922,175284.651,199463.512
2023-05-17 07:00:00,189940.08,7,2,5,0,188339.905,184105.746,176487.894,199746.969
2023-05-17 08:00:00,195410.27,8,2,5,0,189940.08,189667.981,180167.762,199990.066
2023-05-17 09:00:00,204183.07,9,2,5,0,195410.27,199177.93,189089.656,200229.328
2023-05-17 10:00:00,209260.357,10,2,5,0,204183.07,204848.924,193379.343,200437.876
2023-05-17 11:00:00,212309.075,11,2,5,0,209260.357,208053.946,195248.179,200621.686
2023-05-17 12:00:00,213645.27,12,2,5,0,212309.075,209492.886,194267.144,200798.983
2023-05-17 13:00:00,214061.354,13,2,5,0,213645.27,208801.281,191154.665,200971.999
2023-05-17 14:00:00,218824.537,14,2,5,0,214061.354,212080.045,194775.566,201191.168
2023-05-17 15:00:00,217641.763,15,2,5,0,218824.537,213401.875,195508.231,201472.189
2023-05-17 16:00:00,209160.494,16,2,5,0,217641.763,206004.992,189829.669,201648.851
2023-05-17 17:00:00,200073.448,17,2,5,0,209160.494,196756.35,183568.624,201780.33
2023-05-17 18:00:00,193898.104,18,2,5,0,200073.448,191778.349,184335.553,201918.543
2023-05-17 19:00:00,201316.563,19,2,5,0,193898.104,201863.352,195673.48,202006.866
2023-05-17 20:00:00,201112.896,20,2,5,0,201316.563,203313.09,194842.584,201984.083
2023-05-17 21:00:00,201399.736,21,2,5,0,201112.896,203935.266,194458.847,201892.408
2023-05-17 22:00:00,203732.007,22,2,5,0,201399.736,206208.701,197004.661,201786.761
2023-05-17 23:00:00,201395.7,23,2,5,0,203732.007,204141.993,195067.386,201683.565
2023-05-18 00:00:00,197165.153,0,3,5,0,201395.7,200836.952,190006.123,201569.137
2023-05-18 01:00:00,186446.842,1,3,5,0,197165.153,197465.874,184527.129,201416.145
2023-05-18 02:00:00,177770.653,2,3,5,0,186446.842,194539.515,179602.993,200957.019
2023-05-18 03:00:00,172629.38,3,3,5,0,177770.653,190835.25,176598.849,200258.316
2023-05-18 04:00:00,170115.807,4,3,5,0,172629.38,188664.2,175393.779,199499.738
2023-05-18 05:00:00,171757.938,5,3,5,0,170115.807,189612.857,176894.171,198726.888
2023-05-18 06:00:00,172305.432,6,3,5,0,171757.938,188339.905,177181.264,197982.933
2023-05-18 07:00:00,174136.179,7,3,5,0,172305.432,189940.08,178867.322,197314.83
2023-05-18 08:00:00,180479.235,8,3,5,0,174136.179,195410.27,184317.02,196656.334
2023-05-18 09:00:00,191206.82,9,3,5,0,180479.235,204183.07,192916.611,196034.208
2023-05-18 10:00:00,199624.507,10,3,5,0,191206.82,209260.357,197987.294,195493.531
2023-05-18 11:00:00,205834.053,11,3,5,0,199624.507,212309.075,198577.824,195092.037
2023-05-18 12:00:00,208312.519,12,3,5,0,205834.053,213645.27,199978.227,194822.245
2023-05-18 13:00:00,207522.225,13,3,5,0,208312.519,214061.354,196918.832,194600.047
2023-05-18 14:00:00,211407.409,14,3,5,0,207522.225,218824.537,200523.024,194327.583
2023-05-18 15:00:00,208997.836,15,3,5,0,211407.409,217641.763,201147.207,194018.536
2023-05-18 16:00:00,206299.159,16,3,5,0,208997.836,209160.494,195096.645,193658.372
2023-05-18 17:00:00,197087.426,17,3,5,0,206299.159,200073.448,188341.744,193539.15
2023-05-18 18:00:00,191701.067,18,3,5,0,197087.426,193898.104,187225.404,193414.732
2023-05-18 19:00:00,200069.943,19,3,5,0,191701.067,201316.563,197178.533,193323.189
2023-05-18 20:00:00,201830.255,20,3,5,0,200069.943,201112.896,196168.737,193271.247
2023-05-18 21:00:00,202267.297,21,3,5,0,201830.255,201399.736,196178.112,193301.137
2023-05-18 22:00:00,204444.598,22,3,5,0,202267.297,203732.007,199610.493,193337.285
2023-05-18 23:00:00,202015.434,23,3,5,0,204444.598,201395.7,198052.336,193366.976
2023-05-19 00:00:00,198768.032,0,4,5,0,202015.434,197165.153,193079.838,193392.799
2023-05-19 01:00:00,195600.891,1,4,5,0,198768.032,186446.842,187299.804,193459.585
2023-05-19 02:00:00,192256.826,2,4,5,0,195600.891,177770.653,182183.265,193841.004
2023-05-19 03:00:00,188987.923,3,4,5,0,192256.826,172629.38,178815.262,194444.594
2023-05-19 04:00:00,187467.803,4,4,5,0,188987.923,170115.807,177085.068,195126.2
2023-05-19 05:00:00,188096.151,5,4,5,0,187467.803,171757.938,178456.913,195849.2
2023-05-19 06:00:00,187429.16,6,4,5,0,188096.151,172305.432,179051.466,196529.959
2023-05-19 07:00:00,188256.767,7,4,5,0,187429.16,174136.179,180316.007,197160.114
2023-05-19 08:00:00,192826.438,8,4,5,0,188256.767,180479.235,184845.091,197748.472
2023-05-19 09:00:00,202415.749,9,4,5,0,192826.438,191206.82,194328.692,198262.939
2023-05-19 10:00:00,208496.488,10,4,5,0,202415.749,199624.507,200627.451,198729.978
2023-05-19 11:00:00,212808.808,11,4,5,0,208496.488,205834.053,202893.379,199099.644
2023-05-19 12:00:00,214319.881,12,4,5,0,212808.808,208312.519,202091.167,199390.258
2023-05-19 13:00:00,212245.161,13,4,5,0,214319.881,207522.225,200316.05,199640.565
2023-05-19 14:00:00,215250.936,14,4,5,0,212245.161,211407.409,204657.86,199837.354
2023-05-19 15:00:00,216133.395,15,4,5,0,215250.936,208997.836,206231.79,199997.501
2023-05-19 16:00:00,207863.862,16,4,5,0,216133.395,206299.159,200923.277,200294.816
2023-05-19 17:00:00,197800.709,17,4,5,0,207863.862,197087.426,192789.954,200360.012
2023-05-19 18:00:00,191532.959,18,4,5,0,197800.709,191701.067,189705.622,200389.732
2023-05-19 19:00:00,200254.958,19,4,5,0,191532.959,200069.943,200029.6,200382.728
2023-05-19 20:00:00,201553.408,20,4,5,0,200254.958,201830.255,200228.487,200390.437
2023-05-19 21:00:00,203736.699,21,4,5,0,201553.408,202267.297,199812.31,200378.901
2023-05-19 22:00:00,207491.114,22,4,5,0,203736.699,204444.598,203052.635,200440.126
2023-05-19 23:00:00,205563.941,23,4,5,0,207491.114,202015.434,201418.75,200567.065
2023-05-20 00:00:00,202317.47,0,5,5,1,205563.941,198768.032,197015.2,200714.919
2023-05-20 01:00:00,197857.834,1,5,5,1,202317.47,195600.891,191412.093,200862.812
2023-05-20 02:00:00,193143.425,2,5,5,1,197857.834,192256.826,186236.65,200956.852
2023-05-20 03:00:00,189581.269,3,5,5,1,193143.425,188987.923,182663.375,200993.793
2023-05-20 04:00:00,187435.021,4,5,5,1,189581.269,187467.803,181119.235,201018.516
2023-05-20 05:00:00,188394.888,5,5,5,1,187435.021,188096.151,181712.356,201017.15
2023-05-20 06:00:00,187207.643,6,5,5,1,188394.888,187429.16,181636.695,201029.598
2023-05-20 07:00:00,187293.612,7,5,5,1,187207.643,188256.767,182304.601,201020.368
2023-05-20 08:00:00,191854.315,8,5,5,1,187293.612,192826.438,186119.573,200980.236
2023-05-20 09:00:00,201153.145,9,5,5,1,191854.315,202415.749,194670.01,200939.731
2023-05-20 10:00:00,208047.532,10,5,5,1,201153.145,208496.488,199875.743,200887.123
2023-05-20 11:00:00,212308.882,11,5,5,1,208047.532,212808.808,203604.245,200868.416
2023-05-20 12:00:00,213948.651,12,5,5,1,212308.882,214319.881,203503.082,200847.586
2023-05-20 13:00:00,213059.224,13,5,5,1,213948.651,212245.161,202082.928,200832.118
2023-05-20 14:00:00,216161.194,14,5,5,1,213059.224,215250.936,206563.037,200866.037
2023-05-20 15:00:00,215852.59,15,5,5,1,216161.194,216133.395,206856.584,200903.965
2023-05-20 16:00:00,209364.795,16,5,5,1,215852.59,207863.862,199876.696,200892.264
2023-05-20 17:00:00,199237.775,17,5,5,1,209364.795,197800.709,191003.729,200954.803
2023-05-20 18:00:00,193435.992,18,5,5,1,199237.775,191532.959,188527.217,201014.681
2023-05-20 19:00:00,202257.411,19,5,5,1,193435.992,200254.958,198533.455,201093.974
2023-05-20 20:00:00,204179.045,20,5,5,1,202257.411,201553.408,198578.23,201177.41
2023-05-20 21:00:00,205850.038,21,5,5,1,204179.045,203736.699,199528.712,201286.811
2023-05-20 22:00:00,210739.622,22,5,5,1,205850.038,207491.114,202768.445,201374.867
2023-05-20 23:00:00,209479.846,23,5,5,1,210739.622,205563.941,200997.128,201510.221
2023-05-21 00:00:00,205712.391,0,6,5,1,209479.846,202317.47,197207.126,201673.384
2023-05-21 01:00:00,200885.58,1,6,5,1,205712.391,197857.834,191518.221,201814.839
2023-05-21 02:00:00,196476.671,2,6,5,1,200885.58,193143.425,186687.601,201940.995
2023-05-21 03:00:00,192603.148,3,6,5,1,196476.671,189581.269,182534.412,202079.88
2023-05-21 04:00:00,190310.729,4,6,5,1,192603.148,187435.021,179908.957,202205.792
2023-05-21 05:00:00,189412.445,5,6,5,1,190310.729,188394.888,179291.223,202325.613
2023-05-21 06:00:00,185997.637,6,6,5,1,189412.445,187207.643,177320.153,202368.012
2023-05-21 07:00:00,185017.451,7,6,5,1,185997.637,187293.612,174858.841,202317.595
2023-05-21 08:00:00,187386.655,8,6,5,1,185017.451,191854.315,175545.316,202222.755
2023-05-21 09:00:00,193004.047,9,6,5,1,187386.655,201153.145,180967.57,202036.602
2023-05-21 10:00:00,197050.64,10,6,5,1,193004.047,208047.532,187384.246,201697.056
2023-05-21 11:00:00,200885.834,11,6,5,1,197050.64,212308.882,190487.438,201238.852
2023-05-21 12:00:00,202122.998,12,6,5,1,200885.834,213948.651,190341.252,200762.892
2023-05-21 13:00:00,202638.975,13,6,5,1,202122.998,213059.224,190766.283,200270.157
2023-05-21 14:00:00,206238.965,14,6,5,1,202638.975,216161.194,195033.689,199835.98
2023-05-21 15:00:00,204170.985,15,6,5,1,206238.965,215852.59,196142.632,199422.553
2023-05-21 16:00:00,195685.38,16,6,5,1,204170.985,209364.795,189165.865,198935.82
2023-05-21 17:00:00,185386.13,17,6,5,1,195685.38,199237.775,179362.906,198365.844
2023-05-21 18:00:00,181195.063,18,6,5,1,185386.13,193435.992,176112.136,197788.692
2023-05-21 19:00:00,188786.276,19,6,5,1,181195.063,202257.411,187362.465,197278.654
2023-05-21 20:00:00,193270.37,20,6,5,1,188786.276,204179.045,189315.555,196717.356
2023-05-21 21:00:00,197280.364,21,6,5,1,193270.37,205850.038,190806.225,196262.828
2023-05-21 22:00:00,202733.409,22,6,5,1,197280.364,210739.622,194975.896,195905.758
2023-05-21 23:00:00,201909.1,23,6,5,1,202733.409,209479.846,194210.666,195572.166
2023-05-22 00:00:00,197965.403,0,0,5,0,201909.1,205712.391,189483.384,195256.718
2023-05-22 01:00:00,193144.559,1,0,5,0,197965.403,200885.58,183120.251,194933.927
2023-05-22 02:00:00,187928.988,2,0,5,0,193144.559,196476.671,178532.123,194611.385
2023-05-22 03:00:00,183823.46,3,0,5,0,187928.988,192603.148,175333.49,194255.231
2023-05-22 04:00:00,181440.45,4,0,5,0,183823.46,190310.729,174866.642,193889.411
2023-05-22 05:00:00,181659.143,5,0,5,0,181440.45,189412.445,176771.618,193519.816
2023-05-22 06:00:00,181278.11,6,0,5,0,181659.143,185997.637,177762.162,193196.762
2023-05-22 07:00:00,183869.365,7,0,5,0,181278.11,185017.451,180674.217,193000.115
2023-05-22 08:00:00,190808.929,8,0,5,0,183869.365,187386.655,186608.011,192952.278
2023-05-22 09:00:00,200074.354,9,0,5,0,190808.929,193004.047,195289.716,193094.873
2023-05-22 10:00:00,206418.088,10,0,5,0,200074.354,197050.64,201659.794,193389.469
2023-05-22 11:00:00,211183.149,11,0,5,0,206418.088,200885.834,204910.622,193779.779
2023-05-22 12:00:00,213141.576,12,0,5,0,211183.149,202122.998,204391.685,194208.834
2023-05-22 13:00:00,213181.187,13,0,5,0,213141.576,202638.975,205132.113,194667.941
2023-05-22 14:00:00,219083.65,14,0,5,0,213181.187,206238.965,208754.243,195107.2
2023-05-22 15:00:00,218810.414,15,0,5,0,219083.65,204170.985,211306.353,195642.395
2023-05-22 16:00:00,212465.107,16,0,5,0,218810.414,195685.38,205248.295,196252.372
2023-05-22 17:00:00,200554.9,17,0,5,0,212465.107,185386.13,194841.41,196951.527
2023-05-22 18:00:00,194769.388,18,0,5,0,200554.9,181195.063,189693.795,197583.559
2023-05-22 19:00:00,202640.414,19,0,5,0,194769.388,188786.276,199281.904,198149.156
2023-05-22 20:00:00,203993.096,20,0,5,0,202640.414,193270.37,200836.572,198726.412
2023-05-22 21:00:00,205815.362,21,0,5,0,203993.096,197280.364,201233.821,199173.192
2023-05-22 22:00:00,208439.657,22,0,5,0,205815.362,202733.409,203231.4,199528.817
2023-05-22 23:00:00,206836.388,23,0,5,0,208439.657,201909.1,199936.352,199766.577
2023-05-23 00:00:00,204612.289,0,1,5,0,206836.388,197965.403,195461.27,199971.881
2023-05-23 01:00:00,200995.344,1,1,5,0,204612.289,193144.559,189928.081,200248.834
2023-05-23 02:00:00,195152.466,2,1,5,0,200995.344,187928.988,184447.87,200575.95
2023-05-23 03:00:00,190184.424,3,1,5,0,195152.466,183823.46,179462.895,200876.929
2023-05-23 04:00:00,187453.348,4,1,5,0,190184.424,181440.45,178045.162,201141.969
2023-05-23 05:00:00,187375.922,5,1,5,0,187453.348,181659.143,179998.179,201392.506
2023-05-23 06:00:00,186124.129,6,1,5,0,187375.922,181278.11,181536.922,201630.705
2023-05-23 07:00:00,187187.488,7,1,5,0,186124.129,183869.365,184105.746,201832.623
2023-05-23 08:00:00,192673.565,8,1,5,0,187187.488,190808.929,189667.981,201970.878
2023-05-23 09:00:00,202247.714,9,1,5,0,192673.565,200074.354,199177.93,202048.571
2023-05-23 10:00:00,209418.95,10,1,5,0,202247.714,206418.088,204848.924,202139.128
2023-05-23 11:00:00,213126.456,11,1,5,0,209418.95,211183.149,208053.946,202264.164
2023-05-23 12:00:00,215500.277,12,1,5,0,213126.456,213141.576,209492.886,202345.135
2023-05-23 13:00:00,216537.142,13,1,5,0,215500.277,213181.187,208801.281,202443.414
2023-05-23 14:00:00,219710.447,14,1,5,0,216537.142,219083.65,212080.045,202583.245
2023-05-23 15:00:00,219147.066,15,1,5,0,219710.447,218810.414,213401.875,202609.362
2023-05-23 16:00:00,209816.137,16,1,5,0,219147.066,212465.107,206004.992,202623.389
2023-05-23 17:00:00,196316.292,17,1,5,0,209816.137,200554.9,196756.35,202513.015
2023-05-23 18:00:00,190889.821,18,1,5,0,196316.292,194769.388,191778.349,202336.407
2023-05-23 19:00:00,197564.166,19,1,5,0,190889.821,202640.414,201863.352,202174.758
2023-05-23 20:00:00,200262.238,20,1,5,0,197564.166,203993.096,203313.09,201963.248
2023-05-23 21:00:00,200649.026,21,1,5,0,200262.238,205815.362,203935.266,201807.795
2023-05-23 22:00:00,205788.646,22,1,5,0,200649.026,208439.657,206208.701,201592.531
2023-05-23 23:00:00,202378.025,23,1,5,0,205788.646,206836.388,204141.993,201482.073
2023-05-24 00:00:00,196960.394,0,2,5,0,202378.025,204612.289,200836.952,201296.307
2023-05-24 01:00:00,190425.009,1,2,5,0,196960.394,200995.344,197465.874,200977.478
2023-05-24 02:00:00,184054.593,2,2,5,0,190425.009,195152.466,194539.515,200537.048
2023-05-24 03:00:00,179931.158,3,2,5,0,184054.593,190184.424,190835.25,200074.636
2023-05-24 04:00:00,177758.925,4,2,5,0,179931.158,187453.348,188664.2,199647.417
2023-05-24 05:00:00,178205.192,5,2,5,0,177758.925,187375.922,189612.857,199243.483
2023-05-24 06:00:00,177320.87,6,2,5,0,178205.192,186124.129,188339.905,198861.369
2023-05-24 07:00:00,179142.886,7,2,5,0,177320.87,187187.488,189940.08,198494.567
2023-05-24 08:00:00,186241.546,8,2,5,0,179142.886,192673.565,195410.27,198159.375
2023-05-24 09:00:00,196515.749,9,2,5,0,186241.546,202247.714,204183.07,197891.374
2023-05-24 10:00:00,200265.424,10,2,5,0,196515.749,209418.95,209260.357,197652.542
2023-05-24 11:00:00,203527.653,11,2,5,0,200265.424,213126.456,212309.075,197271.145
2023-05-24 12:00:00,204226.509,12,2,5,0,203527.653,215500.277,213645.27,196871.195
2023-05-24 13:00:00,205813.134,13,2,5,0,204226.509,216537.142,214061.354,196401.455
2023-05-24 14:00:00,209465.403,14,2,5,0,205813.134,219710.447,218824.537,195954.621
2023-05-24 15:00:00,208804.119,15,2,5,0,209465.403,219147.066,217641.763,195527.744
2023-05-24 16:00:00,200591.437,16,2,5,0,208804.119,209816.137,209160.494,195096.788
2023-05-24 17:00:00,191365.509,17,2,5,0,200591.437,196316.292,200073.448,194712.426
2023-05-24 18:00:00,187098.329,18,2,5,0,191365.509,190889.821,193898.104,194506.143
2023-05-24 19:00:00,196143.024,19,2,5,0,187098.329,197564.166,201316.563,194348.164
2023-05-24 20:00:00,196551.751,20,2,5,0,196143.024,200262.238,201112.896,194288.95
2023-05-24 21:00:00,195172.728,21,2,5,0,196551.751,200649.026,201399.736,194134.346
2023-05-24 22:00:00,197060.411,22,2,5,0,195172.728,205788.646,203732.007,193906.167
2023-05-24 23:00:00,194744.751,23,2,5,0,197060.411,202378.025,201395.7,193542.491
2023-05-25 00:00:00,188807.573,0,3,5,0,194744.751,196960.394,197165.153,193224.438
2023-05-25 01:00:00,183483.343,1,3,5,0,188807.573,190425.009,186446.842,192884.737
2023-05-25 02:00:00,178733.002,2,3,5,0,183483.343,184054.593,177770.653,192595.501
2023-05-25 03:00:00,174708.939,3,3,5,0,178733.002,179931.158,172629.38,192373.768
2023-05-25 04:00:00,173209.773,4,3,5,0,174708.939,177758.925,170115.807,192156.175
2023-05-25 05:00:00,174381.62,5,3,5,0,173209.773,178205.192,171757.938,191966.627
2023-05-25 06:00:00,173198.993,6,3,5,0,174381.62,177320.87,172305.432,191807.312
2023-05-25 07:00:00,174785.327,7,3,5,0,173198.993,179142.886,174136.179,191635.567
2023-05-25 08:00:00,179591.35,8,3,5,0,174785.327,186241.546,180479.235,191454.002
2023-05-25 09:00:00,190408.183,9,3,5,0,179591.35,196515.749,191206.82,191176.91
2023-05-25 10:00:00,197360.072,10,3,5,0,190408.183,200265.424,199624.507,190922.429
2023-05-25 11:00:00,201645.927,11,3,5,0,197360.072,203527.653,205834.053,190801.372
2023-05-25 12:00:00,201348.368,12,3,5,0,201645.927,204226.509,208312.519,190722.967
2023-05-25 13:00:00,198806.989,13,3,5,0,201348.368,205813.134,207522.225,190603.044
2023-05-25 14:00:00,201508.602,14,3,5,0,198806.989,209465.403,211407.409,190311.122
2023-05-25 15:00:00,201463.302,15,3,5,0,201508.602,208804.119,208997.836,189979.588
2023-05-25 16:00:00,193887.844,16,3,5,0,201463.302,200591.437,206299.159,189673.721
2023-05-25 17:00:00,183175.004,17,3,5,0,193887.844,191365.509,197087.426,189394.405
2023-05-25 18:00:00,179524.431,18,3,5,0,183175.004,187098.329,191701.067,189053.134
2023-05-25 19:00:00,186404.117,19,3,5,0,179524.431,196143.024,200069.943,188737.554
2023-05-25 20:00:00,185718.963,20,3,5,0,186404.117,196551.751,201830.255,188331.767
2023-05-25 21:00:00,183130.586,21,3,5,0,185718.963,195172.728,202267.297,187880.4
2023-05-25 22:00:00,185594.678,22,3,5,0,183130.586,197060.411,204444.598,187378.645
2023-05-25 23:00:00,183402.235,23,3,5,0,185594.678,194744.751,202015.434,186900.906
2023-05-26 00:00:00,177730.331,0,4,5,0,183402.235,188807.573,198768.032,186428.301
2023-05-26 01:00:00,171897.052,1,4,5,0,177730.331,183483.343,195600.891,185966.749
2023-05-26 02:00:00,166024.391,2,4,5,0,171897.052,178733.002,192256.826,185483.987
2023-05-26 03:00:00,162723.377,3,4,5,0,166024.391,174708.939,188987.923,184954.462
2023-05-26 04:00:00,161032.87,4,4,5,0,162723.377,173209.773,187467.803,184455.063
2023-05-26 05:00:00,163162.438,5,4,5,0,161032.87,174381.62,188096.151,183947.692
2023-05-26 06:00:00,165017.957,6,4,5,0,163162.438,173198.993,187429.16,183480.226
2023-05-26 07:00:00,167625.231,7,4,5,0,165017.957,174785.327,188256.767,183139.35
2023-05-26 08:00:00,171782.317,8,4,5,0,167625.231,179591.35,192826.438,182841.012
2023-05-26 09:00:00,180191.981,9,4,5,0,171782.317,190408.183,202415.749,182515.636
2023-05-26 10:00:00,184455.848,10,4,5,0,180191.981,197360.072,208496.488,182089.961
2023-05-26 11:00:00,187043.86,11,4,5,0,184455.848,201645.927,212808.808,181552.285
2023-05-26 12:00:00,188725.032,12,4,5,0,187043.86,201348.368,214319.881,180943.866
2023-05-26 13:00:00,187388.344,13,4,5,0,188725.032,198806.989,212245.161,180417.893
2023-05-26 14:00:00,193416.72,14,4,5,0,187388.344,201508.602,215250.936,179942.116
2023-05-26 15:00:00,195619.722,15,4,5,0,193416.72,201463.302,216133.395,179604.955
2023-05-26 16:00:00,190765.294,16,4,5,0,195619.722,193887.844,207863.862,179361.472
2023-05-26 17:00:00,181910.979,17,4,5,0,190765.294,183175.004,197800.709,179231.366
2023-05-26 18:00:00,177970.562,18,4,5,0,181910.979,179524.431,191532.959,179178.698
2023-05-26 19:00:00,187221.223,19,4,5,0,177970.562,186404.117,200254.958,179113.954
2023-05-26 20:00:00,188548.972,20,4,5,0,187221.223,185718.963,201553.408,179148.0
2023-05-26 21:00:00,189817.603,21,4,5,0,188548.972,183130.586,203736.699,179265.917
2023-05-26 22:00:00,193752.991,22,4,5,0,189817.603,185594.678,207491.114,179544.542
2023-05-26 23:00:00,192423.742,23,4,5,0,193752.991,183402.235,205563.941,179884.472
2023-05-27 00:00:00,187490.657,0,5,5,1,192423.742,177730.331,202317.47,180260.368
2023-05-27 01:00:00,181746.266,1,5,5,1,187490.657,171897.052,197857.834,180667.048
2023-05-27 02:00:00,176580.047,2,5,5,1,181746.266,166024.391,193143.425,181077.432
2023-05-27 03:00:00,172567.674,3,5,5,1,176580.047,162723.377,189581.269,181517.251
2023-05-27 04:00:00,170304.804,4,5,5,1,172567.674,161032.87,187435.021,181927.43
2023-05-27 05:00:00,169953.954,5,5,5,1,170304.804,163162.438,188394.888,182313.761
2023-05-27 06:00:00,168079.315,6,5,5,1,169953.954,165017.957,187207.643,182596.741
2023-05-27 07:00:00,166734.999,7,5,5,1,168079.315,167625.231,187293.612,182724.297
2023-05-27 08:00:00,167819.674,8,5,5,1,166734.999,171782.317,191854.315,182687.204
2023-05-27 09:00:00,174187.763,9,5,5,1,167819.674,180191.981,201153.145,182522.094
2023-05-27 10:00:00,179502.625,10,5,5,1,174187.763,184455.848,208047.532,182271.919
2023-05-27 11:00:00,182897.666,11,5,5,1,179502.625,187043.86,212308.882,182065.534
2023-05-27 12:00:00,184511.733,12,5,5,1,182897.666,188725.032,213948.651,181892.776
2023-05-27 13:00:00,184846.51,13,5,5,1,184511.733,187388.344,213059.224,181717.222
2023-05-27 14:00:00,188870.685,14,5,5,1,184846.51,193416.72,216161.194,181611.312
2023-05-27 15:00:00,191081.735,15,5,5,1,188870.685,195619.722,215852.59,181421.894
2023-05-27 16:00:00,188030.329,16,5,5,1,191081.735,190765.294,209364.795,181232.811
2023-05-27 17:00:00,181566.705,17,5,5,1,188030.329,181910.979,199237.775,181118.855
2023-05-27 18:00:00,178816.826,18,5,5,1,181566.705,177970.562,193435.992,181104.51
2023-05-27 19:00:00,187975.904,19,5,5,1,178816.826,187221.223,202257.411,181139.771
2023-05-27 20:00:00,190354.55,20,5,5,1,187975.904,188548.972,204179.045,181171.216
2023-05-27 21:00:00,191372.812,21,5,5,1,190354.55,189817.603,205850.038,181246.448
2023-05-27 22:00:00,193780.87,22,5,5,1,191372.812,193752.991,210739.622,181311.249
2023-05-27 23:00:00,192583.595,23,5,5,1,193780.87,192423.742,209479.846,181312.41
2023-05-28 00:00:00,188208.265,0,6,5,1,192583.595,187490.657,205712.391,181319.071
2023-05-28 01:00:00,183031.446,1,6,5,1,188208.265,181746.266,200885.58,181348.971
2023-05-28 02:00:00,178762.625,2,6,5,1,183031.446,176580.047,196476.671,181402.52
2023-05-28 03:00:00,174593.677,3,6,5,1,178762.625,172567.674,192603.148,181493.461
2023-05-28 04:00:00,172888.954,4,6,5,1,174593.677,170304.804,190310.729,181577.878
2023-05-28 05:00:00,172925.054,5,6,5,1,172888.954,169953.954,189412.445,181685.551
2023-05-28 06:00:00,169907.542,6,6,5,1,172925.054,168079.315,185997.637,181809.347
2023-05-28 07:00:00,170289.364,7,6,5,1,169907.542,166734.999,185017.451,181885.523
2023-05-28 08:00:00,172340.051,8,6,5,1,170289.364,167819.674,187386.655,182033.621
2023-05-28 09:00:00,177621.32,9,6,5,1,172340.051,174187.763,193004.047,182221.97
2023-05-28 10:00:00,181735.035,10,6,5,1,177621.32,179502.625,197050.64,182365.035
2023-05-28 11:00:00,185200.569,11,6,5,1,181735.035,182897.666,200885.834,182458.052
2023-05-28 12:00:00,184365.429,12,6,5,1,185200.569,184511.733,202122.998,182554.007
2023-05-28 13:00:00,183453.492,13,6,5,1,184365.429,184846.51,202638.975,182547.91
2023-05-28 14:00:00,185831.516,14,6,5,1,183453.492,188870.685,206238.965,182489.868
2023-05-28 15:00:00,183539.108,15,6,5,1,185831.516,191081.735,204170.985,182363.236
2023-05-28 16:00:00,176340.434,16,6,5,1,183539.108,188030.329,195685.38,182048.96
2023-05-28 17:00:00,167830.357,17,6,5,1,176340.434,181566.705,185386.13,181561.881
2023-05-28 18:00:00,166888.478,18,6,5,1,167830.357,178816.826,181195.063,180989.533
2023-05-28 19:00:00,177357.782,19,6,5,1,166888.478,187975.904,188786.276,180492.519
2023-05-28 20:00:00,179695.847,20,6,5,1,177357.782,190354.55,193270.37,180050.097
2023-05-28 21:00:00,181043.413,21,6,5,1,179695.847,191372.812,197280.364,179605.984
2023-05-28 22:00:00,183633.445,22,6,5,1,181043.413,193780.87,202733.409,179175.593
2023-05-28 23:00:00,183576.311,23,6,5,1,183633.445,192583.595,201909.1,178752.783
2023-05-29 00:00:00,178926.64,0,0,5,0,183576.311,188208.265,197965.403,178377.48
2023-05-29 01:00:00,173295.173,1,0,5,0,178926.64,183031.446,193144.559,177990.745
2023-05-29 02:00:00,168509.994,2,0,5,0,173295.173,178762.625,187928.988,177585.067
2023-05-29 03:00:00,164840.553,3,0,5,0,168509.994,174593.677,183823.46,177157.874
2023-05-29 04:00:00,163842.441,4,0,5,0,164840.553,172888.954,181440.45,176751.494
2023-05-29 05:00:00,164954.117,5,0,5,0,163842.441,172925.054,181659.143,176374.556
2023-05-29 06:00:00,164688.95,6,0,5,0,164954.117,169907.542,181278.11,176042.434
2023-05-29 07:00:00,167407.469,7,0,5,0,164688.95,170289.364,183869.365,175824.992
2023-05-29 08:00:00,174106.231,8,0,5,0,167407.469,172340.051,190808.929,175704.914
2023-05-29 09:00:00,184184.819,9,0,5,0,174106.231,177621.32,200074.354,175778.504
2023-05-29 10:00:00,192326.356,10,0,5,0,184184.819,181735.035,206418.088,176051.983
2023-05-29 11:00:00,197178.532,11,0,5,0,192326.356,185200.569,211183.149,176493.289
2023-05-29 12:00:00,198920.655,12,0,5,0,197178.532,184365.429,213141.576,176992.37
2023-05-29 13:00:00,198310.274,13,0,5,0,198920.655,183453.492,213181.187,177598.838
2023-05-29 14:00:00,200436.309,14,0,5,0,198310.274,185831.516,219083.65,178217.871
2023-05-29 15:00:00,196688.99,15,0,5,0,200436.309,183539.108,218810.414,178826.404
2023-05-29 16:00:00,190138.681,16,0,5,0,196688.99,176340.434,212465.107,179374.315
2023-05-29 17:00:00,182929.76,17,0,5,0,190138.681,167830.357,200554.9,179949.242
2023-05-29 18:00:00,179628.739,18,0,5,0,182929.76,166888.478,194769.388,180578.384
2023-05-29 19:00:00,187729.751,19,0,5,0,179628.739,177357.782,202640.414,181109.228
2023-05-29 20:00:00,188845.946,20,0,5,0,187729.751,179695.847,203993.096,181541.394
2023-05-29 21:00:00,189098.662,21,0,5,0,188845.946,181043.413,205815.362,181922.648
2023-05-29 22:00:00,191851.836,22,0,5,0,189098.662,183633.445,208439.657,182258.283
2023-05-29 23:00:00,190248.208,23,0,5,0,191851.836,183576.311,206836.388,182600.716
2023-05-30 00:00:00,186865.84,0,1,5,0,190248.208,178926.64,204612.289,182878.712
2023-05-30 01:00:00,182792.802,1,1,5,0,186865.84,173295.173,200995.344,183209.512
2023-05-30 02:00:00,179295.877,2,1,5,0,182792.802,168509.994,195152.466,183605.246
2023-05-30 03:00:00,174957.348,3,1,5,0,179295.877,164840.553,190184.424,184054.658
2023-05-30 04:00:00,173028.457,4,1,5,0,174957.348,163842.441,187453.348,184476.191
2023-05-30 05:00:00,172052.502,5,1,5,0,173028.457,164954.117,187375.922,184858.942
2023-05-30 06:00:00,170106.136,6,1,5,0,172052.502,164688.95,186124.129,185154.708
2023-05-30 07:00:00,171121.135,7,1,5,0,170106.136,167407.469,187187.488,185380.424
2023-05-30 08:00:00,176855.044,8,1,5,0,171121.135,174106.231,192673.565,185535.16
2023-05-30 09:00:00,185205.168,9,1,5,0,176855.044,184184.819,202247.714,185649.694
2023-05-30 10:00:00,190837.669,10,1,5,0,185205.168,192326.356,209418.95,185692.209
2023-05-30 11:00:00,193517.522,11,1,5,0,190837.669,197178.532,213126.456,185630.18
2023-05-30 12:00:00,191421.031,12,1,5,0,193517.522,198920.655,215500.277,185477.638
2023-05-30 13:00:00,191776.658,13,1,5,0,191421.031,198310.274,216537.142,185165.154
2023-05-30 14:00:00,194247.802,14,1,5,0,191776.658,200436.309,219710.447,184892.92
2023-05-30 15:00:00,194746.273,15,1,5,0,194247.802,196688.99,219147.066,184635.065
2023-05-30 16:00:00,189520.9,16,1,5,0,194746.273,190138.681,209816.137,184554.119
2023-05-30 17:00:00,181330.895,17,1,5,0,189520.9,182929.76,196316.292,184528.378
2023-05-30 18:00:00,177555.01,18,1,5,0,181330.895,179628.739,190889.821,184461.758
2023-05-30 19:00:00,184938.63,19,1,5,0,177555.01,187729.751,197564.166,184375.353
2023-05-30 20:00:00,187522.287,20,1,5,0,184938.63,188845.946,200262.238,184259.056
2023-05-30 21:00:00,189001.402,21,1,5,0,187522.287,189098.662,200649.026,184203.904
2023-05-30 22:00:00,191902.691,22,1,5,0,189001.402,191851.836,205788.646,184199.851
2023-05-30 23:00:00,190085.639,23,1,5,0,191902.691,190248.208,202378.025,184201.97
2023-05-31 00:00:00,186289.832,0,2,5,0,190085.639,186865.84,196960.394,184195.197
2023-05-31 01:00:00,181623.139,1,2,5,0,186289.832,182792.802,190425.009,184171.196
2023-05-31 02:00:00,176755.081,2,2,5,0,181623.139,179295.877,184054.593,184122.46
2023-05-31 03:00:00,173027.264,3,2,5,0,176755.081,174957.348,179931.158,184016.594
2023-05-31 04:00:00,171164.428,4,2,5,0,173027.264,173028.457,177758.925,183936.174
2023-05-31 05:00:00,170818.409,5,2,5,0,171164.428,172052.502,178205.192,183858.506
2023-05-31 06:00:00,170299.495,6,2,5,0,170818.409,170106.136,177320.87,183807.085
2023-05-31 07:00:00,171920.741,7,2,5,0,170299.495,171121.135,179142.886,183815.142
2023-05-31 08:00:00,176844.659,8,2,5,0,171920.741,176855.044,186241.546,183848.459
2023-05-31 09:00:00,184862.019,9,2,5,0,176844.659,185205.168,196515.749,183848.026
2023-05-31 10:00:00,191120.972,10,2,5,0,184862.019,190837.669,200265.424,183833.728
2023-05-31 11:00:00,196335.366,11,2,5,0,191120.972,193517.522,203527.653,183845.532
2023-05-31 12:00:00,197709.77,12,2,5,0,196335.366,191421.031,204226.509,183962.943
2023-05-31 13:00:00,194745.248,13,2,5,0,197709.77,191776.658,205813.134,184224.973
2023-05-31 14:00:00,199279.656,14,2,5,0,194745.248,194247.802,209465.403,184348.665
2023-05-31 15:00:00,187771.077,15,2,5,0,199279.656,194746.273,208804.119,184558.325
2023-05-31 16:00:00,192955.076,16,2,5,0,187771.077,189520.9,200591.437,184267.692
2023-05-31 17:00:00,185531.006,17,2,5,0,192955.076,181330.895,191365.509,184410.783
2023-05-31 18:00:00,182383.613,18,2,5,0,185531.006,177555.01,187098.329,184585.787
2023-05-31 19:00:00,191761.167,19,2,5,0,182383.613,184938.63,196143.024,184786.979
2023-05-31 20:00:00,192626.67,20,2,5,0,191761.167,187522.287,196551.751,185071.252
2023-05-31 21:00:00,192659.959,21,2,5,0,192626.67,189001.402,195172.728,185283.934
2023-05-31 22:00:00,194985.524,22,2,5,0,192659.959,191902.691,197060.411,185436.374
2023-05-31 23:00:00,194044.395,23,2,5,0,194985.524,190085.639,194744.751,185564.825
2023-06-01 00:00:00,188763.404,0,3,6,0,194044.395,186289.832,188807.573,185729.774
2023-06-01 01:00:00,183698.84,1,3,6,0,188763.404,181623.139,183483.343,185832.839
2023-06-01 02:00:00,179200.317,2,3,6,0,183698.84,176755.081,178733.002,185919.327
2023-06-01 03:00:00,175068.752,3,3,6,0,179200.317,173027.264,174708.939,186021.211
2023-06-01 04:00:00,173611.11,4,3,6,0,175068.752,171164.428,173209.773,186106.273
2023-06-01 05:00:00,172975.755,5,3,6,0,173611.11,170818.409,174381.62,186208.219
2023-06-01 06:00:00,171533.632,6,3,6,0,172975.755,170299.495,173198.993,186298.108
2023-06-01 07:00:00,173074.778,7,3,6,0,171533.632,171920.741,174785.327,186349.53
2023-06-01 08:00:00,177237.995,8,3,6,0,173074.778,176844.659,179591.35,186397.615
2023-06-01 09:00:00,185054.564,9,3,6,0,177237.995,184862.019,190408.183,186414.004
2023-06-01 10:00:00,192061.109,10,3,6,0,185054.564,191120.972,197360.072,186422.027
2023-06-01 11:00:00,195568.315,11,3,6,0,192061.109,196335.366,201645.927,186461.199
2023-06-01 12:00:00,195732.361,12,3,6,0,195568.315,197709.77,201348.368,186429.239
2023-06-01 13:00:00,193790.274,13,3,6,0,195732.361,194745.248,198806.989,186346.847
2023-06-01 14:00:00,197550.493,14,3,6,0,193790.274,199279.656,201508.602,186307.056
2023-06-01 15:00:00,198624.988,15,3,6,0,197550.493,187771.077,201463.302,186235.008
2023-06-01 16:00:00,194418.476,16,3,6,0,198624.988,192955.076,193887.844,186687.254
2023-06-01 17:00:00,187650.758,17,3,6,0,194418.476,185531.006,183175.004,186748.229
2023-06-01 18:00:00,184157.589,18,3,6,0,187650.758,182383.613,179524.431,186836.552
2023-06-01 19:00:00,193941.735,19,3,6,0,184157.589,191761.167,186404.117,186910.468
2023-06-01 20:00:00,195149.033,20,3,6,0,193941.735,192626.67,185718.963,187001.325
2023-06-01 21:00:00,195208.349,21,3,6,0,195149.033,192659.959,183130.586,187106.423
2023-06-01 22:00:00,197598.923,22,3,6,0,195208.349,194985.524,185594.678,187212.606
2023-06-01 23:00:00,195839.362,23,3,6,0,197598.923,194044.395,183402.235,187321.498
2023-06-02 00:00:00,190946.857,0,4,6,0,195839.362,188763.404,177730.331,187396.288
2023-06-02 01:00:00,186129.38,1,4,6,0,190946.857,183698.84,171897.052,187487.265
2023-06-02 02:00:00,181359.425,2,4,6,0,186129.38,179200.317,166024.391,187588.538
2023-06-02 03:00:00,177948.334,3,4,6,0,181359.425,175068.752,162723.377,187678.501
2023-06-02 04:00:00,176184.598,4,4,6,0,177948.334,173611.11,161032.87,187798.483
2023-06-02 05:00:00,176145.831,5,4,6,0,176184.598,172975.755,163162.438,187905.712
2023-06-02 06:00:00,176209.798,6,4,6,0,176145.831,171533.632,165017.957,188037.798
2023-06-02 07:00:00,177310.449,7,4,6,0,176209.798,173074.778,167625.231,188232.639
2023-06-02 08:00:00,181947.555,8,4,6,0,177310.449,177237.995,171782.317,188409.125
2023-06-02 09:00:00,190824.869,9,4,6,0,181947.555,185054.564,180191.981,188605.356
2023-06-02 10:00:00,196069.398,10,4,6,0,190824.869,192061.109,184455.848,188845.786
2023-06-02 11:00:00,199581.327,11,4,6,0,196069.398,195568.315,187043.86,189012.798
2023-06-02 12:00:00,201046.997,12,4,6,0,199581.327,195732.361,188725.032,189180.007
2023-06-02 13:00:00,199081.63,13,4,6,0,201046.997,193790.274,187388.344,189401.45
2023-06-02 14:00:00,204096.34,14,4,6,0,199081.63,197550.493,193416.72,189621.923
2023-06-02 15:00:00,205047.342,15,4,6,0,204096.34,198624.988,195619.722,189894.667
2023-06-02 16:00:00,200041.654,16,4,6,0,205047.342,194418.476,190765.294,190162.265
2023-06-02 17:00:00,192281.327,17,4,6,0,200041.654,187650.758,181910.979,190396.564
2023-06-02 18:00:00,187855.367,18,4,6,0,192281.327,184157.589,177970.562,190589.504
2023-06-02 19:00:00,196966.413,19,4,6,0,187855.367,193941.735,187221.223,190743.578
2023-06-02 20:00:00,198831.977,20,4,6,0,196966.413,195149.033,188548.972,190869.607
2023-06-02 21:00:00,199464.381,21,4,6,0,198831.977,195208.349,189817.603,191023.063
2023-06-02 22:00:00,201628.276,22,4,6,0,199464.381,197598.923,193752.991,191200.397
2023-06-02 23:00:00,199771.695,23,4,6,0,201628.276,195839.362,192423.742,191368.287
2023-06-03 00:00:00,195937.191,0,5,6,1,199771.695,190946.857,187490.657,191532.134
2023-06-03 01:00:00,192046.388,1,5,6,1,195937.191,186129.38,181746.266,191740.065
2023-06-03 02:00:00,187938.849,2,5,6,1,192046.388,181359.425,176580.047,191986.607
2023-06-03 03:00:00,184428.636,3,5,6,1,187938.849,177948.334,172567.674,192260.749
2023-06-03 04:00:00,182644.818,4,5,6,1,184428.636,176184.598,170304.804,192530.762
2023-06-03 05:00:00,181822.556,5,5,6,1,182644.818,176145.831,169953.954,192799.938
2023-06-03 06:00:00,181023.723,6,5,6,1,181822.556,176209.798,168079.315,193036.468
2023-06-03 07:00:00,181215.219,7,5,6,1,181023.723,177310.449,166734.999,193237.048
2023-06-03 08:00:00,185732.299,8,5,6,1,181215.219,181947.555,167819.674,193399.747
2023-06-03 09:00:00,195222.145,9,5,6,1,185732.299,190824.869,174187.763,193557.445
2023-06-03 10:00:00,201962.525,10,5,6,1,195222.145,196069.398,179502.625,193740.664
2023-06-03 11:00:00,206086.044,11,5,6,1,201962.525,199581.327,182897.666,193986.211
2023-06-03 12:00:00,207620.912,12,5,6,1,206086.044,201046.997,184511.733,194257.241
2023-06-03 13:00:00,206575.713,13,5,6,1,207620.912,199081.63,184846.51,194531.154
2023-06-03 14:00:00,210120.847,14,5,6,1,206575.713,204096.34,188870.685,194843.408
2023-06-03 15:00:00,209849.002,15,5,6,1,210120.847,205047.342,191081.735,195094.429
2023-06-03 16:00:00,203555.178,16,5,6,1,209849.002,200041.654,188030.329,195294.498
2023-06-03 17:00:00,194032.864,17,5,6,1,203555.178,192281.327,181566.705,195440.895
2023-06-03 18:00:00,188127.512,18,5,6,1,194032.864,187855.367,178816.826,195513.876
2023-06-03 19:00:00,197505.872,19,5,6,1,188127.512,196966.413,187975.904,195525.215
2023-06-03 20:00:00,199865.189,20,5,6,1,197505.872,198831.977,190354.55,195547.693
2023-06-03 21:00:00,199944.786,21,5,6,1,199865.189,199464.381,191372.812,195590.743
2023-06-03 22:00:00,203175.879,22,5,6,1,199944.786,201628.276,193780.87,195610.76
2023-06-03 23:00:00,201452.197,23,5,6,1,203175.879,199771.695,192583.595,195675.243
2023-06-04 00:00:00,196874.263,0,6,6,1,201452.197,195937.191,188208.265,195745.264
2023-06-04 01:00:00,192246.476,1,6,6,1,196874.263,192046.388,183031.446,195784.309
2023-06-04 02:00:00,188545.882,2,6,6,1,192246.476,187938.849,178762.625,195792.646
2023-06-04 03:00:00,184864.906,3,6,6,1,188545.882,184428.636,174593.677,195817.939
2023-06-04 04:00:00,181850.495,4,6,6,1,184864.906,182644.818,172888.954,195836.117
2023-06-04 05:00:00,179581.805,5,6,6,1,181850.495,181822.556,172925.054,195803.02
2023-06-04 06:00:00,175644.371,6,6,6,1,179581.805,181023.723,169907.542,195709.656
2023-06-04 07:00:00,173411.126,7,6,6,1,175644.371,181215.219,170289.364,195485.516
2023-06-04 08:00:00,174540.915,8,6,6,1,173411.126,185732.299,172340.051,195160.345
2023-06-04 09:00:00,178548.32,9,6,6,1,174540.915,195222.145,177621.32,194694.038
2023-06-04 10:00:00,181550.592,10,6,6,1,178548.32,201962.525,181735.035,193999.295
2023-06-04 11:00:00,184195.498,11,6,6,1,181550.592,206086.044,185200.569,193148.798
2023-06-04 12:00:00,184569.27,12,6,6,1,184195.498,207620.912,184365.429,192236.692
2023-06-04 13:00:00,183232.368,13,6,6,1,184569.27,206575.713,183453.492,191276.207
2023-06-04 14:00:00,183779.334,14,6,6,1,183232.368,210120.847,185831.516,190303.567
2023-06-04 15:00:00,182827.705,15,6,6,1,183779.334,209849.002,183539.108,189206.004
2023-06-04 16:00:00,175221.591,16,6,6,1,182827.705,203555.178,176340.434,188080.117
2023-06-04 17:00:00,165887.332,17,6,6,1,175221.591,194032.864,167830.357,186899.551
2023-06-04 18:00:00,163671.562,18,6,6,1,165887.332,188127.512,166888.478,185726.82
2023-06-04 19:00:00,176368.632,19,6,6,1,163671.562,197505.872,177357.782,184707.822
2023-06-04 20:00:00,182139.162,20,6,6,1,176368.632,199865.189,179695.847,183827.104
2023-06-04 21:00:00,186731.755,21,6,6,1,182139.162,199944.786,181043.413,183088.519
2023-06-04 22:00:00,192528.501,22,6,6,1,186731.755,203175.879,183633.445,182537.976
2023-06-04 23:00:00,193240.233,23,6,6,1,192528.501,201452.197,183576.311,182094.336
2023-06-05 00:00:00,189031.101,0,0,6,0,193240.233,196874.263,178926.64,181752.171
2023-06-05 01:00:00,185017.207,1,0,6,0,189031.101,192246.476,173295.173,181425.372
2023-06-05 02:00:00,181146.442,2,0,6,0,185017.207,188545.882,168509.994,181124.153
2023-06-05 03:00:00,177409.397,3,0,6,0,181146.442,184864.906,164840.553,180815.843
2023-06-05 04:00:00,175066.926,4,0,6,0,177409.397,181850.495,163842.441,180505.196
2023-06-05 05:00:00,174119.05,5,0,6,0,175066.926,179581.805,164954.117,180222.548
2023-06-05 06:00:00,172712.727,6,0,6,0,174119.05,175644.371,164688.95,179994.933
2023-06-05 07:00:00,175181.225,7,0,6,0,172712.727,173411.126,167407.469,179872.781
2023-06-05 08:00:00,181673.715,8,0,6,0,175181.225,174540.915,174106.231,179946.535
2023-06-05 09:00:00,193407.563,9,0,6,0,181673.715,178548.32,184184.819,180243.735
2023-06-05 10:00:00,201005.926,10,0,6,0,193407.563,181550.592,192326.356,180862.87
2023-06-05 11:00:00,205028.749,11,0,6,0,201005.926,184195.498,197178.532,181673.509
2023-06-05 12:00:00,207837.676,12,0,6,0,205028.749,184569.27,198920.655,182541.561
2023-06-05 13:00:00,207634.96,13,0,6,0,207837.676,183232.368,198310.274,183511.078
2023-06-05 14:00:00,211515.103,14,0,6,0,207634.96,183779.334,200436.309,184527.853
2023-06-05 15:00:00,212690.336,15,0,6,0,211515.103,182827.705,196688.99,185683.51
2023-06-05 16:00:00,205847.044,16,0,6,0,212690.336,175221.591,190138.681,186927.786
2023-06-05 17:00:00,194220.538,17,0,6,0,205847.044,165887.332,182929.76,188203.847
2023-06-05 18:00:00,188676.442,18,0,6,0,194220.538,163671.562,179628.739,189384.397
2023-06-05 19:00:00,198950.711,19,0,6,0,188676.442,176368.632,187729.751,190426.267
2023-06-05 20:00:00,200940.612,20,0,6,0,198950.711,182139.162,188845.946,191367.187
2023-06-05 21:00:00,201462.292,21,0,6,0,200940.612,186731.755,189098.662,192150.581
2023-06-05 22:00:00,205996.657,22,0,6,0,201462.292,192528.501,191851.836,192764.353
2023-06-05 23:00:00,204356.811,23,0,6,0,205996.657,193240.233,190248.208,193325.526
2023-06-06 00:00:00,198337.189,0,1,6,0,204356.811,189031.101,186865.84,193788.717
2023-06-06 01:00:00,192987.786,1,1,6,0,198337.189,185017.207,182792.802,194176.471
2023-06-06 02:00:00,188897.489,2,1,6,0,192987.786,181146.442,179295.877,194508.578
2023-06-06 03:00:00,185169.658,3,1,6,0,188897.489,177409.397,174957.348,194831.538
2023-06-06 04:00:00,183157.403,4,1,6,0,185169.658,175066.926,173028.457,195154.883
2023-06-06 05:00:00,181893.4,5,1,6,0,183157.403,174119.05,172052.502,195491.986
2023-06-06 06:00:00,181175.254,6,1,6,0,181893.4,172712.727,170106.136,195815.917
2023-06-06 07:00:00,183187.482,7,1,6,0,181175.254,175181.225,171121.135,196168.522
2023-06-06 08:00:00,188437.594,8,1,6,0,183187.482,181673.715,176855.044,196502.116
2023-06-06 09:00:00,198949.207,9,1,6,0,188437.594,193407.563,185205.168,196783.945
2023-06-06 10:00:00,205749.488,10,1,6,0,198949.207,201005.926,190837.669,197014.847
2023-06-06 11:00:00,210587.839,11,1,6,0,205749.488,205028.749,193517.522,197212.495
2023-06-06 12:00:00,211305.287,12,1,6,0,210587.839,207837.676,191421.031,197444.124
2023-06-06 13:00:00,211295.94,13,1,6,0,211305.287,207634.96,191776.658,197588.608
2023-06-06 14:00:00,215289.236,14,1,6,0,211295.94,211515.103,194247.802,197741.148
2023-06-06 15:00:00,214042.171,15,1,6,0,215289.236,212690.336,194746.273,197898.404
2023-06-06 16:00:00,205890.129,16,1,6,0,214042.171,205847.044,189520.9,197954.73
2023-06-06 17:00:00,195082.955,17,1,6,0,205890.129,194220.538,181330.895,197956.526
2023-06-06 18:00:00,189372.794,18,1,6,0,195082.955,188676.442,177555.01,197992.46
2023-06-06 19:00:00,199162.04,19,1,6,0,189372.794,198950.711,184938.63,198021.474
2023-06-06 20:00:00,202077.194,20,1,6,0,199162.04,200940.612,187522.287,198030.28
2023-06-06 21:00:00,204443.47,21,1,6,0,202077.194,201462.292,189001.402,198077.637
2023-06-06 22:00:00,209312.953,22,1,6,0,204443.47,205996.657,191902.691,198201.853
2023-06-06 23:00:00,206603.408,23,1,6,0,209312.953,204356.811,190085.639,198340.032
2023-06-07 00:00:00,202866.11,0,2,6,0,206603.408,198337.189,186289.832,198433.64
2023-06-07 01:00:00,197741.353,1,2,6,0,202866.11,192987.786,181623.139,198622.345
2023-06-07 02:00:00,193768.932,2,2,6,0,197741.353,188897.489,176755.081,198820.411
2023-06-07 03:00:00,190267.229,3,2,6,0,193768.932,185169.658,173027.264,199023.387
2023-06-07 04:00:00,188133.452,4,2,6,0,190267.229,183157.403,171164.428,199235.786
2023-06-07 05:00:00,186707.372,5,2,6,0,188133.452,181893.4,170818.409,199443.122
2023-06-07 06:00:00,184968.111,6,2,6,0,186707.372,181175.254,170299.495,199643.704
2023-06-07 07:00:00,187383.58,7,2,6,0,184968.111,183187.482,171920.741,199801.739
2023-06-07 08:00:00,192049.633,8,2,6,0,187383.58,188437.594,176844.659,199976.577
2023-06-07 09:00:00,201851.385,9,2,6,0,192049.633,198949.207,184862.019,200127.078
2023-06-07 10:00:00,204480.4,10,2,6,0,201851.385,205749.488,191120.972,200248.003
2023-06-07 11:00:00,209574.453,11,2,6,0,204480.4,210587.839,196335.366,200195.124
2023-06-07 12:00:00,210945.065,12,2,6,0,209574.453,211305.287,197709.77,200152.899
2023-06-07 13:00:00,211531.661,13,2,6,0,210945.065,211295.94,194745.248,200137.89
2023-06-07 14:00:00,216247.511,14,2,6,0,211531.661,215289.236,199279.656,200147.712
2023-06-07 15:00:00,216930.875,15,2,6,0,216247.511,214042.171,187771.077,200187.64
2023-06-07 16:00:00,210840.664,16,2,6,0,216930.875,205890.129,192955.076,200308.003
2023-06-07 17:00:00,200188.287,17,2,6,0,210840.664,195082.955,185531.006,200514.275
2023-06-07 18:00:00,193237.354,18,2,6,0,200188.287,189372.794,182383.613,200726.997
2023-06-07 19:00:00,200744.788,19,2,6,0,193237.354,199162.04,191761.167,200888.02
2023-06-07 20:00:00,203246.668,20,2,6,0,200744.788,202077.194,192626.67,200953.968
2023-06-07 21:00:00,204791.68,21,2,6,0,203246.668,204443.47,192659.959,201002.696
2023-06-07 22:00:00,209864.973,22,2,6,0,204791.68,209312.953,194985.524,201017.205
2023-06-07 23:00:00,209032.286,23,2,6,0,209864.973,206603.408,194044.395,201040.206
2023-06-08 00:00:00,205099.81,0,3,6,0,209032.286,202866.11,188763.404,201141.409
2023-06-08 01:00:00,200309.014,1,3,6,0,205099.81,197741.353,183698.84,201234.48
2023-06-08 02:00:00,196075.611,2,3,6,0,200309.014,193768.932,179200.317,201341.466
2023-06-08 03:00:00,192555.287,3,3,6,0,196075.611,190267.229,175068.752,201437.578
2023-06-08 04:00:00,189953.272,4,3,6,0,192555.287,188133.452,173611.11,201532.913
2023-06-08 05:00:00,188168.142,5,3,6,0,189953.272,186707.372,172975.755,201608.739
2023-06-08 06:00:00,186704.568,6,3,6,0,188168.142,184968.111,171533.632,201669.605
2023-06-08 07:00:00,188005.39,7,3,6,0,186704.568,187383.58,173074.778,201741.957
2023-06-08 08:00:00,194152.032,8,3,6,0,188005.39,192049.633,177237.995,201767.866
2023-06-08 09:00:00,204191.491,9,3,6,0,194152.032,201851.385,185054.564,201855.466
2023-06-08 10:00:00,210284.216,10,3,6,0,204191.491,204480.4,192061.109,201952.97
2023-06-08 11:00:00,213943.711,11,3,6,0,210284.216,209574.453,195568.315,202194.796
2023-06-08 12:00:00,215094.583,12,3,6,0,213943.711,210945.065,195732.361,202376.848
2023-06-08 13:00:00,215183.565,13,3,6,0,215094.583,211531.661,193790.274,202549.745
2023-06-08 14:00:00,220641.713,14,3,6,0,215183.565,216247.511,197550.493,202701.907
2023-06-08 15:00:00,220211.279,15,3,6,0,220641.713,216930.875,198624.988,202884.999
2023-06-08 16:00:00,211831.268,16,3,6,0,220211.279,210840.664,194418.476,203021.683
2023-06-08 17:00:00,200647.886,17,3,6,0,211831.268,200188.287,187650.758,203062.958
2023-06-08 18:00:00,194033.547,18,3,6,0,200647.886,193237.354,184157.589,203082.108
2023-06-08 19:00:00,202801.811,19,3,6,0,194033.547,200744.788,193941.735,203115.282
2023-06-08 20:00:00,206240.832,20,3,6,0,202801.811,203246.668,195149.033,203200.992
2023-06-08 21:00:00,207959.007,21,3,6,0,206240.832,204791.68,195208.349,203325.749
2023-06-08 22:00:00,213189.805,22,3,6,0,207959.007,209864.973,197598.923,203457.721
2023-06-08 23:00:00,211356.452,23,3,6,0,213189.805,209032.286,195839.362,203596.255
2023-06-09 00:00:00,207859.618,0,4,6,0,211356.452,205099.81,190946.857,203693.095
2023-06-09 01:00:00,203581.244,1,4,6,0,207859.618,200309.014,186129.38,203808.088
2023-06-09 02:00:00,198369.641,2,4,6,0,203581.244,196075.611,181359.425,203944.43
2023-06-09 03:00:00,195894.306,3,4,6,0,198369.641,192555.287,177948.334,204040.015
2023-06-09 04:00:00,192906.738,4,4,6,0,195894.306,189953.272,176184.598,204179.141
2023-06-09 05:00:00,190980.521,5,4,6,0,192906.738,188168.142,176145.831,204302.202
2023-06-09 06:00:00,189746.357,6,4,6,0,190980.521,186704.568,176209.798,204419.384
2023-06-09 07:00:00,189800.934,7,4,6,0,189746.357,188005.39,177310.449,204546.126
2023-06-09 08:00:00,193497.13,8,4,6,0,189800.934,194152.032,181947.555,204620.94
2023-06-09 09:00:00,204571.711,9,4,6,0,193497.13,204191.491,190824.869,204593.652
2023-06-09 10:00:00,212287.938,10,4,6,0,204571.711,210284.216,196069.398,204609.495
2023-06-09 11:00:00,216608.766,11,4,6,0,212287.938,213943.711,199581.327,204692.983
2023-06-09 12:00:00,217435.104,12,4,6,0,216608.766,215094.583,201046.997,204804.027
2023-06-09 13:00:00,217217.97,13,4,6,0,217435.104,215183.565,199081.63,204901.549
2023-06-09 14:00:00,221798.127,14,4,6,0,217217.97,220641.713,204096.34,204986.316
2023-06-09 15:00:00,220997.709,15,4,6,0,221798.127,220211.279,205047.342,205034.5
2023-06-09 16:00:00,211246.732,16,4,6,0,220997.709,211831.268,200041.654,205067.268
2023-06-09 17:00:00,199401.536,17,4,6,0,211246.732,200647.886,192281.327,205042.912
2023-06-09 18:00:00,192805.191,18,4,6,0,199401.536,194033.547,187855.367,204990.981
2023-06-09 19:00:00,202437.797,19,4,6,0,192805.191,202801.811,196966.413,204939.799
2023-06-09 20:00:00,205333.425,20,4,6,0,202437.797,206240.832,198831.977,204924.632
2023-06-09 21:00:00,208109.345,21,4,6,0,205333.425,207959.007,199464.381,204886.823
2023-06-09 22:00:00,212353.586,22,4,6,0,208109.345,213189.805,201628.276,204893.087
2023-06-09 23:00:00,211300.084,23,4,6,0,212353.586,211356.452,199771.695,204858.245
2023-06-10 00:00:00,207782.43,0,5,6,1,211300.084,207859.618,195937.191,204855.896
2023-06-10 01:00:00,203507.741,1,5,6,1,207782.43,203581.244,192046.388,204852.68
2023-06-10 02:00:00,199095.438,2,5,6,1,203507.741,198369.641,187938.849,204849.617
2023-06-10 03:00:00,194906.314,3,5,6,1,199095.438,195894.306,184428.636,204879.859
2023-06-10 04:00:00,192472.124,4,5,6,1,194906.314,192906.738,182644.818,204838.693
2023-06-10 05:00:00,191463.867,5,5,6,1,192472.124,190980.521,181822.556,204820.584
2023-06-10 06:00:00,189239.486,6,5,6,1,191463.867,189746.357,181023.723,204840.723
2023-06-10 07:00:00,189462.069,7,5,6,1,189239.486,189800.934,181215.219,204819.604
2023-06-10 08:00:00,193659.902,8,5,6,1,189462.069,193497.13,185732.299,204805.484
2023-06-10 09:00:00,202056.044,9,5,6,1,193659.902,204571.711,195222.145,204812.266
2023-06-10 10:00:00,207088.221,10,5,6,1,202056.044,212287.938,201962.525,204707.447
2023-06-10 11:00:00,210444.659,11,5,6,1,207088.221,216608.766,206086.044,204490.792
2023-06-10 12:00:00,211896.274,12,5,6,1,210444.659,217435.104,207620.912,204233.954
2023-06-10 13:00:00,212084.356,13,5,6,1,211896.274,217217.97,206575.713,204003.17
2023-06-10 14:00:00,217096.482,14,5,6,1,212084.356,221798.127,210120.847,203789.269
2023-06-10 15:00:00,216300.875,15,5,6,1,217096.482,220997.709,209849.002,203593.367
2023-06-10 16:00:00,206252.939,16,5,6,1,216300.875,211246.732,203555.178,203397.666
2023-06-10 17:00:00,194840.602,17,5,6,1,206252.939,199401.536,194032.864,203189.591
2023-06-10 18:00:00,188489.465,18,5,6,1,194840.602,192805.191,188127.512,202999.552
2023-06-10 19:00:00,196560.006,19,5,6,1,188489.465,202437.797,197505.872,202819.73
2023-06-10 20:00:00,200128.282,20,5,6,1,196560.006,205333.425,199865.189,202574.822
2023-06-10 21:00:00,201093.399,21,5,6,1,200128.282,208109.345,199944.786,202357.941
2023-06-10 22:00:00,205661.496,22,5,6,1,201093.399,212353.586,203175.879,202065.61
2023-06-10 23:00:00,205324.166,23,5,6,1,205661.496,211300.084,201452.197,201786.773
2023-06-11 00:00:00,202122.79,0,6,6,1,205324.166,207782.43,196874.263,201537.777
2023-06-11 01:00:00,197396.2,1,6,6,1,202122.79,203507.741,192246.476,201301.958
2023-06-11 02:00:00,192667.412,2,6,6,1,197396.2,199095.438,188545.882,201047.311
2023-06-11 03:00:00,188268.812,3,6,6,1,192667.412,194906.314,184864.906,200779.476
2023-06-11 04:00:00,185704.734,4,6,6,1,188268.812,192472.124,181850.495,200502.914
2023-06-11 05:00:00,183380.764,5,6,6,1,185704.734,191463.867,179581.805,200220.939
2023-06-11 06:00:00,180211.261,6,6,6,1,183380.764,189239.486,175644.371,199884.143
2023-06-11 07:00:00,181282.894,7,6,6,1,180211.261,189462.069,173411.126,199507.967
2023-06-11 08:00:00,185099.43,8,6,6,1,181282.894,193659.902,174540.915,199167.168
2023-06-11 09:00:00,188397.827,9,6,6,1,185099.43,202056.044,178548.32,198810.482
2023-06-11 10:00:00,192236.217,10,6,6,1,188397.827,207088.221,181550.592,198241.389
2023-06-11 11:00:00,195771.915,11,6,6,1,192236.217,210444.659,184195.498,197622.556
2023-06-11 12:00:00,196992.139,12,6,6,1,195771.915,211896.274,184569.27,197011.192
2023-06-11 13:00:00,197227.421,13,6,6,1,196992.139,212084.356,183232.368,196390.186
2023-06-11 14:00:00,200569.266,14,6,6,1,197227.421,217096.482,183779.334,195771.147
2023-06-11 15:00:00,200292.563,15,6,6,1,200569.266,216300.875,182827.705,195082.513
2023-06-11 16:00:00,192988.309,16,6,6,1,200292.563,206252.939,175221.591,194415.5
2023-06-11 17:00:00,183909.4,17,6,6,1,192988.309,194840.602,165887.332,193862.807
2023-06-11 18:00:00,177359.933,18,6,6,1,183909.4,188489.465,163671.562,193407.34
2023-06-11 19:00:00,187528.175,19,6,6,1,177359.933,196560.006,176368.632,192943.61
2023-06-11 20:00:00,194063.708,20,6,6,1,187528.175,200128.282,182139.162,192567.284
2023-06-11 21:00:00,199048.613,21,6,6,1,194063.708,201093.399,186731.755,192314.593
2023-06-11 22:00:00,204923.029,22,6,6,1,199048.613,205661.496,192528.501,192229.394
2023-06-11 23:00:00,204605.437,23,6,6,1,204923.029,205324.166,193240.233,192198.624
2023-06-12 00:00:00,201635.047,0,0,6,0,204605.437,202122.79,189031.101,192168.677
2023-06-12 01:00:00,196622.972,1,0,6,0,201635.047,197396.2,185017.207,192148.354
2023-06-12 02:00:00,191796.224,2,0,6,0,196622.972,192667.412,181146.442,192116.137
2023-06-12 03:00:00,187960.306,3,0,6,0,191796.224,188268.812,177409.397,192079.837
2023-06-12 04:00:00,186434.763,4,0,6,0,187960.306,185704.734,175066.926,192066.983
2023-06-12 05:00:00,185119.637,5,0,6,0,186434.763,183380.764,174119.05,192097.401
2023-06-12 06:00:00,185231.083,6,0,6,0,185119.637,180211.261,172712.727,192169.854
2023-06-12 07:00:00,188833.41,7,0,6,0,185231.083,181282.894,175181.225,192379.013
2023-06-12 08:00:00,193656.946,8,0,6,0,188833.41,185099.43,181673.715,192693.618
2023-06-12 09:00:00,203694.71,9,0,6,0,193656.946,188397.827,193407.563,193050.181
2023-06-12 10:00:00,210330.35,10,0,6,0,203694.71,192236.217,201005.926,193687.551
2023-06-12 11:00:00,214289.805,11,0,6,0,210330.35,195771.915,205028.749,194441.473
2023-06-12 12:00:00,213599.104,12,0,6,0,214289.805,196992.139,207837.676,195213.052
2023-06-12 13:00:00,212366.271,13,0,6,0,213599.104,197227.421,207634.96,195905.009
2023-06-12 14:00:00,216466.204,14,0,6,0,212366.271,200569.266,211515.103,196535.794
2023-06-12 15:00:00,216527.741,15,0,6,0,216466.204,200292.563,212690.336,197198.167
2023-06-12 16:00:00,210390.906,16,0,6,0,216527.741,192988.309,205847.044,197874.632
2023-06-12 17:00:00,200737.001,17,0,6,0,210390.906,183909.4,194220.538,198599.741
2023-06-12 18:00:00,193677.309,18,0,6,0,200737.001,177359.933,188676.442,199300.891
2023-06-12 19:00:00,200564.708,19,0,6,0,193677.309,187528.175,198950.711,199980.781
2023-06-12 20:00:00,205003.401,20,0,6,0,200564.708,194063.708,200940.612,200523.97
2023-06-12 21:00:00,208650.079,21,0,6,0,205003.401,199048.613,201462.292,200979.791
2023-06-12 22:00:00,212145.71,22,0,6,0,208650.079,204923.029,205996.657,201379.852
2023-06-12 23:00:00,211179.906,23,0,6,0,212145.71,204605.437,204356.811,201680.797
2023-06-13 00:00:00,208244.421,0,1,6,0,211179.906,201635.047,198337.189,201954.733
2023-06-13 01:00:00,204334.201,1,1,6,0,208244.421,196622.972,192987.786,202230.124
2023-06-13 02:00:00,199688.139,2,1,6,0,204334.201,191796.224,188897.489,202551.425
2023-06-13 03:00:00,195888.806,3,1,6,0,199688.139,187960.306,185169.658,202880.255
2023-06-13 04:00:00,193944.608,4,1,6,0,195888.806,186434.763,183157.403,203210.609
2023-06-13 05:00:00,192768.458,5,1,6,0,193944.608,185119.637,181893.4,203523.519
2023-06-13 06:00:00,191355.011,6,1,6,0,192768.458,185231.083,181175.254,203842.22
2023-06-13 07:00:00,192809.64,7,1,6,0,191355.011,188833.41,183187.482,204097.384
2023-06-13 08:00:00,197401.205,8,1,6,0,192809.64,193656.946,188437.594,204263.06
2023-06-13 09:00:00,205488.665,9,1,6,0,197401.205,203694.71,198949.207,204419.071
2023-06-13 10:00:00,210983.022,10,1,6,0,205488.665,210330.35,205749.488,204493.819
2023-06-13 11:00:00,210848.356,11,1,6,0,210983.022,214289.805,210587.839,204521.013
2023-06-13 12:00:00,210016.494,12,1,6,0,210848.356,213599.104,211305.287,204377.62
2023-06-13 13:00:00,208478.703,13,1,6,0,210016.494,212366.271,211295.94,204228.344
2023-06-13 14:00:00,213017.06,14,1,6,0,208478.703,216466.204,215289.236,204066.362
2023-06-13 15:00:00,214517.813,15,1,6,0,213017.06,216527.741,214042.171,203922.648
2023-06-13 16:00:00,207787.747,16,1,6,0,214517.813,210390.906,205890.129,203838.901
2023-06-13 17:00:00,200745.699,17,1,6,0,207787.747,200737.001,195082.955,203730.436
2023-06-13 18:00:00,194014.13,18,1,6,0,200745.699,193677.309,189372.794,203730.798
2023-06-13 19:00:00,200524.614,19,1,6,0,194014.13,200564.708,199162.04,203744.833
2023-06-13 20:00:00,204282.718,20,1,6,0,200524.614,205003.401,202077.194,203743.162
2023-06-13 21:00:00,206581.234,21,1,6,0,204282.718,208650.079,204443.47,203713.134
2023-06-13 22:00:00,211992.699,22,1,6,0,206581.234,212145.71,209312.953,203626.932
2023-06-13 23:00:00,212342.309,23,1,6,0,211992.699,211179.906,206603.408,203620.556
2023-06-14 00:00:00,209179.767,0,2,6,0,212342.309,208244.421,202866.11,203668.99
2023-06-14 01:00:00,204254.689,1,2,6,0,209179.767,204334.201,197741.353,203707.962
2023-06-14 02:00:00,199379.966,2,2,6,0,204254.689,199688.139,193768.932,203704.649
2023-06-14 03:00:00,195502.035,3,2,6,0,199379.966,195888.806,190267.229,203691.809
2023-06-14 04:00:00,193488.835,4,2,6,0,195502.035,193944.608,188133.452,203675.693
2023-06-14 05:00:00,192509.919,5,2,6,0,193488.835,192768.458,186707.372,203656.703
2023-06-14 06:00:00,191285.556,6,2,6,0,192509.919,191355.011,184968.111,203645.93
2023-06-14 07:00:00,192417.171,7,2,6,0,191285.556,192809.64,187383.58,203643.036
2023-06-14 08:00:00,194681.6,8,2,6,0,192417.171,197401.205,192049.633,203626.684
2023-06-14 09:00:00,201042.759,9,2,6,0,194681.6,205488.665,201851.385,203513.367
2023-06-14 10:00:00,204881.141,10,2,6,0,201042.759,210983.022,204480.4,203328.121
2023-06-14 11:00:00,205359.994,11,2,6,0,204881.141,210848.356,209574.453,203073.876
2023-06-14 12:00:00,205070.948,12,2,6,0,205359.994,210016.494,210945.065,202845.194
2023-06-14 13:00:00,205328.541,13,2,6,0,205070.948,208478.703,211531.661,202639.129
2023-06-14 14:00:00,210885.355,14,2,6,0,205328.541,213017.06,216247.511,202507.873
2023-06-14 15:00:00,213567.7,15,2,6,0,210885.355,214517.813,216930.875,202419.052
2023-06-14 16:00:00,208610.844,16,2,6,0,213567.7,207787.747,210840.664,202379.464
2023-06-14 17:00:00,198102.72,17,2,6,0,208610.844,200745.699,200188.287,202413.759
2023-06-14 18:00:00,191575.371,18,2,6,0,198102.72,194014.13,193237.354,202303.635
2023-06-14 19:00:00,198613.272,19,2,6,0,191575.371,200524.614,200744.788,202202.02
2023-06-14 20:00:00,203393.51,20,2,6,0,198613.272,204282.718,203246.668,202122.381
2023-06-14 21:00:00,206252.261,21,2,6,0,203393.51,206581.234,204791.68,202085.331
2023-06-14 22:00:00,210857.221,22,2,6,0,206252.261,211992.699,209864.973,202071.623
2023-06-14 23:00:00,210907.93,23,2,6,0,210857.221,212342.309,209032.286,202024.312
2023-06-15 00:00:00,207172.799,0,3,6,0,210907.93,209179.767,205099.81,201964.546
2023-06-15 01:00:00,202833.299,1,3,6,0,207172.799,204254.689,200309.014,201880.922
2023-06-15 02:00:00,198290.877,2,3,6,0,202833.299,199379.966,196075.611,201821.698
2023-06-15 03:00:00,193326.934,3,3,6,0,198290.877,195502.035,192555.287,201776.319
2023-06-15 04:00:00,191206.627,4,3,6,0,193326.934,193488.835,189953.272,201685.69
2023-06-15 05:00:00,190721.448,5,3,6,0,191206.627,192509.919,188168.142,201590.598
2023-06-15 06:00:00,189670.933,6,3,6,0,190721.448,191285.556,186704.568,201516.078
2023-06-15 07:00:00,191451.279,7,3,6,0,189670.933,192417.171,188005.39,201448.802
2023-06-15 08:00:00,193485.975,8,3,6,0,191451.279,194681.6,194152.032,201408.557
2023-06-15 09:00:00,198114.92,9,3,6,0,193485.975,201042.759,204191.491,201358.739
2023-06-15 10:00:00,201238.132,10,3,6,0,198114.92,204881.141,210284.216,201236.746
2023-06-15 11:00:00,202561.669,11,3,6,0,201238.132,205359.994,213943.711,201084.954
2023-06-15 12:00:00,201909.986,12,3,6,0,202561.669,205070.948,215094.583,200968.357
2023-06-15 13:00:00,201945.217,13,3,6,0,201909.986,205328.541,215183.565,200836.65
2023-06-15 14:00:00,206752.916,14,3,6,0,201945.217,210885.355,220641.713,200695.678
2023-06-15 15:00:00,209818.166,15,3,6,0,206752.916,213567.7,220211.279,200523.493
2023-06-15 16:00:00,205272.287,16,3,6,0,209818.166,208610.844,211831.268,200367.263
2023-06-15 17:00:00,197140.582,17,3,6,0,205272.287,198102.72,200647.886,200228.156
2023-06-15 18:00:00,189605.289,18,3,6,0,197140.582,191575.371,194033.547,200188.067
2023-06-15 19:00:00,198546.317,19,3,6,0,189605.289,198613.272,202801.811,200105.98
2023-06-15 20:00:00,203044.41,20,3,6,0,198546.317,203393.51,206240.832,200103.191
2023-06-15 21:00:00,206091.129,21,3,6,0,203044.41,206252.261,207959.007,200088.645
2023-06-15 22:00:00,209659.106,22,3,6,0,206091.129,210857.221,213189.805,200081.931
2023-06-15 23:00:00,207324.173,23,3,6,0,209659.106,210907.93,211356.452,200032.009
2023-06-16 00:00:00,204423.446,0,4,6,0,207324.173,207172.799,207859.618,199882.686
2023-06-16 01:00:00,201894.315,1,4,6,0,204423.446,202833.299,203581.244,199768.13
2023-06-16 02:00:00,198670.524,2,4,6,0,201894.315,198290.877,198369.641,199729.006
2023-06-16 03:00:00,195447.126,3,4,6,0,198670.524,193326.934,195894.306,199744.824
2023-06-16 04:00:00,194442.576,4,4,6,0,195447.126,191206.627,192906.738,199833.166
2023-06-16 05:00:00,193172.937,5,4,6,0,194442.576,190721.448,190980.521,199967.997
2023-06-16 06:00:00,191952.222,6,4,6,0,193172.937,189670.933,189746.357,200070.142
2023-06-16 07:00:00,193715.171,7,4,6,0,191952.222,191451.279,189800.934,200165.196
2023-06-16 08:00:00,196102.353,8,4,6,0,193715.171,193485.975,193497.13,200259.525
2023-06-16 09:00:00,202642.57,9,4,6,0,196102.353,198114.92,204571.711,200368.54
2023-06-16 10:00:00,207418.626,10,4,6,0,202642.57,201238.132,212287.938,200557.192
2023-06-16 11:00:00,207940.631,11,4,6,0,207418.626,202561.669,216608.766,200814.713
2023-06-16 12:00:00,206716.939,12,4,6,0,207940.631,201909.986,217435.104,201038.836
2023-06-16 13:00:00,205625.663,13,4,6,0,206716.939,201945.217,217217.97,201239.126
2023-06-16 14:00:00,210725.417,14,4,6,0,205625.663,206752.916,221798.127,201392.478
2023-06-16 15:00:00,210184.553,15,4,6,0,210725.417,209818.166,220997.709,201557.999
2023-06-16 16:00:00,205238.49,16,4,6,0,210184.553,205272.287,211246.732,201573.265
2023-06-16 17:00:00,195757.629,17,4,6,0,205238.49,197140.582,199401.536,201571.857
2023-06-16 18:00:00,189207.715,18,4,6,0,195757.629,189605.289,192805.191,201514.234
2023-06-16 19:00:00,199958.84,19,4,6,0,189207.715,198546.317,202437.797,201497.668
2023-06-16 20:00:00,203940.551,20,4,6,0,199958.84,203044.41,205333.425,201556.523
2023-06-16 21:00:00,206797.096,21,4,6,0,203940.551,206091.129,208109.345,201593.863
2023-06-16 22:00:00,210064.807,22,4,6,0,206797.096,209659.106,212353.586,201623.278
2023-06-16 23:00:00,208131.157,23,4,6,0,210064.807,207324.173,211300.084,201640.182
2023-06-17 00:00:00,204232.135,0,5,6,1,208131.157,204423.446,207782.43,201673.806
2023-06-17 01:00:00,201106.912,1,5,6,1,204232.135,201894.315,203507.741,201665.835
2023-06-17 02:00:00,198196.599,2,5,6,1,201106.912,198670.524,199095.438,201633.027
2023-06-17 03:00:00,194430.542,3,5,6,1,198196.599,195447.126,194906.314,201613.28
2023-06-17 04:00:00,193639.916,4,5,6,1,194430.542,194442.576,192472.124,201570.922
2023-06-17 05:00:00,193135.995,5,5,6,1,193639.916,193172.937,191463.867,201537.478
2023-06-17 06:00:00,190678.289,6,5,6,1,193135.995,191952.222,189239.486,201535.939
2023-06-17 07:00:00,190596.847,7,5,6,1,190678.289,193715.171,189462.069,201482.858
2023-06-17 08:00:00,192745.758,8,5,6,1,190596.847,196102.353,193659.902,201352.928
2023-06-17 09:00:00,199650.562,9,5,6,1,192745.758,202642.57,202056.044,201213.07
2023-06-17 10:00:00,204632.488,10,5,6,1,199650.562,207418.626,207088.221,201088.403
2023-06-17 11:00:00,207508.111,11,5,6,1,204632.488,207940.631,210444.659,200972.314
2023-06-17 12:00:00,209129.97,12,5,6,1,207508.111,206716.939,211896.274,200954.292
2023-06-17 13:00:00,208725.3,13,5,6,1,209129.97,205625.663,212084.356,201054.835
2023-06-17 14:00:00,210541.898,14,5,6,1,208725.3,210725.417,217096.482,201183.987
2023-06-17 15:00:00,209628.227,15,5,6,1,210541.898,210184.553,216300.875,201176.34
2023-06-17 16:00:00,205586.255,16,5,6,1,209628.227,205238.49,206252.939,201153.16
2023-06-17 17:00:00,196299.046,17,5,6,1,205586.255,195757.629,194840.602,201167.65
2023-06-17 18:00:00,190822.828,18,5,6,1,196299.046,189207.715,188489.465,201190.209
2023-06-17 19:00:00,199399.952,19,5,6,1,190822.828,199958.84,196560.006,201257.505
2023-06-17 20:00:00,202853.844,20,5,6,1,199399.952,203940.551,200128.282,201234.218
2023-06-17 21:00:00,205115.572,21,5,6,1,202853.844,206797.096,201093.399,201188.939
2023-06-17 22:00:00,208508.038,22,5,6,1,205115.572,210064.807,205661.496,201118.875
2023-06-17 23:00:00,206754.511,23,5,6,1,208508.038,208131.157,205324.166,201054.01
2023-06-18 00:00:00,202156.815,0,6,6,1,206754.511,204232.135,202122.79,200996.65
2023-06-18 01:00:00,198760.61,1,6,6,1,202156.815,201106.912,197396.2,200910.178
2023-06-18 02:00:00,195020.589,2,6,6,1,198760.61,198196.599,192667.412,200812.416
2023-06-18 03:00:00,190868.636,3,6,6,1,195020.589,194430.542,188268.812,200680.082
2023-06-18 04:00:00,188893.058,4,6,6,1,190868.636,193639.916,185704.734,200531.669
2023-06-18 05:00:00,187717.154,5,6,6,1,188893.058,193135.995,183380.764,200333.883
2023-06-18 06:00:00,184119.704,6,6,6,1,187717.154,190678.289,180211.261,200108.098
2023-06-18 07:00:00,182375.09,7,6,6,1,184119.704,190596.847,181282.894,199834.824
2023-06-18 08:00:00,183613.601,8,6,6,1,182375.09,192745.758,185099.43,199492.251
2023-06-18 09:00:00,188031.879,9,6,6,1,183613.601,199650.562,188397.827,199111.744
2023-06-18 10:00:00,193048.235,10,6,6,1,188031.879,204632.488,192236.217,198627.632
2023-06-18 11:00:00,197223.542,11,6,6,1,193048.235,207508.111,195771.915,198144.955
2023-06-18 12:00:00,198527.597,12,6,6,1,197223.542,209129.97,196992.139,197716.431
2023-06-18 13:00:00,198220.138,13,6,6,1,198527.597,208725.3,197227.421,197274.666
2023-06-18 14:00:00,199269.425,14,6,6,1,198220.138,210541.898,200569.266,196836.951
2023-06-18 15:00:00,199106.196,15,6,6,1,199269.425,209628.227,200292.563,196367.264
2023-06-18 16:00:00,190508.148,16,6,6,1,199106.196,205586.255,192988.309,195928.846
2023-06-18 17:00:00,178980.981,17,6,6,1,190508.148,196299.046,183909.4,195300.592
2023-06-18 18:00:00,173544.139,18,6,6,1,178980.981,190822.828,177359.933,194579.006
2023-06-18 19:00:00,185710.493,19,6,6,1,173544.139,199399.952,187528.175,193859.061
2023-06-18 20:00:00,191808.918,20,6,6,1,185710.493,202853.844,194063.708,193288.666
2023-06-18 21:00:00,195594.236,21,6,6,1,191808.918,205115.572,199048.613,192828.461
2023-06-18 22:00:00,200217.093,22,6,6,1,195594.236,208508.038,204923.029,192431.739
2023-06-18 23:00:00,198975.138,23,6,6,1,200217.093,206754.511,204605.437,192086.283
2023-06-19 00:00:00,193360.344,0,0,6,0,198975.138,202156.815,201635.047,191762.142
2023-06-19 01:00:00,189556.453,1,0,6,0,193360.344,198760.61,196622.972,191395.623
2023-06-19 02:00:00,185842.767,2,0,6,0,189556.453,195020.589,191796.224,191012.116
2023-06-19 03:00:00,181881.285,3,0,6,0,185842.767,190868.636,187960.306,190629.707
2023-06-19 04:00:00,179675.988,4,0,6,0,181881.285,188893.058,186434.763,190255.234
2023-06-19 05:00:00,179328.306,5,0,6,0,179675.988,187717.154,185119.637,189871.189
2023-06-19 06:00:00,181057.381,6,0,6,0,179328.306,184119.704,185231.083,189521.654
2023-06-19 07:00:00,184085.719,7,0,6,0,181057.381,182375.09,188833.41,189394.057
2023-06-19 08:00:00,188879.323,8,0,6,0,184085.719,183613.601,193656.946,189465.333
2023-06-19 09:00:00,196794.141,9,0,6,0,188879.323,188031.879,203694.71,189684.738
2023-06-19 10:00:00,204402.39,10,0,6,0,196794.141,193048.235,210330.35,190049.833
2023-06-19 11:00:00,209058.038,11,0,6,0,204402.39,197223.542,214289.805,190522.923
2023-06-19 12:00:00,210810.37,12,0,6,0,209058.038,198527.597,213599.104,191016.027
2023-06-19 13:00:00,209226.649,13,0,6,0,210810.37,198220.138,212366.271,191527.809
2023-06-19 14:00:00,212048.542,14,0,6,0,209226.649,199269.425,216466.204,191986.413
2023-06-19 15:00:00,210717.557,15,0,6,0,212048.542,199106.196,216527.741,192518.877
2023-06-19 16:00:00,203168.027,16,0,6,0,210717.557,190508.148,210390.906,193002.683
2023-06-19 17:00:00,193627.963,17,0,6,0,203168.027,178980.981,200737.001,193530.178
2023-06-19 18:00:00,189126.492,18,0,6,0,193627.963,173544.139,193677.309,194140.469
2023-06-19 19:00:00,199517.195,19,0,6,0,189126.492,185710.493,200564.708,194789.734
2023-06-19 20:00:00,201667.141,20,0,6,0,199517.195,191808.918,205003.401,195365.013
2023-06-19 21:00:00,202534.383,21,0,6,0,201667.141,195594.236,208650.079,195775.772
2023-06-19 22:00:00,206424.892,22,0,6,0,202534.383,200217.093,212145.71,196064.945
2023-06-19 23:00:00,204724.492,23,0,6,0,206424.892,198975.138,211179.906,196323.604
2023-06-20 00:00:00,199776.988,0,1,6,0,204724.492,193360.344,208244.421,196563.16
2023-06-20 01:00:00,195081.825,1,1,6,0,199776.988,189556.453,204334.201,196830.52
2023-06-20 02:00:00,190311.995,2,1,6,0,195081.825,185842.767,199688.139,197060.744
2023-06-20 03:00:00,187305.261,3,1,6,0,190311.995,181881.285,195888.806,197246.962
2023-06-20 04:00:00,185659.435,4,1,6,0,187305.261,179675.988,193944.608,197472.961
2023-06-20 05:00:00,185328.998,5,1,6,0,185659.435,179328.306,192768.458,197722.271
2023-06-20 06:00:00,185534.38,6,1,6,0,185328.998,181057.381,191355.011,197972.3
2023-06-20 07:00:00,186908.321,7,1,6,0,185534.38,184085.719,192809.64,198158.841
2023-06-20 08:00:00,191713.724,8,1,6,0,186908.321,188879.323,197401.205,198276.45
2023-06-20 09:00:00,200852.59,9,1,6,0,191713.724,196794.141,205488.665,198394.55
2023-06-20 10:00:00,206377.579,10,1,6,0,200852.59,204402.39,210983.022,198563.652
2023-06-20 11:00:00,210194.414,11,1,6,0,206377.579,209058.038,210848.356,198645.952
2023-06-20 12:00:00,212607.823,12,1,6,0,210194.414,210810.37,210016.494,198693.301
2023-06-20 13:00:00,210414.457,13,1,6,0,212607.823,209226.649,208478.703,198768.194
2023-06-20 14:00:00,212957.783,14,1,6,0,210414.457,212048.542,213017.06,198817.686
2023-06-20 15:00:00,212165.113,15,1,6,0,212957.783,210717.557,214517.813,198855.571
2023-06-20 16:00:00,204947.21,16,1,6,0,212165.113,203168.027,207787.747,198915.886
2023-06-20 17:00:00,194460.528,17,1,6,0,204947.21,193627.963,200745.699,198990.019
2023-06-20 18:00:00,189287.683,18,1,6,0,194460.528,189126.492,194014.13,199024.709
2023-06-20 19:00:00,198494.458,19,1,6,0,189287.683,199517.195,200524.614,199031.425
2023-06-20 20:00:00,202039.464,20,1,6,0,198494.458,201667.141,204282.718,198988.811
2023-06-20 21:00:00,204979.018,21,1,6,0,202039.464,202534.383,206581.234,199004.325
2023-06-20 22:00:00,208154.689,22,1,6,0,204979.018,206424.892,211992.699,199106.185
2023-06-20 23:00:00,206862.413,23,1,6,0,208154.689,204724.492,212342.309,199178.26
2023-06-21 00:00:00,203207.158,0,2,6,0,206862.413,199776.988,209179.767,199267.34
2023-06-21 01:00:00,198637.461,1,2,6,0,203207.158,195081.825,204254.689,199410.263
2023-06-21 02:00:00,194143.712,2,2,6,0,198637.461,190311.995,199379.966,199558.415
2023-06-21 03:00:00,190110.884,3,2,6,0,194143.712,187305.261,195502.035,199718.07
2023-06-21 04:00:00,188247.492,4,2,6,0,190110.884,185659.435,193488.835,199834.971
2023-06-21 05:00:00,188581.94,5,2,6,0,188247.492,185328.998,192509.919,199942.806
2023-06-21 06:00:00,188694.128,6,2,6,0,188581.94,185534.38,191285.556,200078.346
2023-06-21 07:00:00,190244.314,7,2,6,0,188694.128,186908.321,192417.171,200210.002
2023-06-21 08:00:00,193823.836,8,2,6,0,190244.314,191713.724,194681.6,200349.001
2023-06-21 09:00:00,201304.013,9,2,6,0,193823.836,200852.59,201042.759,200436.923
2023-06-21 10:00:00,207562.696,10,2,6,0,201304.013,206377.579,204881.141,200455.732
2023-06-21 11:00:00,211121.428,11,2,6,0,207562.696,210194.414,205359.994,200505.112
2023-06-21 12:00:00,213117.401,12,2,6,0,211121.428,212607.823,205070.948,200543.738
2023-06-21 13:00:00,212819.662,13,2,6,0,213117.401,210414.457,205328.541,200564.97
2023-06-21 14:00:00,215488.914,14,2,6,0,212819.662,212957.783,210885.355,200665.187
2023-06-21 15:00:00,215524.038,15,2,6,0,215488.914,212165.113,213567.7,200770.651
2023-06-21 16:00:00,207108.735,16,2,6,0,215524.038,204947.21,208610.844,200910.606
2023-06-21 17:00:00,198140.819,17,2,6,0,207108.735,194460.528,198102.72,201000.669
2023-06-21 18:00:00,192997.726,18,2,6,0,198140.819,189287.683,191575.371,201154.015
2023-06-21 19:00:00,201608.796,19,2,6,0,192997.726,198494.458,198613.272,201308.6
2023-06-21 20:00:00,204821.082,20,2,6,0,201608.796,202039.464,203393.51,201438.364
2023-06-21 21:00:00,206164.868,21,2,6,0,204821.082,204979.018,206252.261,201554.265
2023-06-21 22:00:00,209708.234,22,2,6,0,206164.868,208154.689,210857.221,201603.675
2023-06-21 23:00:00,207679.088,23,2,6,0,209708.234,206862.413,210907.93,201668.406
2023-06-22 00:00:00,203125.368,0,3,6,0,207679.088,203207.158,207172.799,201702.434
2023-06-22 01:00:00,198246.7,1,3,6,0,203125.368,198637.461,202833.299,201699.026
2023-06-22 02:00:00,193496.181,2,3,6,0,198246.7,194143.712,198290.877,201682.745
2023-06-22 03:00:00,189778.729,3,3,6,0,193496.181,190110.884,193326.934,201655.764
2023-06-22 04:00:00,188075.42,4,3,6,0,189778.729,188247.492,191206.627,201641.924
2023-06-22 05:00:00,188297.527,5,3,6,0,188075.42,188581.94,190721.448,201634.755
2023-06-22 06:00:00,189770.08,6,3,6,0,188297.527,188694.128,189670.933,201622.904
2023-06-22 07:00:00,190776.464,7,3,6,0,189770.08,190244.314,191451.279,201667.736
2023-06-22 08:00:00,193572.93,8,3,6,0,190776.464,193823.836,193485.975,201689.909
2023-06-22 09:00:00,201269.052,9,3,6,0,193572.93,201304.013,198114.92,201679.454
2023-06-22 10:00:00,208078.712,10,3,6,0,201269.052,207562.696,201238.132,201677.997
2023-06-22 11:00:00,212616.992,11,3,6,0,208078.712,211121.428,202561.669,201699.498
2023-06-22 12:00:00,212803.771,12,3,6,0,212616.992,213117.401,201909.986,201761.813
2023-06-22 13:00:00,211856.536,13,3,6,0,212803.771,212819.662,201945.217,201748.745
2023-06-22 14:00:00,214060.475,14,3,6,0,211856.536,215488.914,206752.916,201708.615
2023-06-22 15:00:00,213014.295,15,3,6,0,214060.475,215524.038,209818.166,201649.097
2023-06-22 16:00:00,207219.882,16,3,6,0,213014.295,207108.735,205272.287,201544.524
2023-06-22 17:00:00,201006.024,17,3,6,0,207219.882,198140.819,197140.582,201549.155
2023-06-22 18:00:00,197082.25,18,3,6,0,201006.024,192997.726,189605.289,201668.539
2023-06-22 19:00:00,206720.011,19,3,6,0,197082.25,201608.796,198546.317,201838.727
2023-06-22 20:00:00,210192.438,20,3,6,0,206720.011,204821.082,203044.41,202051.695
2023-06-22 21:00:00,211679.399,21,3,6,0,210192.438,206164.868,206091.129,202275.501
2023-06-22 22:00:00,214135.865,22,3,6,0,211679.399,209708.234,209659.106,202505.273
2023-06-22 23:00:00,211491.784,23,3,6,0,214135.865,207679.088,207324.173,202689.758
2023-06-23 00:00:00,207426.804,0,4,6,0,211491.784,203125.368,204423.446,202848.62
2023-06-23 01:00:00,202772.82,1,4,6,0,207426.804,198246.7,201894.315,203027.847
2023-06-23 02:00:00,197480.596,2,4,6,0,202772.82,193496.181,198670.524,203216.435
2023-06-23 03:00:00,193967.364,3,4,6,0,197480.596,189778.729,195447.126,203382.452
2023-06-23 04:00:00,191678.808,4,4,6,0,193967.364,188075.42,194442.576,203556.979
2023-06-23 05:00:00,190026.165,5,4,6,0,191678.808,188297.527,193172.937,203707.12
2023-06-23 06:00:00,186643.305,6,4,6,0,190026.165,189770.08,191952.222,203779.147
2023-06-23 07:00:00,185540.389,7,4,6,0,186643.305,190776.464,193715.171,203648.864
2023-06-23 08:00:00,196284.255,8,4,6,0,185540.389,193572.93,196102.353,203430.694
2023-06-23 09:00:00,203809.38,9,4,6,0,196284.255,201269.052,202642.57,203543.666
2023-06-23 10:00:00,209355.359,10,4,6,0,203809.38,208078.712,207418.626,203649.513
2023-06-23 11:00:00,212339.122,11,4,6,0,209355.359,212616.992,207940.631,203702.707
2023-06-23 12:00:00,214461.819,12,4,6,0,212339.122,212803.771,206716.939,203691.129
2023-06-23 13:00:00,212868.735,13,4,6,0,214461.819,211856.536,205625.663,203760.214
2023-06-23 14:00:00,214594.637,14,4,6,0,212868.735,214060.475,210725.417,203802.389
2023-06-23 15:00:00,214431.105,15,4,6,0,214594.637,213014.295,210184.553,203824.646
2023-06-23 16:00:00,208163.366,16,4,6,0,214431.105,207219.882,205238.49,203883.68
2023-06-23 17:00:00,201336.841,17,4,6,0,208163.366,201006.024,195757.629,203922.992
2023-06-23 18:00:00,197991.597,18,4,6,0,201336.841,197082.25,189207.715,203936.776
2023-06-23 19:00:00,207548.919,19,4,6,0,197991.597,206720.011,199958.84,203974.665
2023-06-23 20:00:00,209036.589,20,4,6,0,207548.919,210192.438,203940.551,204009.203
2023-06-23 21:00:00,210036.09,21,4,6,0,209036.589,211679.399,206797.096,203961.043
2023-06-23 22:00:00,212092.937,22,4,6,0,210036.09,214135.865,210064.807,203892.571
2023-06-23 23:00:00,210082.774,23,4,6,0,212092.937,211491.784,208131.157,203807.449
2023-06-24 00:00:00,205050.879,0,5,6,1,210082.774,207426.804,204232.135,203748.741
2023-06-24 01:00:00,200123.466,1,5,6,1,205050.879,202772.82,201106.912,203649.744
2023-06-24 02:00:00,195776.806,2,5,6,1,200123.466,197480.596,198196.599,203539.354
2023-06-24 03:00:00,192490.146,3,5,6,1,195776.806,193967.364,194430.542,203468.363
2023-06-24 04:00:00,191083.04,4,5,6,1,192490.146,191678.808,193639.916,203406.812
2023-06-24 05:00:00,190693.137,5,5,6,1,191083.04,190026.165,193135.995,203381.988
2023-06-24 06:00:00,190740.513,6,5,6,1,190693.137,186643.305,190678.289,203409.779
2023-06-24 07:00:00,191337.546,7,5,6,1,190740.513,185540.389,190596.847,203580.496
2023-06-24 08:00:00,194284.079,8,5,6,1,191337.546,196284.255,192745.758,203822.044
2023-06-24 09:00:00,200410.726,9,5,6,1,194284.079,203809.38,199650.562,203738.703
2023-06-24 10:00:00,205907.224,10,5,6,1,200410.726,209355.359,204632.488,203597.093
2023-06-24 11:00:00,208649.54,11,5,6,1,205907.224,212339.122,207508.111,203453.421
2023-06-24 12:00:00,208313.334,12,5,6,1,208649.54,214461.819,209129.97,203299.688
2023-06-24 13:00:00,205648.18,13,5,6,1,208313.334,212868.735,208725.3,203043.501
2023-06-24 14:00:00,207043.006,14,5,6,1,205648.18,214594.637,210541.898,202742.645
2023-06-24 15:00:00,205584.408,15,5,6,1,207043.006,214431.105,209628.227,202427.993
2023-06-24 16:00:00,198483.345,16,5,6,1,205584.408,208163.366,205586.255,202059.381
2023-06-24 17:00:00,192136.209,17,5,6,1,198483.345,201336.841,196299.046,201656.047
2023-06-24 18:00:00,189974.074,18,5,6,1,192136.209,197991.597,190822.828,201272.687
2023-06-24 19:00:00,199060.352,19,5,6,1,189974.074,207548.919,199399.952,200938.624
2023-06-24 20:00:00,200005.845,20,5,6,1,199060.352,209036.589,202853.844,200584.933
2023-06-24 21:00:00,200202.709,21,5,6,1,200005.845,210036.09,205115.572,200208.652
2023-06-24 22:00:00,202500.87,22,5,6,1,200202.709,212092.937,208508.038,199798.928
2023-06-24 23:00:00,200885.123,23,5,6,1,202500.87,210082.774,206754.511,199399.259
2023-06-25 00:00:00,196168.161,0,6,6,1,200885.123,205050.879,202156.815,199016.023
2023-06-25 01:00:00,190751.025,1,6,6,1,196168.161,200123.466,198760.61,198645.91
2023-06-25 02:00:00,184851.988,2,6,6,1,190751.025,195776.806,195020.589,198255.392
2023-06-25 03:00:00,178339.832,3,6,6,1,184851.988,192490.146,190868.636,197800.191
2023-06-25 04:00:00,174871.536,4,6,6,1,178339.832,191083.04,188893.058,197210.594
2023-06-25 05:00:00,172378.131,5,6,6,1,174871.536,190693.137,187717.154,196535.115
2023-06-25 06:00:00,171275.39,6,6,6,1,172378.131,190740.513,184119.704,195771.99
2023-06-25 07:00:00,171763.36,7,6,6,1,171275.39,191337.546,182375.09,194960.943
2023-06-25 08:00:00,173566.101,8,6,6,1,171763.36,194284.079,183613.601,194145.352
2023-06-25 09:00:00,177743.268,9,6,6,1,173566.101,200410.726,188031.879,193282.103
2023-06-25 10:00:00,180159.654,10,6,6,1,177743.268,205907.224,193048.235,192337.625
2023-06-25 11:00:00,182389.223,11,6,6,1,180159.654,208649.54,197223.542,191264.81
2023-06-25 12:00:00,182269.717,12,6,6,1,182389.223,208313.334,198527.597,190170.63
2023-06-25 13:00:00,180254.608,13,6,6,1,182269.717,205648.18,198220.138,189085.479
2023-06-25 14:00:00,179679.866,14,6,6,1,180254.608,207043.006,199269.425,188027.414
2023-06-25 15:00:00,177491.738,15,6,6,1,179679.866,205584.408,199106.196,186887.283
2023-06-25 16:00:00,172726.478,16,6,6,1,177491.738,198483.345,190508.148,185716.755
2023-06-25 17:00:00,167775.003,17,6,6,1,172726.478,192136.209,178980.981,184643.552
2023-06-25 18:00:00,167676.183,18,6,6,1,167775.003,189974.074,173544.139,183628.502
2023-06-25 19:00:00,179596.824,19,6,6,1,167676.183,199060.352,185710.493,182699.423
2023-06-25 20:00:00,183317.992,20,6,6,1,179596.824,200005.845,191808.918,181888.443
2023-06-25 21:00:00,184295.024,21,6,6,1,183317.992,200202.709,195594.236,181193.116
2023-06-25 22:00:00,185445.121,22,6,6,1,184295.024,202500.87,200217.093,180530.296
2023-06-25 23:00:00,182436.492,23,6,6,1,185445.121,200885.123,198975.138,179819.639
2023-06-26 00:00:00,177132.236,0,0,6,0,182436.492,196168.161,193360.344,179050.946
2023-06-26 01:00:00,172186.234,1,0,6,0,177132.236,190751.025,189556.453,178257.783
2023-06-26 02:00:00,168064.038,2,0,6,0,172186.234,184851.988,185842.767,177484.25
2023-06-26 03:00:00,164571.528,3,0,6,0,168064.038,178339.832,181881.285,176784.752
2023-06-26 04:00:00,163175.96,4,0,6,0,164571.528,174871.536,179675.988,176211.073
2023-06-26 05:00:00,163632.306,5,0,6,0,163175.96,172378.131,179328.306,175723.757
2023-06-26 06:00:00,167897.042,6,0,6,0,163632.306,171275.39,181057.381,175359.348
2023-06-26 07:00:00,172824.466,7,0,6,0,167897.042,171763.36,184085.719,175218.583
2023-06-26 08:00:00,177035.305,8,0,6,0,172824.466,173566.101,188879.323,175262.796
2023-06-26 09:00:00,183754.399,9,0,6,0,177035.305,177743.268,196794.141,175407.346
2023-06-26 10:00:00,188222.795,10,0,6,0,183754.399,180159.654,204402.39,175657.81
2023-06-26 11:00:00,189854.687,11,0,6,0,188222.795,182389.223,209058.038,175993.774
2023-06-26 12:00:00,188224.818,12,0,6,0,189854.687,182269.717,210810.37,176304.835
2023-06-26 13:00:00,184779.777,13,0,6,0,188224.818,180254.608,209226.649,176552.964
2023-06-26 14:00:00,185796.902,14,0,6,0,184779.777,179679.866,212048.542,176741.513
2023-06-26 15:00:00,185687.422,15,0,6,0,185796.902,177491.738,210717.557,176996.39
2023-06-26 16:00:00,182731.145,16,0,6,0,185687.422,172726.478,203168.027,177337.876
2023-06-26 17:00:00,179805.623,17,0,6,0,182731.145,167775.003,193627.963,177754.737
2023-06-26 18:00:00,179745.628,18,0,6,0,179805.623,167676.183,189126.492,178256.013
2023-06-26 19:00:00,189613.847,19,0,6,0,179745.628,179596.824,199517.195,178758.907
2023-06-26 20:00:00,192073.586,20,0,6,0,189613.847,183317.992,201667.141,179176.283
2023-06-26 21:00:00,192260.418,21,0,6,0,192073.586,184295.024,202534.383,179541.099
2023-06-26 22:00:00,192612.874,22,0,6,0,192260.418,185445.121,206424.892,179872.991
2023-06-26 23:00:00,188819.683,23,0,6,0,192612.874,182436.492,204724.492,180171.647
2023-06-27 00:00:00,182762.74,0,1,6,0,188819.683,177132.236,199776.988,180437.613
2023-06-27 01:00:00,177548.499,1,1,6,0,182762.74,172186.234,195081.825,180672.218
2023-06-27 02:00:00,173123.229,2,1,6,0,177548.499,168064.038,190311.995,180895.645
2023-06-27 03:00:00,169314.063,3,1,6,0,173123.229,164571.528,187305.261,181106.445
2023-06-27 04:00:00,168158.68,4,1,6,0,169314.063,163175.96,185659.435,181304.051
2023-06-27 05:00:00,169073.671,5,1,6,0,168158.68,163632.306,185328.998,181511.664
2023-06-27 06:00:00,173021.975,6,1,6,0,169073.671,167897.042,185534.38,181738.387
2023-06-27 07:00:00,176685.843,7,1,6,0,173021.975,172824.466,186908.321,181951.926
2023-06-27 08:00:00,180558.913,8,1,6,0,176685.843,177035.305,191713.724,182112.817
2023-06-27 09:00:00,188544.822,9,1,6,0,180558.913,183754.399,200852.59,182259.634
2023-06-27 10:00:00,192673.93,10,1,6,0,188544.822,188222.795,206377.579,182459.235
2023-06-27 11:00:00,193991.352,11,1,6,0,192673.93,189854.687,210194.414,182644.699
2023-06-27 12:00:00,192648.105,12,1,6,0,193991.352,188224.818,212607.823,182817.06
2023-06-27 13:00:00,188395.757,13,1,6,0,192648.105,184779.777,210414.457,183001.364
2023-06-27 14:00:00,189513.38,14,1,6,0,188395.757,185796.902,212957.783,183152.029
2023-06-27 15:00:00,188253.899,15,1,6,0,189513.38,185687.422,212165.113,183306.883
2023-06-27 16:00:00,184025.432,16,1,6,0,188253.899,182731.145,204947.21,183413.819
2023-06-27 17:00:00,180709.689,17,1,6,0,184025.432,179805.623,194460.528,183467.748
2023-06-27 18:00:00,180050.759,18,1,6,0,180709.689,179745.628,189287.683,183505.417
2023-06-27 19:00:00,189073.673,19,1,6,0,180050.759,189613.847,198494.458,183518.131
2023-06-27 20:00:00,190576.286,20,1,6,0,189073.673,192073.586,202039.464,183495.624
2023-06-27 21:00:00,191271.334,21,1,6,0,190576.286,192260.418,204979.018,183433.236
2023-06-27 22:00:00,191843.705,22,1,6,0,191271.334,192612.874,208154.689,183392.024
2023-06-27 23:00:00,187714.461,23,1,6,0,191843.705,188819.683,206862.413,183359.976
2023-06-28 00:00:00,181982.632,0,2,6,0,187714.461,182762.74,203207.158,183313.925
2023-06-28 01:00:00,177159.848,1,2,6,0,181982.632,177548.499,198637.461,183281.42
2023-06-28 02:00:00,172599.742,2,2,6,0,177159.848,173123.229,194143.712,183265.227
2023-06-28 03:00:00,169642.282,3,2,6,0,172599.742,169314.063,190110.884,183243.415
2023-06-28 04:00:00,168294.892,4,2,6,0,169642.282,168158.68,188247.492,183257.09
2023-06-28 05:00:00,168989.064,5,2,6,0,168294.892,169073.671,188581.94,183262.766
2023-06-28 06:00:00,173445.098,6,2,6,0,168989.064,173021.975,188694.128,183259.241
2023-06-28 07:00:00,176723.613,7,2,6,0,173445.098,176685.843,190244.314,183276.871
2023-06-28 08:00:00,179793.763,8,2,6,0,176723.613,180558.913,193823.836,183278.444
2023-06-28 09:00:00,186589.045,9,2,6,0,179793.763,188544.822,201304.013,183246.563
2023-06-28 10:00:00,190006.349,10,2,6,0,186589.045,192673.93,207562.696,183165.073
2023-06-28 11:00:00,191345.943,11,2,6,0,190006.349,193991.352,211121.428,183053.923
2023-06-28 12:00:00,191273.04,12,2,6,0,191345.943,192648.105,213117.401,182943.698
2023-06-28 13:00:00,188706.567,13,2,6,0,191273.04,188395.757,212819.662,182886.404
2023-06-28 14:00:00,190038.475,14,2,6,0,188706.567,189513.38,215488.914,182899.354
2023-06-28 15:00:00,190778.644,15,2,6,0,190038.475,188253.899,215524.038,182921.233
2023-06-28 16:00:00,185858.318,16,2,6,0,190778.644,184025.432,207108.735,183026.431
2023-06-28 17:00:00,179938.933,17,2,6,0,185858.318,180709.689,198140.819,183102.801
2023-06-28 18:00:00,179758.347,18,2,6,0,179938.933,180050.759,192997.726,183070.686
2023-06-28 19:00:00,189479.173,19,2,6,0,179758.347,189073.673,201608.796,183058.502
2023-06-28 20:00:00,191905.346,20,2,6,0,189479.173,190576.286,204821.082,183075.398
2023-06-28 21:00:00,192710.53,21,2,6,0,191905.346,191271.334,206164.868,183130.776
2023-06-28 22:00:00,193385.683,22,2,6,0,192710.53,191843.705,209708.234,183190.742
2023-06-28 23:00:00,190108.455,23,2,6,0,193385.683,187714.461,207679.088,183254.991
2023-06-29 00:00:00,184644.89,0,3,6,0,190108.455,181982.632,203125.368,183354.741
2023-06-29 01:00:00,178651.091,1,3,6,0,184644.89,177159.848,198246.7,183465.668
2023-06-29 02:00:00,173710.502,2,3,6,0,178651.091,172599.742,193496.181,183527.803
2023-06-29 03:00:00,170723.13,3,3,6,0,173710.502,169642.282,189778.729,183574.085
2023-06-29 04:00:00,169641.909,4,3,6,0,170723.13,168294.892,188075.42,183619.12
2023-06-29 05:00:00,172809.285,5,3,6,0,169641.909,168989.064,188297.527,183675.246
2023-06-29 06:00:00,176387.731,6,3,6,0,172809.285,173445.098,189770.08,183834.422
2023-06-29 07:00:00,177280.869,7,3,6,0,176387.731,176723.613,190776.464,183957.032
2023-06-29 08:00:00,180073.238,8,3,6,0,177280.869,179793.763,193572.93,183980.251
2023-06-29 09:00:00,186642.664,9,3,6,0,180073.238,186589.045,201269.052,183991.896
2023-06-29 10:00:00,189293.726,10,3,6,0,186642.664,190006.349,208078.712,183994.13
2023-06-29 11:00:00,189582.552,11,3,6,0,189293.726,191345.943,212616.992,183964.437
2023-06-29 12:00:00,187505.881,12,3,6,0,189582.552,191273.04,212803.771,183890.962
2023-06-29 13:00:00,182949.671,13,3,6,0,187505.881,188706.567,211856.536,183733.997
2023-06-29 14:00:00,183176.224,14,3,6,0,182949.671,190038.475,214060.475,183494.127
2023-06-29 15:00:00,182494.87,15,3,6,0,183176.224,190778.644,213014.295,183208.2
2023-06-29 16:00:00,180246.596,16,3,6,0,182494.87,185858.318,207219.882,182863.042
2023-06-29 17:00:00,177403.863,17,3,6,0,180246.596,179938.933,201006.024,182629.221
2023-06-29 18:00:00,177050.295,18,3,6,0,177403.863,179758.347,197082.25,182523.593
2023-06-29 19:00:00,186295.871,19,3,6,0,177050.295,189479.173,206720.011,182410.757
2023-06-29 20:00:00,189309.772,20,3,6,0,186295.871,191905.346,210192.438,182278.12
2023-06-29 21:00:00,188983.43,21,3,6,0,189309.772,192710.53,211679.399,182169.971
2023-06-29 22:00:00,189340.943,22,3,6,0,188983.43,193385.683,214135.865,182014.675
2023-06-29 23:00:00,185016.747,23,3,6,0,189340.943,190108.455,211491.784,181846.144
2023-06-30 00:00:00,178604.192,0,4,6,0,185016.747,184644.89,207426.804,181633.99
2023-06-30 01:00:00,172496.87,1,4,6,0,178604.192,178651.091,202772.82,181382.294
2023-06-30 02:00:00,167739.84,2,4,6,0,172496.87,173710.502,197480.596,181125.868
2023-06-30 03:00:00,163494.607,3,4,6,0,167739.84,170723.13,193967.364,180877.09
2023-06-30 04:00:00,161676.081,4,4,6,0,163494.607,169641.909,191678.808,180575.902
2023-06-30 05:00:00,164304.025,5,4,6,0,161676.081,172809.285,190026.165,180243.992
2023-06-30 06:00:00,169124.446,6,4,6,0,164304.025,176387.731,186643.305,179889.607
2023-06-30 07:00:00,173519.286,7,4,6,0,169124.446,177280.869,185540.389,179586.97
2023-06-30 08:00:00,176756.238,8,4,6,0,173519.286,180073.238,196284.255,179430.237
2023-06-30 09:00:00,183302.416,9,4,6,0,176756.238,186642.664,203809.38,179292.029
2023-06-30 10:00:00,186857.251,10,4,6,0,183302.416,189293.726,209355.359,179152.852
2023-06-30 11:00:00,188851.725,11,4,6,0,186857.251,189582.552,212339.122,179051.332
2023-06-30 12:00:00,188547.79,12,4,6,0,188851.725,187505.881,214461.819,179020.881
2023-06-30 13:00:00,186375.921,13,4,6,0,188547.79,182949.671,212868.735,179064.294
2023-06-30 14:00:00,188360.815,14,4,6,0,186375.921,183176.224,214594.637,179207.054
2023-06-30 15:00:00,189143.433,15,4,6,0,188360.815,182494.87,214431.105,179423.079
2023-06-30 16:00:00,185535.779,16,4,6,0,189143.433,180246.596,208163.366,179700.102
2023-06-30 17:00:00,180998.262,17,4,6,0,185535.779,177403.863,201336.841,179920.485
2023-06-30 18:00:00,178659.362,18,4,6,0,180998.262,177050.295,197991.597,180070.251
2023-06-30 19:00:00,187600.012,19,4,6,0,178659.362,186295.871,207548.919,180137.296
2023-06-30 20:00:00,190839.232,20,4,6,0,187600.012,189309.772,209036.589,180191.635
2023-06-30 21:00:00,191582.936,21,4,6,0,190839.232,188983.43,210036.09,180255.363
2023-06-30 22:00:00,192193.698,22,4,6,0,191582.936,189340.943,212092.937,180363.675
2023-06-30 23:00:00,188457.53,23,4,6,0,192193.698,185016.747,210082.774,180482.54
2023-07-01 00:00:00,183414.95,0,5,7,1,188457.53,178604.192,205050.879,180625.906
2023-07-01 01:00:00,177539.318,1,5,7,1,183414.95,172496.87,200123.466,180826.354
2023-07-01 02:00:00,173247.121,2,5,7,1,177539.318,167739.84,195776.806,181036.456
2023-07-01 03:00:00,170046.562,3,5,7,1,173247.121,163494.607,192490.146,181265.926
2023-07-01 04:00:00,168526.869,4,5,7,1,170046.562,161676.081,191083.04,181538.925
2023-07-01 05:00:00,170628.782,5,5,7,1,168526.869,164304.025,190693.137,181824.374
2023-07-01 06:00:00,174592.31,6,5,7,1,170628.782,169124.446,190740.513,182087.906
2023-07-01 07:00:00,176906.654,7,5,7,1,174592.31,173519.286,191337.546,182315.733
2023-07-01 08:00:00,179330.035,8,5,7,1,176906.654,176756.238,194284.079,182456.874
2023-07-01 09:00:00,186416.902,9,5,7,1,179330.035,183302.416,200410.726,182564.115
2023-07-01 10:00:00,191042.711,10,5,7,1,186416.902,186857.251,205907.224,182693.885
2023-07-01 11:00:00,193707.211,11,5,7,1,191042.711,188851.725,208649.54,182868.28
2023-07-01 12:00:00,194667.096,12,5,7,1,193707.211,188547.79,208313.334,183070.591
2023-07-01 13:00:00,192035.051,13,5,7,1,194667.096,186375.921,205648.18,183325.563
2023-07-01 14:00:00,194174.354,14,5,7,1,192035.051,188360.815,207043.006,183561.36
2023-07-01 15:00:00,192629.064,15,5,7,1,194174.354,189143.433,205584.408,183803.59
2023-07-01 16:00:00,187378.018,16,5,7,1,192629.064,185535.779,198483.345,183948.825
2023-07-01 17:00:00,180594.441,17,5,7,1,187378.018,180998.262,192136.209,184025.585
2023-07-01 18:00:00,179074.245,18,5,7,1,180594.441,178659.362,189974.074,184008.759
2023-07-01 19:00:00,189916.763,19,5,7,1,179074.245,187600.012,199060.352,184026.046
2023-07-01 20:00:00,193976.082,20,5,7,1,189916.763,190839.232,200005.845,184122.577
2023-07-01 21:00:00,194721.544,21,5,7,1,193976.082,191582.936,200202.709,184253.279
2023-07-01 22:00:00,195169.581,22,5,7,1,194721.544,192193.698,202500.87,184384.055
2023-07-01 23:00:00,192309.057,23,5,7,1,195169.581,188457.53,200885.123,184508.05
2023-07-02 00:00:00,187474.785,0,6,7,1,192309.057,183414.95,196168.161,184668.53
2023-07-02 01:00:00,181782.392,1,6,7,1,187474.785,177539.318,190751.025,184837.69
2023-07-02 02:00:00,176945.215,2,6,7,1,181782.392,173247.121,184851.988,185014.485
2023-07-02 03:00:00,173232.366,3,6,7,1,176945.215,170046.562,178339.832,185168.572
2023-07-02 04:00:00,171641.984,4,6,7,1,173232.366,168526.869,174871.536,185301.314
2023-07-02 05:00:00,172355.382,5,6,7,1,171641.984,170628.782,172378.131,185431.11
2023-07-02 06:00:00,173483.682,6,6,7,1,172355.382,174592.31,171275.39,185503.052
2023-07-02 07:00:00,173393.061,7,6,7,1,173483.682,176906.654,171763.36,185456.859
2023-07-02 08:00:00,174315.436,8,6,7,1,173393.061,179330.035,173566.101,185310.459
2023-07-02 09:00:00,178879.179,9,6,7,1,174315.436,186416.902,177743.268,185101.518
2023-07-02 10:00:00,183754.051,10,6,7,1,178879.179,191042.711,180159.654,184787.446
2023-07-02 11:00:00,187067.707,11,6,7,1,183754.051,193707.211,182389.223,184483.752
2023-07-02 12:00:00,187721.829,12,6,7,1,187067.707,194667.096,182269.717,184207.106
2023-07-02 13:00:00,187137.552,13,6,7,1,187721.829,192035.051,180254.608,183917.72
2023-07-02 14:00:00,188424.306,14,6,7,1,187137.552,194174.354,179679.866,183713.657
2023-07-02 15:00:00,186586.871,15,6,7,1,188424.306,192629.064,177491.738,183474.072
2023-07-02 16:00:00,179363.586,16,6,7,1,186586.871,187378.018,172726.478,183222.314
2023-07-02 17:00:00,172965.751,17,6,7,1,179363.586,180594.441,167775.003,182888.379
2023-07-02 18:00:00,172114.248,18,6,7,1,172965.751,179074.245,167676.183,182570.517
2023-07-02 19:00:00,183288.88,19,6,7,1,172114.248,189916.763,179596.824,182280.517
2023-07-02 20:00:00,189471.854,20,6,7,1,183288.88,193976.082,183317.992,182004.355
2023-07-02 21:00:00,191813.813,21,6,7,1,189471.854,194721.544,184295.024,181816.679
2023-07-02 22:00:00,194042.39,22,6,7,1,191813.813,195169.581,185445.121,181695.524
2023-07-02 23:00:00,191895.095,23,6,7,1,194042.39,192309.057,182436.492,181648.557
2023-07-03 00:00:00,187463.315,0,0,7,0,191895.095,187474.785,177132.236,181631.309
2023-07-03 01:00:00,182804.151,1,0,7,0,187463.315,181782.392,172186.234,181630.831
2023-07-03 02:00:00,178310.956,2,0,7,0,182804.151,176945.215,168064.038,181673.404
2023-07-03 03:00:00,174813.258,3,0,7,0,178310.956,173232.366,164571.528,181730.31
2023-07-03 04:00:00,174394.744,4,0,7,0,174813.258,171641.984,163175.96,181796.181
2023-07-03 05:00:00,176763.776,5,0,7,0,174394.744,172355.382,163632.306,181910.879
2023-07-03 06:00:00,181618.781,6,0,7,0,176763.776,173483.682,167897.042,182094.562
2023-07-03 07:00:00,185156.242,7,0,7,0,181618.781,173393.061,172824.466,182433.525
2023-07-03 08:00:00,188650.99,8,0,7,0,185156.242,174315.436,177035.305,182923.657
2023-07-03 09:00:00,195854.038,9,0,7,0,188650.99,178879.179,183754.399,183520.972
2023-07-03 10:00:00,200848.689,10,0,7,0,195854.038,183754.051,188222.795,184228.258
2023-07-03 11:00:00,203680.414,11,0,7,0,200848.689,187067.707,189854.687,184940.534
2023-07-03 12:00:00,204707.932,12,0,7,0,203680.414,187721.829,188224.818,185632.73
2023-07-03 13:00:00,203418.451,13,0,7,0,204707.932,187137.552,184779.777,186340.485
2023-07-03 14:00:00,206204.467,14,0,7,0,203418.451,188424.306,185796.902,187018.855
2023-07-03 15:00:00,205493.2,15,0,7,0,206204.467,186586.871,185687.422,187759.696
2023-07-03 16:00:00,199127.679,16,0,7,0,205493.2,179363.586,182731.145,188547.459
2023-07-03 17:00:00,192092.405,17,0,7,0,199127.679,172965.751,179805.623,189370.963
2023-07-03 18:00:00,190063.411,18,0,7,0,192092.405,172114.248,179745.628,190167.907
2023-07-03 19:00:00,196048.682,19,0,7,0,190063.411,183288.88,189613.847,190915.789
2023-07-03 20:00:00,197396.019,20,0,7,0,196048.682,189471.854,192073.586,191447.447
2023-07-03 21:00:00,198099.294,21,0,7,0,197396.019,191813.813,192260.418,191777.621
2023-07-03 22:00:00,199147.916,22,0,7,0,198099.294,194042.39,192612.874,192039.516
2023-07-03 23:00:00,197387.245,23,0,7,0,199147.916,191895.095,188819.683,192252.246
2023-07-04 00:00:00,194736.542,0,1,7,0,197387.245,187463.315,182762.74,192481.086
2023-07-04 01:00:00,191605.313,1,1,7,0,194736.542,182804.151,177548.499,192784.137
2023-07-04 02:00:00,188721.37,2,1,7,0,191605.313,178310.956,173123.229,193150.852
2023-07-04 03:00:00,186016.597,3,1,7,0,188721.37,174813.258,169314.063,193584.619
2023-07-04 04:00:00,185054.66,4,1,7,0,186016.597,174394.744,168158.68,194051.425
2023-07-04 05:00:00,185301.603,5,1,7,0,185054.66,176763.776,169073.671,194495.588
2023-07-04 06:00:00,188964.345,6,1,7,0,185301.603,181618.781,173021.975,194851.331
2023-07-04 07:00:00,191706.348,7,1,7,0,188964.345,185156.242,176685.843,195157.396
2023-07-04 08:00:00,193605.064,8,1,7,0,191706.348,188650.99,180558.913,195430.317
2023-07-04 09:00:00,199776.868,9,1,7,0,193605.064,195854.038,188544.822,195636.737
2023-07-04 10:00:00,204254.845,10,1,7,0,199776.868,200848.689,192673.93,195800.188
2023-07-04 11:00:00,204697.791,11,1,7,0,204254.845,203680.414,193991.352,195942.111
2023-07-04 12:00:00,205344.287,12,1,7,0,204697.791,204707.932,192648.105,195984.502
2023-07-04 13:00:00,202434.027,13,1,7,0,205344.287,203418.451,188395.757,196011.017
2023-07-04 14:00:00,203805.441,14,1,7,0,202434.027,206204.467,189513.38,195969.999
2023-07-04 15:00:00,200925.004,15,1,7,0,203805.441,205493.2,188253.899,195870.04
2023-07-04 16:00:00,194598.904,16,1,7,0,200925.004,199127.679,184025.432,195679.698
2023-07-04 17:00:00,188549.983,17,1,7,0,194598.904,192092.405,180709.689,195490.999
2023-07-04 18:00:00,187616.509,18,1,7,0,188549.983,190063.411,180050.759,195343.398
2023-07-04 19:00:00,197741.134,19,1,7,0,187616.509,196048.682,189073.673,195241.444
2023-07-04 20:00:00,201058.711,20,1,7,0,197741.134,197396.019,190576.286,195311.963
2023-07-04 21:00:00,201866.247,21,1,7,0,201058.711,198099.294,191271.334,195464.575
2023-07-04 22:00:00,202599.668,22,1,7,0,201866.247,199147.916,191843.705,195621.531
2023-07-04 23:00:00,199950.573,23,1,7,0,202599.668,197387.245,187714.461,195765.354
2023-07-05 00:00:00,194896.324,0,2,7,0,199950.573,194736.542,181982.632,195872.16
2023-07-05 01:00:00,189378.153,1,2,7,0,194896.324,191605.313,177159.848,195878.817
2023-07-05 02:00:00,184828.694,2,2,7,0,189378.153,188721.37,172599.742,195786.019
2023-07-05 03:00:00,181571.96,3,2,7,0,184828.694,186016.597,169642.282,195623.824
2023-07-05 04:00:00,180226.244,4,2,7,0,181571.96,185054.66,168294.892,195438.631
2023-07-05 05:00:00,180608.381,5,2,7,0,180226.244,185301.603,168989.064,195237.447
2023-07-05 06:00:00,183914.891,6,2,7,0,180608.381,188964.345,173445.098,195041.896
2023-07-05 07:00:00,185324.077,7,2,7,0,183914.891,191706.348,176723.613,194831.502
2023-07-05 08:00:00,187007.34,8,2,7,0,185324.077,193605.064,179793.763,194565.574
2023-07-05 09:00:00,192431.014,9,2,7,0,187007.34,199776.868,186589.045,194290.669
2023-07-05 10:00:00,195244.757,10,2,7,0,192431.014,204254.845,190006.349,193984.592
2023-07-05 11:00:00,195877.787,11,2,7,0,195244.757,204697.791,191345.943,193609.171
2023-07-05 12:00:00,195843.698,12,2,7,0,195877.787,205344.287,191273.04,193241.671
2023-07-05 13:00:00,193363.669,13,2,7,0,195843.698,202434.027,188706.567,192845.813
2023-07-05 14:00:00,195250.332,14,2,7,0,193363.669,203805.441,190038.475,192467.882
2023-07-05 15:00:00,194521.926,15,2,7,0,195250.332,200925.004,190778.644,192111.419
2023-07-05 16:00:00,191206.668,16,2,7,0,194521.926,194598.904,185858.318,191844.624
2023-07-05 17:00:00,185327.941,17,2,7,0,191206.668,188549.983,179938.933,191703.281
2023-07-05 18:00:00,184598.729,18,2,7,0,185327.941,187616.509,179758.347,191569.029
2023-07-05 19:00:00,194564.842,19,2,7,0,184598.729,197741.134,189479.173,191443.288
2023-07-05 20:00:00,196442.751,20,2,7,0,194564.842,201058.711,191905.346,191310.943
2023-07-05 21:00:00,196711.901,21,2,7,0,196442.751,201866.247,192710.53,191118.611
2023-07-05 22:00:00,197272.714,22,2,7,0,196711.901,202599.668,193385.683,190903.847
2023-07-05 23:00:00,193528.518,23,2,7,0,197272.714,199950.573,190108.455,190681.89
2023-07-06 00:00:00,186759.242,0,3,7,0,193528.518,194896.324,184644.89,190414.305
2023-07-06 01:00:00,181298.02,1,3,7,0,186759.242,189378.153,178651.091,190075.26
2023-07-06 02:00:00,176466.688,2,3,7,0,181298.02,184828.694,173710.502,189738.587
2023-07-06 03:00:00,172852.173,3,3,7,0,176466.688,181571.96,170723.13,189390.17
2023-07-06 04:00:00,171731.186,4,3,7,0,172852.173,180226.244,169641.909,189026.846
2023-07-06 05:00:00,172505.242,5,3,7,0,171731.186,180608.381,172809.285,188672.885
2023-07-06 06:00:00,176007.301,6,3,7,0,172505.242,183914.891,176387.731,188335.254
2023-07-06 07:00:00,177428.941,7,3,7,0,176007.301,185324.077,177280.869,188005.772
2023-07-06 08:00:00,180453.876,8,3,7,0,177428.941,187007.34,180073.238,187676.808
2023-07-06 09:00:00,186652.754,9,3,7,0,180453.876,192431.014,186642.664,187403.746
2023-07-06 10:00:00,190340.092,10,3,7,0,186652.754,195244.757,189293.726,187162.986
2023-07-06 11:00:00,191679.813,11,3,7,0,190340.092,195877.787,189582.552,186958.625
2023-07-06 12:00:00,190734.387,12,3,7,0,191679.813,195843.698,187505.881,186783.709
2023-07-06 13:00:00,186688.889,13,3,7,0,190734.387,193363.669,182949.671,186570.821
2023-07-06 14:00:00,186340.0,14,3,7,0,186688.889,195250.332,183176.224,186292.705
2023-07-06 15:00:00,183775.443,15,3,7,0,186340.0,194521.926,182494.87,185921.441
2023-07-06 16:00:00,180713.547,16,3,7,0,183775.443,191206.668,180246.596,185473.671
2023-07-06 17:00:00,177765.068,17,3,7,0,180713.547,185327.941,177403.863,185036.458
2023-07-06 18:00:00,179087.657,18,3,7,0,177765.068,184598.729,177050.295,184721.338
2023-07-06 19:00:00,189498.597,19,3,7,0,179087.657,194564.842,186295.871,184491.71
2023-07-06 20:00:00,191108.453,20,3,7,0,189498.597,196442.751,189309.772,184280.617
2023-07-06 21:00:00,191153.396,21,3,7,0,191108.453,196711.901,188983.43,184058.354
2023-07-06 22:00:00,191356.298,22,3,7,0,191153.396,197272.714,189340.943,183826.75
2023-07-06 23:00:00,187308.64,23,3,7,0,191356.298,193528.518,185016.747,183580.233
2023-07-07 00:00:00,180437.332,0,4,7,0,187308.64,186759.242,178604.192,183321.071
2023-07-07 01:00:00,175808.309,1,4,7,0,180437.332,181298.02,172496.87,183057.658
2023-07-07 02:00:00,172012.907,2,4,7,0,175808.309,176466.688,167739.84,182828.92
2023-07-07 03:00:00,169191.921,3,4,7,0,172012.907,172852.173,163494.607,182643.346
2023-07-07 04:00:00,168937.245,4,4,7,0,169191.921,171731.186,161676.081,182490.835
2023-07-07 05:00:00,170965.904,5,4,7,0,168937.245,172505.242,164304.025,182374.421
2023-07-07 06:00:00,175898.739,6,4,7,0,170965.904,176007.301,169124.446,182310.282
2023-07-07 07:00:00,178286.687,7,4,7,0,175898.739,177428.941,173519.286,182305.759
2023-07-07 08:00:00,181754.021,8,4,7,0,178286.687,180453.876,176756.238,182341.498
2023-07-07 09:00:00,187940.496,9,4,7,0,181754.021,186652.754,183302.416,182395.671
2023-07-07 10:00:00,191847.005,10,4,7,0,187940.496,190340.092,186857.251,182449.327
2023-07-07 11:00:00,192668.238,11,4,7,0,191847.005,191679.813,188851.725,182512.115
2023-07-07 12:00:00,192348.773,12,4,7,0,192668.238,190734.387,188547.79,182553.299
2023-07-07 13:00:00,188482.659,13,4,7,0,192348.773,186688.889,186375.921,182620.565
2023-07-07 14:00:00,189364.493,14,4,7,0,188482.659,186340.0,188360.815,182695.306
2023-07-07 15:00:00,190057.226,15,4,7,0,189364.493,183775.443,189143.433,182821.326
2023-07-07 16:00:00,185462.747,16,4,7,0,190057.226,180713.547,185535.779,183083.067
2023-07-07 17:00:00,180014.756,17,4,7,0,185462.747,177765.068,180998.262,183280.95
2023-07-07 18:00:00,179887.422,18,4,7,0,180014.756,179087.657,178659.362,183374.687
2023-07-07 19:00:00,190885.778,19,4,7,0,179887.422,189498.597,187600.012,183408.011
2023-07-07 20:00:00,192668.763,20,4,7,0,190885.778,191108.453,190839.232,183465.81
2023-07-07 21:00:00,192033.914,21,4,7,0,192668.763,191153.396,191582.936,183530.823
2023-07-07 22:00:00,192350.637,22,4,7,0,192033.914,191356.298,192193.698,183567.511
2023-07-07 23:00:00,188428.366,23,4,7,0,192350.637,187308.64,188457.53,183608.942
2023-07-08 00:00:00,182810.944,0,5,7,1,188428.366,180437.332,183414.95,183655.597
2023-07-08 01:00:00,177532.74,1,5,7,1,182810.944,175808.309,177539.318,183754.498
2023-07-08 02:00:00,173227.13,2,5,7,1,177532.74,172012.907,173247.121,183826.349
2023-07-08 03:00:00,169737.242,3,5,7,1,173227.13,169191.921,170046.562,183876.942
2023-07-08 04:00:00,168773.11,4,5,7,1,169737.242,168937.245,168526.869,183899.664
2023-07-08 05:00:00,168900.611,5,5,7,1,168773.11,170965.904,170628.782,183892.825
2023-07-08 06:00:00,171875.308,6,5,7,1,168900.611,175898.739,174592.31,183806.771
2023-07-08 07:00:00,172755.263,7,5,7,1,171875.308,178286.687,176906.654,183639.128
2023-07-08 08:00:00,175465.961,8,5,7,1,172755.263,181754.021,179330.035,183408.652
2023-07-08 09:00:00,180227.329,9,5,7,1,175465.961,187940.496,186416.902,183146.649
2023-07-08 10:00:00,182312.6,10,5,7,1,180227.329,191847.005,191042.711,182825.267
2023-07-08 11:00:00,182207.732,11,5,7,1,182312.6,192668.238,193707.211,182428.0
2023-07-08 12:00:00,181668.397,12,5,7,1,182207.732,192348.773,194667.096,181992.146
2023-07-08 13:00:00,179046.815,13,5,7,1,181668.397,188482.659,192035.051,181547.13
2023-07-08 14:00:00,179007.73,14,5,7,1,179046.815,189364.493,194174.354,181153.97
2023-07-08 15:00:00,177761.253,15,5,7,1,179007.73,190057.226,192629.064,180722.438
2023-07-08 16:00:00,173319.515,16,5,7,1,177761.253,185462.747,187378.018,180210.106
2023-07-08 17:00:00,169061.512,17,5,7,1,173319.515,180014.756,180594.441,179704.138
2023-07-08 18:00:00,170225.112,18,5,7,1,169061.512,179887.422,179074.245,179247.753
2023-07-08 19:00:00,181852.426,19,5,7,1,170225.112,190885.778,189916.763,178845.157
2023-07-08 20:00:00,183597.991,20,5,7,1,181852.426,192668.763,193976.082,178468.767
2023-07-08 21:00:00,182755.334,21,5,7,1,183597.991,192033.914,194721.544,178090.818
2023-07-08 22:00:00,182858.119,22,5,7,1,182755.334,192350.637,195169.581,177704.211
2023-07-08 23:00:00,180052.389,23,5,7,1,182858.119,188428.366,192309.057,177308.689
2023-07-09 00:00:00,174799.027,0,6,7,1,180052.389,182810.944,187474.785,176959.69
2023-07-09 01:00:00,170226.577,1,6,7,1,174799.027,177532.74,181782.392,176625.86
2023-07-09 02:00:00,166606.562,2,6,7,1,170226.577,173227.13,176945.215,176321.437
2023-07-09 03:00:00,163588.884,3,6,7,1,166606.562,169737.242,173232.366,176045.58
2023-07-09 04:00:00,162755.145,4,6,7,1,163588.884,168773.11,171641.984,175789.398
2023-07-09 05:00:00,162819.783,5,6,7,1,162755.145,168900.611,172355.382,175538.65
2023-07-09 06:00:00,164100.799,6,6,7,1,162819.783,171875.308,173483.682,175285.282
2023-07-09 07:00:00,165004.362,7,6,7,1,164100.799,172755.263,173393.061,174961.344
2023-07-09 08:00:00,166736.313,8,6,7,1,165004.362,175465.961,174315.436,174638.39
2023-07-09 09:00:00,170689.291,9,6,7,1,166736.313,180227.329,178879.179,174274.654
2023-07-09 10:00:00,173004.691,10,6,7,1,170689.291,182312.6,183754.051,173877.236
2023-07-09 11:00:00,173748.793,11,6,7,1,173004.691,182207.732,187067.707,173489.407
2023-07-09 12:00:00,173346.049,12,6,7,1,173748.793,181668.397,187721.829,173136.951
2023-07-09 13:00:00,170082.947,13,6,7,1,173346.049,179046.815,187137.552,172790.186
2023-07-09 14:00:00,169275.373,14,6,7,1,170082.947,179007.73,188424.306,172416.692
2023-07-09 15:00:00,167688.684,15,6,7,1,169275.373,177761.253,186586.871,172011.177
2023-07-09 16:00:00,165027.411,16,6,7,1,167688.684,173319.515,179363.586,171591.487
2023-07-09 17:00:00,160199.414,17,6,7,1,165027.411,169061.512,172965.751,171245.982
2023-07-09 18:00:00,160850.522,18,6,7,1,160199.414,170225.112,172114.248,170876.728
2023-07-09 19:00:00,173857.213,19,6,7,1,160850.522,181852.426,183288.88,170486.12
2023-07-09 20:00:00,178155.489,20,6,7,1,173857.213,183597.991,189471.854,170152.986
2023-07-09 21:00:00,178656.214,21,6,7,1,178155.489,182755.334,191813.813,169926.215
2023-07-09 22:00:00,179110.813,22,6,7,1,178656.214,182858.119,194042.39,169755.419
2023-07-09 23:00:00,177330.171,23,6,7,1,179110.813,180052.389,191895.095,169599.281
2023-07-10 00:00:00,172595.519,0,0,7,0,177330.171,174799.027,187463.315,169485.855
2023-07-10 01:00:00,167952.722,1,0,7,0,172595.519,170226.577,182804.151,169394.042
2023-07-10 02:00:00,164385.014,2,0,7,0,167952.722,166606.562,178310.956,169299.298
2023-07-10 03:00:00,162052.372,3,0,7,0,164385.014,163588.884,174813.258,169206.734
2023-07-10 04:00:00,161866.571,4,0,7,0,162052.372,162755.145,174394.744,169142.713
2023-07-10 05:00:00,163302.197,5,0,7,0,161866.571,162819.783,176763.776,169105.689
2023-07-10 06:00:00,170277.446,6,0,7,0,163302.197,164100.799,181618.781,169125.789
2023-07-10 07:00:00,175534.569,7,0,7,0,170277.446,165004.362,185156.242,169383.15
2023-07-10 08:00:00,179038.111,8,0,7,0,175534.569,166736.313,188650.99,169821.908
2023-07-10 09:00:00,185523.963,9,0,7,0,179038.111,170689.291,195854.038,170334.483
2023-07-10 10:00:00,189177.755,10,0,7,0,185523.963,173004.691,200848.689,170952.594
2023-07-10 11:00:00,190775.467,11,0,7,0,189177.755,173748.793,203680.414,171626.472
2023-07-10 12:00:00,190048.933,12,0,7,0,190775.467,173346.049,204707.932,172335.917
2023-07-10 13:00:00,186141.785,13,0,7,0,190048.933,170082.947,203418.451,173031.87
2023-07-10 14:00:00,188533.913,14,0,7,0,186141.785,169275.373,206204.467,173700.989
2023-07-10 15:00:00,189099.909,15,0,7,0,188533.913,167688.684,205493.2,174503.428
2023-07-10 16:00:00,185022.12,16,0,7,0,189099.909,165027.411,199127.679,175395.562
2023-07-10 17:00:00,178305.305,17,0,7,0,185022.12,160199.414,192092.405,176228.675
2023-07-10 18:00:00,177280.232,18,0,7,0,178305.305,160850.522,190063.411,176983.087
2023-07-10 19:00:00,186860.039,19,0,7,0,177280.232,173857.213,196048.682,177667.658
2023-07-10 20:00:00,188054.806,20,0,7,0,186860.039,178155.489,197396.019,178209.443
2023-07-10 21:00:00,187155.998,21,0,7,0,188054.806,178656.214,198099.294,178621.914
2023-07-10 22:00:00,186840.302,22,0,7,0,187155.998,179110.813,199147.916,178976.072
2023-07-10 23:00:00,184425.747,23,0,7,0,186840.302,177330.171,197387.245,179298.134
2023-07-11 00:00:00,178644.198,0,1,7,0,184425.747,172595.519,194736.542,179593.783
2023-07-11 01:00:00,173674.917,1,1,7,0,178644.198,167952.722,191605.313,179845.811
2023-07-11 02:00:00,169989.536,2,1,7,0,173674.917,164385.014,188721.37,180084.236
2023-07-11 03:00:00,167291.107,3,1,7,0,169989.536,162052.372,186016.597,180317.758
2023-07-11 04:00:00,167039.673,4,1,7,0,167291.107,161866.571,185054.66,180536.039
2023-07-11 05:00:00,169342.715,5,1,7,0,167039.673,163302.197,185301.603,180751.584
2023-07-11 06:00:00,174813.263,6,1,7,0,169342.715,170277.446,188964.345,181003.273
2023-07-11 07:00:00,178725.584,7,1,7,0,174813.263,175534.569,191706.348,181192.265
2023-07-11 08:00:00,180971.013,8,1,7,0,178725.584,179038.111,193605.064,181325.224
2023-07-11 09:00:00,187724.729,9,1,7,0,180971.013,185523.963,199776.868,181405.762
2023-07-11 10:00:00,190388.794,10,1,7,0,187724.729,189177.755,204254.845,181497.46
2023-07-11 11:00:00,191840.561,11,1,7,0,190388.794,190775.467,204697.791,181547.92
2023-07-11 12:00:00,190579.612,12,1,7,0,191840.561,190048.933,205344.287,181592.299
2023-07-11 13:00:00,187528.889,13,1,7,0,190579.612,186141.785,202434.027,181614.411
2023-07-11 14:00:00,190155.911,14,1,7,0,187528.889,188533.913,203805.441,181672.207
2023-07-11 15:00:00,189662.892,15,1,7,0,190155.911,189099.909,200925.004,181739.79
2023-07-11 16:00:00,185828.201,16,1,7,0,189662.892,185022.12,194598.904,181763.248
2023-07-11 17:00:00,182555.19,17,1,7,0,185828.201,178305.305,188549.983,181796.834
2023-07-11 18:00:00,182899.542,18,1,7,0,182555.19,177280.232,187616.509,181973.913
2023-07-11 19:00:00,191495.575,19,1,7,0,182899.542,186860.039,197741.134,182208.051
2023-07-11 20:00:00,192672.82,20,1,7,0,191495.575,188054.806,201058.711,182401.198
2023-07-11 21:00:00,192089.424,21,1,7,0,192672.82,187155.998,201866.247,182593.615
2023-07-11 22:00:00,192535.168,22,1,7,0,192089.424,186840.302,202599.668,182799.175
2023-07-11 23:00:00,189196.752,23,1,7,0,192535.168,184425.747,199950.573,183036.461
2023-07-12 00:00:00,183045.251,0,2,7,0,189196.752,178644.198,194896.324,183235.253
2023-07-12 01:00:00,178633.355,1,2,7,0,183045.251,173674.917,189378.153,183418.63
2023-07-12 02:00:00,174709.235,2,2,7,0,178633.355,169989.536,184828.694,183625.232
2023-07-12 03:00:00,171882.138,3,2,7,0,174709.235,167291.107,181571.96,183821.886
2023-07-12 04:00:00,171811.73,4,2,7,0,171882.138,167039.673,180226.244,184013.179
2023-07-12 05:00:00,174127.564,5,2,7,0,171811.73,169342.715,180608.381,184212.014
2023-07-12 06:00:00,179485.454,6,2,7,0,174127.564,174813.263,183914.891,184411.383
2023-07-12 07:00:00,183422.927,7,2,7,0,179485.454,178725.584,185324.077,184606.058
2023-07-12 08:00:00,187385.469,8,2,7,0,183422.927,180971.013,187007.34,184801.78
2023-07-12 09:00:00,193255.703,9,2,7,0,187385.469,187724.729,192431.014,185069.049
2023-07-12 10:00:00,196714.691,10,2,7,0,193255.703,190388.794,195244.757,185299.507
2023-07-12 11:00:00,198323.491,11,2,7,0,196714.691,191840.561,195877.787,185563.086
2023-07-12 12:00:00,198303.161,12,2,7,0,198323.491,190579.612,195843.698,185833.208
2023-07-12 13:00:00,196132.77,13,2,7,0,198303.161,187528.889,193363.669,186155.022
2023-07-12 14:00:00,197650.78,14,2,7,0,196132.77,190155.911,195250.332,186513.517
2023-07-12 15:00:00,198316.093,15,2,7,0,197650.78,189662.892,194521.926,186825.803
2023-07-12 16:00:00,193287.219,16,2,7,0,198316.093,185828.201,191206.668,187186.354
2023-07-12 17:00:00,189128.246,17,2,7,0,193287.219,182555.19,185327.941,187497.146
2023-07-12 18:00:00,188818.468,18,2,7,0,189128.246,182899.542,184598.729,187771.023
2023-07-12 19:00:00,196264.956,19,2,7,0,188818.468,191495.575,194564.842,188017.645
2023-07-12 20:00:00,197302.016,20,2,7,0,196264.956,192672.82,196442.751,188216.369
2023-07-12 21:00:00,197082.736,21,2,7,0,197302.016,192089.424,196711.901,188409.253
2023-07-12 22:00:00,196613.377,22,2,7,0,197082.736,192535.168,197272.714,188617.307
2023-07-12 23:00:00,192264.856,23,2,7,0,196613.377,189196.752,193528.518,188787.233
2023-07-13 00:00:00,187312.72,0,3,7,0,192264.856,183045.251,186759.242,188915.07
2023-07-13 01:00:00,182959.963,1,3,7,0,187312.72,178633.355,181298.02,189092.881
2023-07-13 02:00:00,179063.317,2,3,7,0,182959.963,174709.235,176466.688,189273.157
2023-07-13 03:00:00,176168.682,3,3,7,0,179063.317,171882.138,172852.173,189454.577
2023-07-13 04:00:00,175400.079,4,3,7,0,176168.682,171811.73,171731.186,189633.183
2023-07-13 05:00:00,176893.613,5,3,7,0,175400.079,174127.564,172505.242,189782.697
2023-07-13 06:00:00,182179.851,6,3,7,0,176893.613,179485.454,176007.301,189897.949
2023-07-13 07:00:00,185839.521,7,3,7,0,182179.851,183422.927,177428.941,190010.216
2023-07-13 08:00:00,188224.412,8,3,7,0,185839.521,187385.469,180453.876,190110.907
2023-07-13 09:00:00,194821.807,9,3,7,0,188224.412,193255.703,186652.754,190145.863
2023-07-13 10:00:00,199002.406,10,3,7,0,194821.807,196714.691,190340.092,190211.118
2023-07-13 11:00:00,201136.43,11,3,7,0,199002.406,198323.491,191679.813,190306.439
2023-07-13 12:00:00,200679.257,12,3,7,0,201136.43,198303.161,190734.387,190423.645
2023-07-13 13:00:00,197909.1,13,3,7,0,200679.257,196132.77,186688.889,190522.649
2023-07-13 14:00:00,201334.209,14,3,7,0,197909.1,197650.78,186340.0,190596.663
2023-07-13 15:00:00,201178.481,15,3,7,0,201334.209,198316.093,183775.443,190750.139
2023-07-13 16:00:00,196881.672,16,3,7,0,201178.481,193287.219,180713.547,190869.405
2023-07-13 17:00:00,191804.657,17,3,7,0,196881.672,189128.246,177765.068,191019.174
2023-07-13 18:00:00,191658.428,18,3,7,0,191804.657,188818.468,179087.657,191130.691
2023-07-13 19:00:00,200030.259,19,3,7,0,191658.428,196264.956,189498.597,191249.023
2023-07-13 20:00:00,200548.042,20,3,7,0,200030.259,197302.016,191108.453,191405.91
2023-07-13 21:00:00,200335.648,21,3,7,0,200548.042,197082.736,191153.396,191541.161
2023-07-13 22:00:00,200895.749,22,3,7,0,200335.648,196613.377,191356.298,191676.699
2023-07-13 23:00:00,196746.9,23,3,7,0,200895.749,192264.856,187308.64,191855.132
2023-07-14 00:00:00,190547.942,0,4,7,0,196746.9,187312.72,180437.332,192041.883
2023-07-14 01:00:00,185811.824,1,4,7,0,190547.942,182959.963,175808.309,192176.684
2023-07-14 02:00:00,182353.958,2,4,7,0,185811.824,179063.317,172012.907,192295.512
2023-07-14 03:00:00,179252.373,3,4,7,0,182353.958,176168.682,169191.921,192432.622
2023-07-14 04:00:00,178608.489,4,4,7,0,179252.373,175400.079,168937.245,192561.109
2023-07-14 05:00:00,180923.966,5,4,7,0,178608.489,176893.613,170965.904,192694.793
2023-07-14 06:00:00,186367.628,6,4,7,0,180923.966,182179.851,175898.739,192862.724
2023-07-14 07:00:00,188721.181,7,4,7,0,186367.628,185839.521,178286.687,193037.215
2023-07-14 08:00:00,190357.913,8,4,7,0,188721.181,188224.412,181754.021,193157.284
2023-07-14 09:00:00,198163.62,9,4,7,0,190357.913,194821.807,187940.496,193246.18
2023-07-14 10:00:00,203549.661,10,4,7,0,198163.62,199002.406,191847.005,193385.422
2023-07-14 11:00:00,205111.842,11,4,7,0,203549.661,201136.43,192668.238,193574.891
2023-07-14 12:00:00,204425.137,12,4,7,0,205111.842,200679.257,192348.773,193740.533
2023-07-14 13:00:00,200139.056,13,4,7,0,204425.137,197909.1,188482.659,193896.612
2023-07-14 14:00:00,201320.696,14,4,7,0,200139.056,201334.209,189364.493,193989.526
2023-07-14 15:00:00,201949.85,15,4,7,0,201320.696,201178.481,190057.226,193988.963
2023-07-14 16:00:00,197074.572,16,4,7,0,201949.85,196881.672,185462.747,194021.104
2023-07-14 17:00:00,191264.107,17,4,7,0,197074.572,191804.657,180014.756,194029.141
2023-07-14 18:00:00,191122.782,18,4,7,0,191264.107,191658.428,179887.422,194006.618
2023-07-14 19:00:00,200540.095,19,4,7,0,191122.782,200030.259,190885.778,193984.3
2023-07-14 20:00:00,201484.338,20,4,7,0,200540.095,200548.042,192668.763,194005.543
2023-07-14 21:00:00,201009.52,21,4,7,0,201484.338,200335.648,192033.914,194044.555
2023-07-14 22:00:00,200555.135,22,4,7,0,201009.52,200895.749,192350.637,194072.633
2023-07-14 23:00:00,196444.036,23,4,7,0,200555.135,196746.9,188428.366,194058.441
2023-07-15 00:00:00,190979.818,0,5,7,1,196444.036,190547.942,182810.944,194045.822
2023-07-15 01:00:00,186629.018,1,5,7,1,190979.818,185811.824,177532.74,194063.817
2023-07-15 02:00:00,182278.138,2,5,7,1,186629.018,182353.958,173227.13,194097.866
2023-07-15 03:00:00,178846.888,3,5,7,1,182278.138,179252.373,169737.242,194094.707
2023-07-15 04:00:00,177809.441,4,5,7,1,178846.888,178608.489,168773.11,194077.812
2023-07-15 05:00:00,179324.689,5,5,7,1,177809.441,180923.966,168900.611,194044.518
2023-07-15 06:00:00,184388.888,6,5,7,1,179324.689,186367.628,171875.308,193977.882
2023-07-15 07:00:00,186340.608,7,5,7,1,184388.888,188721.181,172755.263,193895.434
2023-07-15 08:00:00,190148.205,8,5,7,1,186340.608,190357.913,175465.961,193796.244
2023-07-15 09:00:00,197847.107,9,5,7,1,190148.205,198163.62,180227.329,193787.506
2023-07-15 10:00:00,201690.2,10,5,7,1,197847.107,203549.661,182312.6,193774.318
2023-07-15 11:00:00,202712.116,11,5,7,1,201690.2,205111.842,182207.732,193696.84
2023-07-15 12:00:00,201520.057,12,5,7,1,202712.116,204425.137,181668.397,193596.852
2023-07-15 13:00:00,198582.278,13,5,7,1,201520.057,200139.056,179046.815,193475.807
2023-07-15 14:00:00,200043.14,14,5,7,1,198582.278,201320.696,179007.73,193410.941
2023-07-15 15:00:00,198583.994,15,5,7,1,200043.14,201949.85,177761.253,193357.709
2023-07-15 16:00:00,194197.563,16,5,7,1,198583.994,197074.572,173319.515,193217.465
2023-07-15 17:00:00,188623.025,17,5,7,1,194197.563,191264.107,169061.512,193097.59
2023-07-15 18:00:00,188669.138,18,5,7,1,188623.025,191122.782,170225.112,192987.545
2023-07-15 19:00:00,197933.315,19,5,7,1,188669.138,200540.095,181852.426,192885.31
2023-07-15 20:00:00,198296.81,20,5,7,1,197933.315,201484.338,183597.991,192776.694
2023-07-15 21:00:00,198361.505,21,5,7,1,198296.81,201009.52,182755.334,192643.88
2023-07-15 22:00:00,198071.112,22,5,7,1,198361.505,200555.135,182858.119,192533.546
2023-07-15 23:00:00,194658.179,23,5,7,1,198071.112,196444.036,180052.389,192430.045
2023-07-16 00:00:00,188798.784,0,6,7,1,194658.179,190979.818,174799.027,192355.635
2023-07-16 01:00:00,184032.036,1,6,7,1,188798.784,186629.018,170226.577,192264.758
2023-07-16 02:00:00,179905.153,2,6,7,1,184032.036,182278.138,166606.562,192156.551
2023-07-16 03:00:00,176615.328,3,6,7,1,179905.153,178846.888,163588.884,192057.676
2023-07-16 04:00:00,174914.191,4,6,7,1,176615.328,177809.441,162755.145,191964.695
2023-07-16 05:00:00,175068.755,5,6,7,1,174914.191,179324.689,162819.783,191844.059
2023-07-16 06:00:00,176891.82,6,6,7,1,175068.755,184388.888,164100.799,191666.729
2023-07-16 07:00:00,178583.227,7,6,7,1,176891.82,186340.608,165004.362,191354.351
2023-07-16 08:00:00,180741.02,8,6,7,1,178583.227,190148.205,166736.313,191031.127
2023-07-16 09:00:00,185128.295,9,6,7,1,180741.02,197847.107,170689.291,190639.161
2023-07-16 10:00:00,187570.672,10,6,7,1,185128.295,201690.2,173004.691,190109.21
2023-07-16 11:00:00,189147.02,11,6,7,1,187570.672,202712.116,173748.793,189520.896
2023-07-16 12:00:00,188630.435,12,6,7,1,189147.02,201520.057,173346.049,188955.684
2023-07-16 13:00:00,187852.357,13,6,7,1,188630.435,198582.278,170082.947,188418.616
2023-07-16 14:00:00,188381.434,14,6,7,1,187852.357,200043.14,169275.373,187971.536
2023-07-16 15:00:00,186720.568,15,6,7,1,188381.434,198583.994,167688.684,187485.632
2023-07-16 16:00:00,179977.35,16,6,7,1,186720.568,194197.563,165027.411,186991.323
2023-07-16 17:00:00,174734.648,17,6,7,1,179977.35,188623.025,160199.414,186398.814
2023-07-16 18:00:00,175582.724,18,6,7,1,174734.648,188669.138,160850.522,185820.131
2023-07-16 19:00:00,188958.776,19,6,7,1,175582.724,197933.315,173857.213,185274.864
2023-07-16 20:00:00,193129.739,20,6,7,1,188958.776,198296.81,178155.489,184900.925
2023-07-16 21:00:00,194311.037,21,6,7,1,193129.739,198361.505,178656.214,184685.63
2023-07-16 22:00:00,194798.137,22,6,7,1,194311.037,198071.112,179110.813,184516.861
2023-07-16 23:00:00,190685.835,23,6,7,1,194798.137,194658.179,177330.171,184380.487
2023-07-17 00:00:00,185072.934,0,0,7,0,190685.835,188798.784,172595.519,184214.973
2023-07-17 01:00:00,180242.064,1,0,7,0,185072.934,184032.036,167952.722,184059.729
2023-07-17 02:00:00,176010.542,2,0,7,0,180242.064,179905.153,164385.014,183901.813
2023-07-17 03:00:00,173079.243,3,0,7,0,176010.542,176615.328,162052.372,183739.538
2023-07-17 04:00:00,172845.786,4,0,7,0,173079.243,174914.191,161866.571,183592.201
2023-07-17 05:00:00,175283.482,5,0,7,0,172845.786,175068.755,163302.197,183506.017
2023-07-17 06:00:00,181474.414,6,0,7,0,175283.482,176891.82,170277.446,183514.964
2023-07-17 07:00:00,185265.13,7,0,7,0,181474.414,178583.227,175534.569,183705.906
2023-07-17 08:00:00,189404.195,8,0,7,0,185265.13,180741.02,179038.111,183984.318
2023-07-17 09:00:00,197903.203,9,0,7,0,189404.195,185128.295,185523.963,184345.284
2023-07-17 10:00:00,202791.036,10,0,7,0,197903.203,187570.672,189177.755,184877.572
2023-07-17 11:00:00,204037.238,11,0,7,0,202791.036,189147.02,190775.467,185511.754
2023-07-17 12:00:00,202714.031,12,0,7,0,204037.238,188630.435,190048.933,186132.179
2023-07-17 13:00:00,200269.666,13,0,7,0,202714.031,187852.357,186141.785,186718.996
2023-07-17 14:00:00,201567.017,14,0,7,0,200269.666,188381.434,188533.913,187236.384
2023-07-17 15:00:00,201663.768,15,0,7,0,201567.017,186720.568,189099.909,187785.783
2023-07-17 16:00:00,196522.7,16,0,7,0,201663.768,179977.35,185022.12,188408.416
2023-07-17 17:00:00,191654.993,17,0,7,0,196522.7,174734.648,178305.305,189097.806
2023-07-17 18:00:00,193152.761,18,0,7,0,191654.993,175582.724,177280.232,189802.82
2023-07-17 19:00:00,202170.465,19,0,7,0,193152.761,188958.776,186860.039,190534.905
2023-07-17 20:00:00,203289.571,20,0,7,0,202170.465,193129.739,188054.806,191085.392
2023-07-17 21:00:00,203482.809,21,0,7,0,203289.571,194311.037,187155.998,191508.719
2023-07-17 22:00:00,202603.534,22,0,7,0,203482.809,194798.137,186840.302,191890.876
2023-07-17 23:00:00,197952.099,23,0,7,0,202603.534,190685.835,184425.747,192216.101
2023-07-18 00:00:00,192344.551,0,1,7,0,197952.099,185072.934,178644.198,192518.862
2023-07-18 01:00:00,187084.087,1,1,7,0,192344.551,180242.064,173674.917,192821.846
2023-07-18 02:00:00,183298.513,2,1,7,0,187084.087,176010.542,169989.536,193106.93
2023-07-18 03:00:00,180048.541,3,1,7,0,183298.513,173079.243,167291.107,193410.595
2023-07-18 04:00:00,179022.317,4,1,7,0,180048.541,172845.786,167039.673,193700.983
2023-07-18 05:00:00,180467.047,5,1,7,0,179022.317,175283.482,169342.715,193958.338
2023-07-18 06:00:00,185178.306,6,1,7,0,180467.047,181474.414,174813.263,194174.32
2023-07-18 07:00:00,187691.741,7,1,7,0,185178.306,185265.13,178725.584,194328.649
2023-07-18 08:00:00,190783.923,8,1,7,0,187691.741,189404.195,180971.013,194429.758
2023-07-18 09:00:00,197094.416,9,1,7,0,190783.923,197903.203,187724.729,194487.247
2023-07-18 10:00:00,200977.496,10,1,7,0,197094.416,202791.036,190388.794,194453.547
2023-07-18 11:00:00,201745.626,11,1,7,0,200977.496,204037.238,191840.561,194377.983
2023-07-18 12:00:00,200526.272,12,1,7,0,201745.626,202714.031,190579.612,194282.499
2023-07-18 13:00:00,197071.23,13,1,7,0,200526.272,200269.666,187528.889,194191.342
2023-07-18 14:00:00,198242.004,14,1,7,0,197071.23,201567.017,190155.911,194058.074
2023-07-18 15:00:00,197879.402,15,1,7,0,198242.004,201663.768,189662.892,193919.532
2023-07-18 16:00:00,193531.539,16,1,7,0,197879.402,196522.7,185828.201,193761.85
2023-07-18 17:00:00,189772.373,17,1,7,0,193531.539,191654.993,182555.19,193637.218
2023-07-18 18:00:00,191978.834,18,1,7,0,189772.373,193152.761,182899.542,193558.776
2023-07-18 19:00:00,201204.59,19,1,7,0,191978.834,202170.465,191495.575,193509.862
2023-07-18 20:00:00,201233.766,20,1,7,0,201204.59,203289.571,192672.82,193469.618
2023-07-18 21:00:00,200149.091,21,1,7,0,201233.766,203482.809,192089.424,193383.959
2023-07-18 22:00:00,199083.734,22,1,7,0,200149.091,202603.534,192535.168,193245.054
2023-07-18 23:00:00,194362.83,23,1,7,0,199083.734,197952.099,189196.752,193098.396
2023-07-19 00:00:00,188368.009,0,2,7,0,194362.83,192344.551,183045.251,192948.843
2023-07-19 01:00:00,183263.824,1,2,7,0,188368.009,187084.087,178633.355,192783.154
2023-07-19 02:00:00,178928.103,2,2,7,0,183263.824,183298.513,174709.235,192623.976
2023-07-19 03:00:00,176310.939,3,2,7,0,178928.103,180048.541,171882.138,192441.876
2023-07-19 04:00:00,175883.279,4,2,7,0,176310.939,179022.317,171811.73,192286.142
2023-07-19 05:00:00,177288.637,5,2,7,0,175883.279,180467.047,174127.564,192155.349
2023-07-19 06:00:00,182820.556,6,2,7,0,177288.637,185178.306,179485.454,192022.915
2023-07-19 07:00:00,185908.387,7,2,7,0,182820.556,187691.741,183422.927,191924.676
2023-07-19 08:00:00,188629.56,8,2,7,0,185908.387,190783.923,187385.469,191850.369
2023-07-19 09:00:00,195626.35,9,2,7,0,188629.56,197094.416,193255.703,191760.604
2023-07-19 10:00:00,199804.568,10,2,7,0,195626.35,200977.496,196714.691,191699.435
2023-07-19 11:00:00,200018.015,11,2,7,0,199804.568,201745.626,198323.491,191650.563
2023-07-19 12:00:00,198060.096,12,2,7,0,200018.015,200526.272,198303.161,191578.579
2023-07-19 13:00:00,195000.568,13,2,7,0,198060.096,197071.23,196132.77,191475.822
2023-07-19 14:00:00,196321.746,14,2,7,0,195000.568,198242.004,197650.78,191389.544
2023-07-19 15:00:00,196032.503,15,2,7,0,196321.746,197879.402,198316.093,191309.533
2023-07-19 16:00:00,192649.063,16,2,7,0,196032.503,193531.539,193287.219,191232.579
2023-07-19 17:00:00,188826.21,17,2,7,0,192649.063,189772.373,189128.246,191195.809
2023-07-19 18:00:00,188933.047,18,2,7,0,188826.21,191978.834,188818.468,191156.386
2023-07-19 19:00:00,199307.548,19,2,7,0,188933.047,201204.59,196264.956,191029.478
2023-07-19 20:00:00,200975.097,20,2,7,0,199307.548,201233.766,197302.016,190950.435
2023-07-19 21:00:00,199566.935,21,2,7,0,200975.097,200149.091,197082.736,190939.657
2023-07-19 22:00:00,199009.062,22,2,7,0,199566.935,199083.734,196613.377,190915.4
2023-07-19 23:00:00,194761.75,23,2,7,0,199009.062,194362.83,192264.856,190912.289
2023-07-20 00:00:00,190012.193,0,3,7,0,194761.75,188368.009,187312.72,190928.91
2023-07-20 01:00:00,185833.329,1,3,7,0,190012.193,183263.824,182959.963,190997.418
2023-07-20 02:00:00,181874.08,2,3,7,0,185833.329,178928.103,179063.317,191104.481
2023-07-20 03:00:00,179239.953,3,3,7,0,181874.08,176310.939,176168.682,191227.23
2023-07-20 04:00:00,178599.181,4,3,7,0,179239.953,175883.279,175400.079,191349.272
2023-07-20 05:00:00,180754.335,5,3,7,0,178599.181,177288.637,176893.613,191462.435
2023-07-20 06:00:00,185885.216,6,3,7,0,180754.335,182820.556,182179.851,191606.839
2023-07-20 07:00:00,188530.27,7,3,7,0,185885.216,185908.387,185839.521,191734.533
2023-07-20 08:00:00,190983.398,8,3,7,0,188530.27,188629.56,188224.412,191843.778
2023-07-20 09:00:00,197651.96,9,3,7,0,190983.398,195626.35,194821.807,191941.855
2023-07-20 10:00:00,201667.639,10,3,7,0,197651.96,199804.568,199002.406,192026.255
2023-07-20 11:00:00,202362.32,11,3,7,0,201667.639,200018.015,201136.43,192103.883
2023-07-20 12:00:00,201330.082,12,3,7,0,202362.32,198060.096,200679.257,192201.562
2023-07-20 13:00:00,199292.155,13,3,7,0,201330.082,195000.568,197909.1,192337.812
2023-07-20 14:00:00,201386.777,14,3,7,0,199292.155,196321.746,201334.209,192516.628
2023-07-20 15:00:00,201333.003,15,3,7,0,201386.777,196032.503,201178.481,192727.671
2023-07-20 16:00:00,198024.148,16,3,7,0,201333.003,192649.063,196881.672,192948.525
2023-07-20 17:00:00,193900.135,17,3,7,0,198024.148,188826.21,191804.657,193172.487
2023-07-20 18:00:00,194075.04,18,3,7,0,193900.135,188933.047,191658.428,193383.901
2023-07-20 19:00:00,203069.892,19,3,7,0,194075.04,199307.548,200030.259,193598.15
2023-07-20 20:00:00,204595.77,20,3,7,0,203069.892,200975.097,200548.042,193754.915
2023-07-20 21:00:00,203184.206,21,3,7,0,204595.77,199566.935,200335.648,193905.776
2023-07-20 22:00:00,202140.815,22,3,7,0,203184.206,199009.062,200895.749,194056.496
2023-07-20 23:00:00,199890.809,23,3,7,0,202140.815,194761.75,196746.9,194186.985
2023-07-21 00:00:00,195611.038,0,4,7,0,199890.809,190012.193,190547.942,194400.696
2023-07-21 01:00:00,191315.482,1,4,7,0,195611.038,185833.329,185811.824,194633.981
2023-07-21 02:00:00,187943.49,2,4,7,0,191315.482,181874.08,182353.958,194862.404
2023-07-21 03:00:00,185716.303,3,4,7,0,187943.49,179239.953,179252.373,195115.296
2023-07-21 04:00:00,184761.648,4,4,7,0,185716.303,178599.181,178608.489,195385.144
2023-07-21 05:00:00,185325.906,5,4,7,0,184761.648,180754.335,180923.966,195641.914
2023-07-21 06:00:00,189320.814,6,4,7,0,185325.906,185885.216,186367.628,195832.396
2023-07-21 07:00:00,192698.146,7,4,7,0,189320.814,188530.27,188721.181,195975.546
2023-07-21 08:00:00,196505.061,8,4,7,0,192698.146,190983.398,190357.913,196149.207
2023-07-21 09:00:00,203275.05,9,4,7,0,196505.061,197651.96,198163.62,196379.277
2023-07-21 10:00:00,207350.518,10,4,7,0,203275.05,201667.639,203549.661,196613.572
2023-07-21 11:00:00,208084.744,11,4,7,0,207350.518,202362.32,205111.842,196850.359
2023-07-21 12:00:00,206708.5,12,4,7,0,208084.744,201330.082,204425.137,197088.793
2023-07-21 13:00:00,203758.566,13,4,7,0,206708.5,199292.155,200139.056,197312.894
2023-07-21 14:00:00,204776.366,14,4,7,0,203758.566,201386.777,201320.696,197498.994
2023-07-21 15:00:00,201649.74,15,4,7,0,204776.366,201333.003,201949.85,197640.227
2023-07-21 16:00:00,184635.793,16,4,7,0,201649.74,198024.148,197074.572,197653.424
2023-07-21 17:00:00,178204.173,17,4,7,0,184635.793,193900.135,191264.107,197095.576
2023-07-21 18:00:00,192973.012,18,4,7,0,178204.173,194075.04,191122.782,196441.578
2023-07-21 19:00:00,202805.741,19,4,7,0,192973.012,203069.892,200540.095,196395.66
2023-07-21 20:00:00,202648.608,20,4,7,0,202805.741,204595.77,201484.338,196384.654
2023-07-21 21:00:00,201319.756,21,4,7,0,202648.608,203184.206,201009.52,196303.522
2023-07-21 22:00:00,201201.357,22,4,7,0,201319.756,202140.815,200555.135,196225.837
2023-07-21 23:00:00,198622.992,23,4,7,0,201201.357,199890.809,196444.036,196186.693
2023-07-22 00:00:00,193625.163,0,5,7,1,198622.992,195611.038,190979.818,196133.867
2023-07-22 01:00:00,189890.226,1,5,7,1,193625.163,191315.482,186629.018,196051.122
2023-07-22 02:00:00,186148.664,2,5,7,1,189890.226,187943.49,182278.138,195991.736
2023-07-22 03:00:00,182660.106,3,5,7,1,186148.664,185716.303,178846.888,195916.952
2023-07-22 04:00:00,181570.968,4,5,7,1,182660.106,184761.648,177809.441,195789.61
2023-07-22 05:00:00,180559.649,5,5,7,1,181570.968,185325.906,179324.689,195656.665
2023-07-22 06:00:00,184066.515,6,5,7,1,180559.649,189320.814,184388.888,195458.071
2023-07-22 07:00:00,186275.001,7,5,7,1,184066.515,192698.146,186340.608,195239.142
2023-07-22 08:00:00,189338.254,8,5,7,1,186275.001,196505.061,190148.205,194971.511
2023-07-22 09:00:00,195729.511,9,5,7,1,189338.254,203275.05,197847.107,194672.894
2023-07-22 10:00:00,198211.957,10,5,7,1,195729.511,207350.518,201690.2,194358.497
2023-07-22 11:00:00,197004.562,11,5,7,1,198211.957,208084.744,202712.116,193977.723
2023-07-22 12:00:00,195382.785,12,5,7,1,197004.562,206708.5,201520.057,193516.049
2023-07-22 13:00:00,192137.215,13,5,7,1,195382.785,203758.566,198582.278,193044.144
2023-07-22 14:00:00,193574.995,14,5,7,1,192137.215,204776.366,200043.14,192559.921
2023-07-22 15:00:00,192441.24,15,5,7,1,193574.995,201649.74,198583.994,192093.198
2023-07-22 16:00:00,187145.65,16,5,7,1,192441.24,184635.793,194197.563,191709.51
2023-07-22 17:00:00,184510.381,17,5,7,1,187145.65,178204.173,188623.025,191814.088
2023-07-22 18:00:00,186519.591,18,5,7,1,184510.381,192973.012,188669.138,192076.846
2023-07-22 19:00:00,196328.136,19,5,7,1,186519.591,202805.741,197933.315,191807.954
2023-07-22 20:00:00,197517.411,20,5,7,1,196328.136,202648.608,198296.81,191538.053
2023-07-22 21:00:00,197247.011,21,5,7,1,197517.411,201319.756,198361.505,191324.254
2023-07-22 22:00:00,196997.048,22,5,7,1,197247.011,201201.357,198071.112,191154.556
2023-07-22 23:00:00,193491.315,23,5,7,1,196997.048,198622.992,194658.179,190979.376
2023-07-23 00:00:00,188885.081,0,6,7,1,193491.315,193625.163,188798.784,190765.556
2023-07-23 01:00:00,184952.694,1,6,7,1,188885.081,189890.226,184032.036,190568.053
2023-07-23 02:00:00,181007.086,2,6,7,1,184952.694,186148.664,179905.153,190362.322
2023-07-23 03:00:00,178110.938,3,6,7,1,181007.086,182660.106,176615.328,190148.09
2023-07-23 04:00:00,177064.962,4,6,7,1,178110.938,181570.968,174914.191,189958.541
2023-07-23 05:00:00,176980.722,5,6,7,1,177064.962,180559.649,175068.755,189770.791
2023-07-23 06:00:00,177688.318,6,6,7,1,176980.722,184066.515,176891.82,189621.669
2023-07-23 07:00:00,177719.579,7,6,7,1,177688.318,186275.001,178583.227,189355.911
2023-07-23 08:00:00,179641.948,8,6,7,1,177719.579,189338.254,180741.02,188999.435
2023-07-23 09:00:00,183775.037,9,6,7,1,179641.948,195729.511,185128.295,188595.422
2023-07-23 10:00:00,187486.079,10,6,7,1,183775.037,198211.957,187570.672,188097.319
2023-07-23 11:00:00,190539.71,11,6,7,1,187486.079,197004.562,189147.02,187650.408
2023-07-23 12:00:00,191169.502,12,6,7,1,190539.71,195382.785,188630.435,187381.039
2023-07-23 13:00:00,189785.06,13,6,7,1,191169.502,192137.215,187852.357,187205.485
2023-07-23 14:00:00,189585.73,14,6,7,1,189785.06,193574.995,188381.434,187107.479
2023-07-23 15:00:00,187718.491,15,6,7,1,189585.73,192441.24,186720.568,186941.26
2023-07-23 16:00:00,181395.362,16,6,7,1,187718.491,187145.65,179977.35,186744.478
2023-07-23 17:00:00,177020.812,17,6,7,1,181395.362,184510.381,174734.648,186504.883
2023-07-23 18:00:00,180046.728,18,6,7,1,177020.812,186519.591,175582.724,186192.818
2023-07-23 19:00:00,192455.166,19,6,7,1,180046.728,196328.136,188958.776,185923.115
2023-07-23 20:00:00,196004.642,20,6,7,1,192455.166,197517.411,193129.739,185761.741
2023-07-23 21:00:00,196123.617,21,6,7,1,196004.642,197247.011,194311.037,185698.709
2023-07-23 22:00:00,195542.107,22,6,7,1,196123.617,196997.048,194798.137,185651.901
2023-07-23 23:00:00,192160.23,23,6,7,1,195542.107,193491.315,190685.835,185591.279
2023-07-24 00:00:00,187483.8,0,0,7,0,192160.23,188885.081,185072.934,185535.817
2023-07-24 01:00:00,184010.812,1,0,7,0,187483.8,184952.694,180242.064,185477.43
2023-07-24 02:00:00,180400.78,2,0,7,0,184010.812,181007.086,176010.542,185438.185
2023-07-24 03:00:00,177875.341,3,0,7,0,180400.78,178110.938,173079.243,185412.922
2023-07-24 04:00:00,177779.149,4,0,7,0,177875.341,177064.962,172845.786,185403.106
2023-07-24 05:00:00,180069.05,5,0,7,0,177779.149,176980.722,175283.482,185432.863
2023-07-24 06:00:00,185739.828,6,0,7,0,180069.05,177688.318,181474.414,185561.544
2023-07-24 07:00:00,188610.858,7,0,7,0,185739.828,177719.579,185265.13,185897.023
2023-07-24 08:00:00,192215.126,8,0,7,0,188610.858,179641.948,189404.195,186350.827
2023-07-24 09:00:00,198062.857,9,0,7,0,192215.126,183775.037,197903.203,186874.709
2023-07-24 10:00:00,200148.267,10,0,7,0,198062.857,187486.079,202791.036,187470.035
2023-07-24 11:00:00,203854.608,11,0,7,0,200148.267,190539.71,204037.238,187997.626
2023-07-24 12:00:00,203485.772,12,0,7,0,203854.608,191169.502,202714.031,188552.413
2023-07-24 13:00:00,201739.302,13,0,7,0,203485.772,189785.06,200269.666,189065.591
2023-07-24 14:00:00,204402.401,14,0,7,0,201739.302,189585.73,201567.017,189563.685
2023-07-24 15:00:00,203417.872,15,0,7,0,204402.401,187718.491,201663.768,190181.046
2023-07-24 16:00:00,198031.933,16,0,7,0,203417.872,181395.362,196522.7,190835.187
2023-07-24 17:00:00,194081.33,17,0,7,0,198031.933,177020.812,191654.993,191528.377
2023-07-24 18:00:00,194807.247,18,0,7,0,194081.33,180046.728,193152.761,192239.232
2023-07-24 19:00:00,202943.554,19,0,7,0,194807.247,192455.166,202170.465,192854.254
2023-07-24 20:00:00,203722.066,20,0,7,0,202943.554,196004.642,203289.571,193291.27
2023-07-24 21:00:00,202109.637,21,0,7,0,203722.066,196123.617,203482.809,193612.829
2023-07-24 22:00:00,200489.986,22,0,7,0,202109.637,195542.107,202603.534,193862.247
2023-07-24 23:00:00,196968.645,23,0,7,0,200489.986,192160.23,197952.099,194068.409
2023-07-25 00:00:00,192685.401,0,1,7,0,196968.645,187483.8,192344.551,194268.759
2023-07-25 01:00:00,188271.076,1,1,7,0,192685.401,184010.812,187084.087,194485.493
2023-07-25 02:00:00,184819.075,2,1,7,0,188271.076,180400.78,183298.513,194663.004
2023-07-25 03:00:00,181592.851,3,1,7,0,184819.075,177875.341,180048.541,194847.099
2023-07-25 04:00:00,180395.934,4,1,7,0,181592.851,177779.149,179022.317,195001.995
2023-07-25 05:00:00,181167.731,5,1,7,0,180395.934,180069.05,180467.047,195111.028
2023-07-25 06:00:00,185208.445,6,1,7,0,181167.731,185739.828,185178.306,195156.807
2023-07-25 07:00:00,186725.613,7,1,7,0,185208.445,188610.858,187691.741,195134.666
2023-07-25 08:00:00,188745.005,8,1,7,0,186725.613,192215.126,190783.923,195056.114
2023-07-25 09:00:00,195327.667,9,1,7,0,188745.005,198062.857,197094.416,194911.525
2023-07-25 10:00:00,198011.627,10,1,7,0,195327.667,200148.267,200977.496,194797.559
2023-07-25 11:00:00,198607.119,11,1,7,0,198011.627,203854.608,201745.626,194708.532
2023-07-25 12:00:00,197066.012,12,1,7,0,198607.119,203485.772,200526.272,194489.887
2023-07-25 13:00:00,194373.9,13,1,7,0,197066.012,201739.302,197071.23,194222.397
2023-07-25 14:00:00,197626.084,14,1,7,0,194373.9,204402.401,198242.004,193915.505
2023-07-25 15:00:00,197050.535,15,1,7,0,197626.084,203417.872,197879.402,193633.159
2023-07-25 16:00:00,193209.458,16,1,7,0,197050.535,198031.933,193531.539,193367.853
2023-07-25 17:00:00,189390.557,17,1,7,0,193209.458,194081.33,189772.373,193166.917
2023-07-25 18:00:00,191425.885,18,1,7,0,189390.557,194807.247,191978.834,192971.468
2023-07-25 19:00:00,200049.025,19,1,7,0,191425.885,202943.554,201204.59,192830.578
2023-07-25 20:00:00,201091.652,20,1,7,0,200049.025,203722.066,201233.766,192709.972
2023-07-25 21:00:00,199801.112,21,1,7,0,201091.652,202109.637,200149.091,192600.372
2023-07-25 22:00:00,197483.494,22,1,7,0,199801.112,200489.986,199083.734,192504.183
2023-07-25 23:00:00,193395.106,23,1,7,0,197483.494,196968.645,194362.83,192378.913
2023-07-26 00:00:00,187882.675,0,2,7,0,193395.106,192685.401,188368.009,192230.015
2023-07-26 01:00:00,183300.891,1,2,7,0,187882.675,188271.076,183263.824,192029.902
2023-07-26 02:00:00,178674.285,2,2,7,0,183300.891,184819.075,178928.103,191822.811
2023-07-26 03:00:00,175213.411,3,2,7,0,178674.285,181592.851,176310.939,191566.778
2023-07-26 04:00:00,173801.641,4,2,7,0,175213.411,180395.934,175883.279,191300.968
2023-07-26 05:00:00,174183.975,5,2,7,0,173801.641,181167.731,177288.637,191026.205
2023-07-26 06:00:00,177907.028,6,2,7,0,174183.975,185208.445,182820.556,190735.216
2023-07-26 07:00:00,181088.602,7,2,7,0,177907.028,186725.613,185908.387,190430.99
2023-07-26 08:00:00,183869.116,8,2,7,0,181088.602,188745.005,188629.56,190196.114
2023-07-26 09:00:00,188777.56,9,2,7,0,183869.116,195327.667,195626.35,189992.952
2023-07-26 10:00:00,191643.786,10,2,7,0,188777.56,198011.627,199804.568,189720.031
2023-07-26 11:00:00,192041.614,11,2,7,0,191643.786,198607.119,200018.015,189454.705
2023-07-26 12:00:00,191566.169,12,2,7,0,192041.614,197066.012,198060.096,189181.142
2023-07-26 13:00:00,186677.577,13,2,7,0,191566.169,194373.9,195000.568,188951.982
2023-07-26 14:00:00,189010.003,14,2,7,0,186677.577,197626.084,196321.746,188631.302
2023-07-26 15:00:00,189580.068,15,2,7,0,189010.003,197050.535,196032.503,188272.298
2023-07-26 16:00:00,187578.067,16,2,7,0,189580.068,193209.458,192649.063,187961.029
2023-07-26 17:00:00,186338.346,17,2,7,0,187578.067,189390.557,188826.21,187726.387
2023-07-26 18:00:00,189497.735,18,2,7,0,186338.346,191425.885,188933.047,187599.212
2023-07-26 19:00:00,198675.014,19,2,7,0,189497.735,200049.025,199307.548,187518.872
2023-07-26 20:00:00,198648.026,20,2,7,0,198675.014,201091.652,200975.097,187461.622
2023-07-26 21:00:00,196734.074,21,2,7,0,198648.026,199801.112,199566.935,187359.804
2023-07-26 22:00:00,193767.683,22,2,7,0,196734.074,197483.494,199009.062,187232.011
2023-07-26 23:00:00,190005.161,23,2,7,0,193767.683,193395.106,194761.75,187077.186
2023-07-27 00:00:00,183980.685,0,3,7,0,190005.161,187882.675,190012.193,186935.938
2023-07-27 01:00:00,179263.685,1,3,7,0,183980.685,183300.891,185833.329,186773.355
2023-07-27 02:00:00,175560.538,2,3,7,0,179263.685,178674.285,181874.08,186605.138
2023-07-27 03:00:00,172817.637,3,3,7,0,175560.538,175213.411,179239.953,186475.398
2023-07-27 04:00:00,171750.128,4,3,7,0,172817.637,173801.641,178599.181,186375.575
2023-07-27 05:00:00,172465.749,5,3,7,0,171750.128,174183.975,180754.335,186290.095
2023-07-27 06:00:00,176980.743,6,3,7,0,172465.749,177907.028,185885.216,186218.502
2023-07-27 07:00:00,179035.357,7,3,7,0,176980.743,181088.602,188530.27,186179.907
2023-07-27 08:00:00,182612.356,8,3,7,0,179035.357,183869.116,190983.398,186094.355
2023-07-27 09:00:00,188183.442,9,3,7,0,182612.356,188777.56,197651.96,186041.99
2023-07-27 10:00:00,191888.434,10,3,7,0,188183.442,191643.786,201667.639,186017.235
2023-07-27 11:00:00,192886.598,11,3,7,0,191888.434,192041.614,202362.32,186027.429
2023-07-27 12:00:00,192270.757,12,3,7,0,192886.598,191566.169,201330.082,186062.636
2023-07-27 13:00:00,189893.818,13,3,7,0,192270.757,186677.577,199292.155,186091.994
2023-07-27 14:00:00,192305.544,14,3,7,0,189893.818,189010.003,201386.777,186226.004
2023-07-27 15:00:00,192679.122,15,3,7,0,192305.544,189580.068,201333.003,186363.319
2023-07-27 16:00:00,188359.814,16,3,7,0,192679.122,187578.067,198024.148,186492.446
2023-07-27 17:00:00,185029.259,17,3,7,0,188359.814,186338.346,193900.135,186525.019
2023-07-27 18:00:00,189076.638,18,3,7,0,185029.259,189497.735,194075.04,186470.473
2023-07-27 19:00:00,199376.124,19,3,7,0,189076.638,198675.014,203069.892,186452.928
2023-07-27 20:00:00,199673.379,20,3,7,0,199376.124,198648.026,204595.77,186482.14
2023-07-27 21:00:00,197912.609,21,3,7,0,199673.379,196734.074,203184.206,186524.864
2023-07-27 22:00:00,196059.502,22,3,7,0,197912.609,193767.683,202140.815,186573.969
2023-07-27 23:00:00,191881.606,23,3,7,0,196059.502,190005.161,199890.809,186669.462
2023-07-28 00:00:00,185952.172,0,4,7,0,191881.606,183980.685,195611.038,186747.647
2023-07-28 01:00:00,181306.164,1,4,7,0,185952.172,179263.685,191315.482,186829.792
2023-07-28 02:00:00,177562.909,2,4,7,0,181306.164,175560.538,187943.49,186914.895
2023-07-28 03:00:00,174820.485,3,4,7,0,177562.909,172817.637,185716.303,186998.328
2023-07-28 04:00:00,173888.078,4,4,7,0,174820.485,171750.128,184761.648,187081.78
2023-07-28 05:00:00,174611.024,5,4,7,0,173888.078,172465.749,185325.906,187170.861
2023-07-28 06:00:00,179042.092,6,4,7,0,174611.024,176980.743,189320.814,187260.247
2023-07-28 07:00:00,181428.832,7,4,7,0,179042.092,179035.357,192698.146,187346.137
2023-07-28 08:00:00,183709.637,8,4,7,0,181428.832,182612.356,196505.061,187445.865
2023-07-28 09:00:00,189132.545,9,4,7,0,183709.637,188183.442,203275.05,187491.585
2023-07-28 10:00:00,192408.226,10,4,7,0,189132.545,191888.434,207350.518,187531.131
2023-07-28 11:00:00,192256.593,11,4,7,0,192408.226,192886.598,208084.744,187552.789
2023-07-28 12:00:00,190661.661,12,4,7,0,192256.593,192270.757,206708.5,187526.539
2023-07-28 13:00:00,186686.68,13,4,7,0,190661.661,189893.818,203758.566,187459.493
2023-07-28 14:00:00,188302.284,14,4,7,0,186686.68,192305.544,204776.366,187325.862
2023-07-28 15:00:00,188101.144,15,4,7,0,188302.284,192679.122,201649.74,187159.06
2023-07-28 16:00:00,185825.095,16,4,7,0,188101.144,188359.814,184635.793,186968.311
2023-07-28 17:00:00,183260.191,17,4,7,0,185825.095,185029.259,178204.173,186862.697
2023-07-28 18:00:00,186959.637,18,4,7,0,183260.191,189076.638,192973.012,186788.986
2023-07-28 19:00:00,196241.463,19,4,7,0,186959.637,199376.124,202805.741,186700.778
2023-07-28 20:00:00,195573.886,20,4,7,0,196241.463,199673.379,202648.608,186570.167
2023-07-28 21:00:00,194121.808,21,4,7,0,195573.886,197912.609,201319.756,186399.355
2023-07-28 22:00:00,192445.936,22,4,7,0,194121.808,196059.502,201201.357,186241.405
2023-07-28 23:00:00,187976.264,23,4,7,0,192445.936,191881.606,198622.992,186090.84
2023-07-29 00:00:00,182127.458,0,5,7,1,187976.264,185952.172,193625.163,185928.117
2023-07-29 01:00:00,177833.591,1,5,7,1,182127.458,181306.164,189890.226,185768.754
2023-07-29 02:00:00,174005.796,2,5,7,1,177833.591,177562.909,186148.664,185624.063
2023-07-29 03:00:00,170965.397,3,5,7,1,174005.796,174820.485,182660.106,185475.85
2023-07-29 04:00:00,169078.2,4,5,7,1,170965.397,173888.078,181570.968,185315.222
2023-07-29 05:00:00,169015.13,5,5,7,1,169078.2,174611.024,180559.649,185114.81
2023-07-29 06:00:00,172120.582,6,5,7,1,169015.13,179042.092,184066.515,184881.648
2023-07-29 07:00:00,175768.241,7,5,7,1,172120.582,181428.832,186275.001,184593.251
2023-07-29 08:00:00,180889.817,8,5,7,1,175768.241,183709.637,189338.254,184357.394
2023-07-29 09:00:00,188278.881,9,5,7,1,180889.817,189132.545,195729.511,184239.901
2023-07-29 10:00:00,190769.207,10,5,7,1,188278.881,192408.226,198211.957,184204.332
2023-07-29 11:00:00,190311.31,11,5,7,1,190769.207,192256.593,197004.562,184136.039
2023-07-29 12:00:00,188277.741,12,5,7,1,190311.31,190661.661,195382.785,184054.986
2023-07-29 13:00:00,185177.879,13,5,7,1,188277.741,186686.68,192137.215,183955.656
2023-07-29 14:00:00,185799.71,14,5,7,1,185177.879,188302.284,193574.995,183892.789
2023-07-29 15:00:00,183473.099,15,5,7,1,185799.71,188101.144,192441.24,183788.515
2023-07-29 16:00:00,179791.337,16,5,7,1,183473.099,185825.095,187145.65,183595.68
2023-07-29 17:00:00,176638.497,17,5,7,1,179791.337,183260.191,184510.381,183344.273
2023-07-29 18:00:00,177271.616,18,5,7,1,176638.497,186959.637,186519.591,183068.369
2023-07-29 19:00:00,189114.104,19,5,7,1,177271.616,196241.463,196328.136,182664.702
2023-07-29 20:00:00,191574.132,20,5,7,1,189114.104,195573.886,197517.411,182367.729
2023-07-29 21:00:00,191857.956,21,5,7,1,191574.132,194121.808,197247.011,182201.072
2023-07-29 22:00:00,191558.993,22,5,7,1,191857.956,192445.936,196997.048,182106.745
2023-07-29 23:00:00,188934.98,23,5,7,1,191558.993,187976.264,193491.315,182069.789
2023-07-30 00:00:00,184328.386,0,6,7,1,188934.98,182127.458,188885.081,182109.736
2023-07-30 01:00:00,180475.045,1,6,7,1,184328.386,177833.591,184952.694,182201.441
2023-07-30 02:00:00,176433.095,2,6,7,1,180475.045,174005.796,181007.086,182311.502
2023-07-30 03:00:00,173419.336,3,6,7,1,176433.095,170965.397,178110.938,182412.639
2023-07-30 04:00:00,172260.322,4,6,7,1,173419.336,169078.2,177064.962,182514.886
2023-07-30 05:00:00,172095.426,5,6,7,1,172260.322,169015.13,176980.722,182647.475
2023-07-30 06:00:00,174102.402,6,6,7,1,172095.426,172120.582,177688.318,182775.82
2023-07-30 07:00:00,175237.972,7,6,7,1,174102.402,175768.241,177719.579,182858.396
2023-07-30 08:00:00,177938.843,8,6,7,1,175237.972,180889.817,179641.948,182836.302
2023-07-30 09:00:00,182619.307,9,6,7,1,177938.843,188278.881,183775.037,182713.345
2023-07-30 10:00:00,185368.38,10,6,7,1,182619.307,190769.207,187486.079,182477.529
2023-07-30 11:00:00,186420.854,11,6,7,1,185368.38,190311.31,190539.71,182252.494
2023-07-30 12:00:00,185982.03,12,6,7,1,186420.854,188277.741,191169.502,182090.392
2023-07-30 13:00:00,184361.348,13,6,7,1,185982.03,185177.879,189785.06,181994.738
2023-07-30 14:00:00,184770.767,14,6,7,1,184361.348,185799.71,189585.73,181960.715
2023-07-30 15:00:00,183674.319,15,6,7,1,184770.767,183473.099,187718.491,181917.843
2023-07-30 16:00:00,177832.774,16,6,7,1,183674.319,179791.337,181395.362,181926.227
2023-07-30 17:00:00,173477.335,17,6,7,1,177832.774,176638.497,177020.812,181844.62
2023-07-30 18:00:00,177530.535,18,6,7,1,173477.335,177271.616,180046.728,181712.905
2023-07-30 19:00:00,190704.205,19,6,7,1,177530.535,189114.104,192455.166,181723.693
2023-07-30 20:00:00,194594.981,20,6,7,1,190704.205,191574.132,196004.642,181789.948
2023-07-30 21:00:00,194402.475,21,6,7,1,194594.981,191857.956,196123.617,181915.816
2023-07-30 22:00:00,194103.738,22,6,7,1,194402.475,191558.993,195542.107,182021.838
2023-07-30 23:00:00,191133.189,23,6,7,1,194103.738,188934.98,192160.23,182127.869
2023-07-31 00:00:00,186017.286,0,0,7,0,191133.189,184328.386,187483.8,182219.461
2023-07-31 01:00:00,181387.694,1,0,7,0,186017.286,180475.045,184010.812,182289.832
2023-07-31 02:00:00,177836.14,2,0,7,0,181387.694,176433.095,180400.78,182327.859
2023-07-31 03:00:00,175146.238,3,0,7,0,177836.14,173419.336,177875.341,182386.319
2023-07-31 04:00:00,174664.291,4,0,7,0,175146.238,172260.322,177779.149,182458.273
2023-07-31 05:00:00,176191.894,5,0,7,0,174664.291,172095.426,180069.05,182558.439
2023-07-31 06:00:00,181741.612,6,0,7,0,176191.894,174102.402,185739.828,182729.125
2023-07-31 07:00:00,186311.562,7,0,7,0,181741.612,175237.972,188610.858,183047.425
2023-07-31 08:00:00,191321.838,8,0,7,0,186311.562,177938.843,192215.126,183508.825
2023-07-31 09:00:00,200276.547,9,0,7,0,191321.838,182619.307,198062.857,184066.45
2023-07-31 10:00:00,205253.9,10,0,7,0,200276.547,185368.38,200148.267,184802.168
2023-07-31 11:00:00,205175.996,11,0,7,0,205253.9,186420.854,203854.608,185630.731
2023-07-31 12:00:00,204766.259,12,0,7,0,205175.996,185982.03,203485.772,186412.196
2023-07-31 13:00:00,201999.123,13,0,7,0,204766.259,184361.348,201739.302,187194.872
2023-07-31 14:00:00,204674.689,14,0,7,0,201999.123,184770.767,204402.401,187929.779
2023-07-31 15:00:00,203598.033,15,0,7,0,204674.689,183674.319,203417.872,188759.109
2023-07-31 16:00:00,196465.25,16,0,7,0,203598.033,177832.774,198031.933,189589.264
2023-07-31 17:00:00,189529.511,17,0,7,0,196465.25,173477.335,194081.33,190365.617
2023-07-31 18:00:00,191413.82,18,0,7,0,189529.511,177530.535,194807.247,191034.458
2023-07-31 19:00:00,202077.493,19,0,7,0,191413.82,190704.205,202943.554,191612.928
2023-07-31 20:00:00,202290.185,20,0,7,0,202077.493,194594.981,203722.066,192086.815
2023-07-31 21:00:00,202139.214,21,0,7,0,202290.185,194402.475,202109.637,192407.448
2023-07-31 22:00:00,201777.566,22,0,7,0,202139.214,194103.738,200489.986,192729.813
2023-07-31 23:00:00,198603.913,23,0,7,0,201777.566,191133.189,196968.645,193049.555
2023-08-01 00:00:00,193874.866,0,1,8,0,198603.913,186017.286,192685.401,193360.836
2023-08-01 01:00:00,189172.963,1,1,8,0,193874.866,181387.694,188271.076,193688.235
2023-08-01 02:00:00,184700.821,2,1,8,0,189172.963,177836.14,184819.075,194012.621
2023-08-01 03:00:00,181546.951,3,1,8,0,184700.821,175146.238,181592.851,194298.649
2023-08-01 04:00:00,180684.284,4,1,8,0,181546.951,174664.291,180395.934,194565.346
2023-08-01 05:00:00,182346.424,5,1,8,0,180684.284,176191.894,181167.731,194816.179
2023-08-01 06:00:00,187995.366,6,1,8,0,182346.424,181741.612,185208.445,195072.618
2023-08-01 07:00:00,191605.823,7,1,8,0,187995.366,186311.562,186725.613,195333.191
2023-08-01 08:00:00,192929.606,8,1,8,0,191605.823,191321.838,188745.005,195553.785
2023-08-01 09:00:00,199255.604,9,1,8,0,192929.606,200276.547,195327.667,195620.775
2023-08-01 10:00:00,202920.161,10,1,8,0,199255.604,205253.9,198011.627,195578.236
2023-08-01 11:00:00,203853.799,11,1,8,0,202920.161,205175.996,198607.119,195480.997
2023-08-01 12:00:00,202537.343,12,1,8,0,203853.799,204766.259,197066.012,195425.905
2023-08-01 13:00:00,200714.519,13,1,8,0,202537.343,201999.123,194373.9,195333.034
2023-08-01 14:00:00,203770.332,14,1,8,0,200714.519,204674.689,197626.084,195279.508
2023-08-01 15:00:00,203459.835,15,1,8,0,203770.332,203598.033,197050.535,195241.827
2023-08-01 16:00:00,198799.851,16,1,8,0,203459.835,196465.25,193209.458,195236.069
2023-08-01 17:00:00,194549.471,17,1,8,0,198799.851,189529.511,189390.557,195333.344
2023-08-01 18:00:00,195080.073,18,1,8,0,194549.471,191413.82,191425.885,195542.509
2023-08-01 19:00:00,204064.769,19,1,8,0,195080.073,202077.493,200049.025,195695.269
2023-08-01 20:00:00,204899.336,20,1,8,0,204064.769,202290.185,201091.652,195778.072
2023-08-01 21:00:00,203512.586,21,1,8,0,204899.336,202139.214,199801.112,195886.787
2023-08-01 22:00:00,202476.008,22,1,8,0,203512.586,201777.566,197483.494,195944.011
2023-08-01 23:00:00,198352.558,23,1,8,0,202476.008,198603.913,193395.106,195973.113
2023-08-02 00:00:00,192613.748,0,2,8,0,198352.558,193874.866,187882.675,195962.64
2023-08-02 01:00:00,188418.519,1,2,8,0,192613.748,189172.963,183300.891,195910.093
2023-08-02 02:00:00,183884.292,2,2,8,0,188418.519,184700.821,178674.285,195878.658
2023-08-02 03:00:00,180939.258,3,2,8,0,183884.292,181546.951,175213.411,195844.636
2023-08-02 04:00:00,179401.641,4,2,8,0,180939.258,180684.284,173801.641,195819.315
2023-08-02 05:00:00,180328.154,5,2,8,0,179401.641,182346.424,174183.975,195765.872
2023-08-02 06:00:00,184993.285,6,2,8,0,180328.154,187995.366,177907.028,195681.777
2023-08-02 07:00:00,188652.278,7,2,8,0,184993.285,191605.823,181088.602,195556.69
2023-08-02 08:00:00,190435.229,8,2,8,0,188652.278,192929.606,183869.116,195433.626
2023-08-02 09:00:00,195257.658,9,2,8,0,190435.229,199255.604,188777.56,195329.694
2023-08-02 10:00:00,197509.042,10,2,8,0,195257.658,202920.161,191643.786,195163.113
2023-08-02 11:00:00,197745.934,11,2,8,0,197509.042,203853.799,192041.614,194937.649
2023-08-02 12:00:00,197075.216,12,2,8,0,197745.934,202537.343,191566.169,194683.155
2023-08-02 13:00:00,195659.213,13,2,8,0,197075.216,200714.519,186677.577,194455.566
2023-08-02 14:00:00,198008.694,14,2,8,0,195659.213,203770.332,189010.003,194244.929
2023-08-02 15:00:00,197633.421,15,2,8,0,198008.694,203459.835,189580.068,194004.86
2023-08-02 16:00:00,193382.456,16,2,8,0,197633.421,198799.851,187578.067,193762.093
2023-08-02 17:00:00,189444.643,17,2,8,0,193382.456,194549.471,186338.346,193536.368
2023-08-02 18:00:00,191123.149,18,2,8,0,189444.643,195080.073,189497.735,193323.667
2023-08-02 19:00:00,200516.208,19,2,8,0,191123.149,204064.769,198675.014,193158.795
2023-08-02 20:00:00,200071.274,20,2,8,0,200516.208,204899.336,198648.026,193010.939
2023-08-02 21:00:00,199048.828,21,2,8,0,200071.274,203512.586,196734.074,192809.769
2023-08-02 22:00:00,197379.164,22,2,8,0,199048.828,202476.008,193767.683,192623.779
2023-08-02 23:00:00,192436.15,23,2,8,0,197379.164,198352.558,190005.161,192411.411
2023-08-03 00:00:00,187755.976,0,3,8,0,192436.15,192613.748,183980.685,192164.894
2023-08-03 01:00:00,183444.959,1,3,8,0,187755.976,188418.519,179263.685,191962.487
2023-08-03 02:00:00,179418.82,2,3,8,0,183444.959,183884.292,175560.538,191755.255
2023-08-03 03:00:00,176764.698,3,3,8,0,179418.82,180939.258,172817.637,191569.194
2023-08-03 04:00:00,175674.683,4,3,8,0,176764.698,179401.641,171750.128,191395.254
2023-08-03 05:00:00,177258.434,5,3,8,0,175674.683,180328.154,172465.749,191239.964
2023-08-03 06:00:00,183530.901,6,3,8,0,177258.434,184993.285,176980.743,191112.059
2023-08-03 07:00:00,186719.058,7,3,8,0,183530.901,188652.278,179035.357,191051.126
2023-08-03 08:00:00,189745.333,8,3,8,0,186719.058,190435.229,182612.356,190970.575
2023-08-03 09:00:00,196613.498,9,3,8,0,189745.333,195257.658,188183.442,190941.83
2023-08-03 10:00:00,198808.128,10,3,8,0,196613.498,197509.042,191888.434,190998.323
2023-08-03 11:00:00,200074.842,11,3,8,0,198808.128,197745.934,192886.598,191052.452
2023-08-03 12:00:00,199369.962,12,3,8,0,200074.842,197075.216,192270.757,191149.489
2023-08-03 13:00:00,198198.228,13,3,8,0,199369.962,195659.213,189893.818,191245.104
2023-08-03 14:00:00,201548.161,14,3,8,0,198198.228,198008.694,192305.544,191350.896
2023-08-03 15:00:00,199045.659,15,3,8,0,201548.161,197633.421,192679.122,191498.374
2023-08-03 16:00:00,197089.9,16,3,8,0,199045.659,193382.456,188359.814,191557.217
2023-08-03 17:00:00,192592.435,17,3,8,0,197089.9,189444.643,185029.259,191711.694
2023-08-03 18:00:00,193575.516,18,3,8,0,192592.435,191123.149,189076.638,191842.852
2023-08-03 19:00:00,203723.51,19,3,8,0,193575.516,200516.208,199376.124,191945.034
2023-08-03 20:00:00,204487.234,20,3,8,0,203723.51,200071.274,199673.379,192078.672
2023-08-03 21:00:00,203658.545,21,3,8,0,204487.234,199048.828,197912.609,192262.67
2023-08-03 22:00:00,202869.758,22,3,8,0,203658.545,197379.164,196059.502,192454.741
2023-08-03 23:00:00,198184.495,23,3,8,0,202869.758,192436.15,191881.606,192683.516
2023-08-04 00:00:00,192853.96,0,4,8,0,198184.495,187755.976,185952.172,192923.031
2023-08-04 01:00:00,186878.662,1,4,8,0,192853.96,183444.959,181306.164,193135.447
2023-08-04 02:00:00,183088.287,2,4,8,0,186878.662,179418.82,177562.909,193278.518
2023-08-04 03:00:00,179899.327,3,4,8,0,183088.287,176764.698,174820.485,193431.412
2023-08-04 04:00:00,179039.604,4,4,8,0,179899.327,175674.683,173888.078,193562.022
2023-08-04 05:00:00,181289.581,5,4,8,0,179039.604,177258.434,174611.024,193702.227
2023-08-04 06:00:00,187410.446,6,4,8,0,181289.581,183530.901,179042.092,193870.191
2023-08-04 07:00:00,191225.99,7,4,8,0,187410.446,186719.058,181428.832,194031.839
2023-08-04 08:00:00,193968.068,8,4,8,0,191225.99,189745.333,183709.637,194219.628
2023-08-04 09:00:00,201345.588,9,4,8,0,193968.068,196613.498,189132.545,194395.575
2023-08-04 10:00:00,204860.253,10,4,8,0,201345.588,198808.128,192408.226,194592.745
2023-08-04 11:00:00,204952.508,11,4,8,0,204860.253,200074.842,192256.593,194844.917
2023-08-04 12:00:00,203691.233,12,4,8,0,204952.508,199369.962,190661.661,195048.153
2023-08-04 13:00:00,200486.509,13,4,8,0,203691.233,198198.228,186686.68,195228.206
2023-08-04 14:00:00,201804.96,14,4,8,0,200486.509,201548.161,188302.284,195323.551
2023-08-04 15:00:00,201457.965,15,4,8,0,201804.96,199045.659,188101.144,195334.251
2023-08-04 16:00:00,197060.484,16,4,8,0,201457.965,197089.9,185825.095,195434.764
2023-08-04 17:00:00,192080.35,17,4,8,0,197060.484,192592.435,183260.191,195433.538
2023-08-04 18:00:00,193863.277,18,4,8,0,192080.35,193575.516,186959.637,195412.201
2023-08-04 19:00:00,204289.419,19,4,8,0,193863.277,203723.51,196241.463,195424.191
2023-08-04 20:00:00,203445.646,20,4,8,0,204289.419,204487.234,195573.886,195447.771
2023-08-04 21:00:00,202091.63,21,4,8,0,203445.646,203658.545,194121.808,195404.371
2023-08-04 22:00:00,201493.175,22,4,8,0,202091.63,202869.758,192445.936,195339.083
2023-08-04 23:00:00,197937.583,23,4,8,0,201493.175,198184.495,187976.264,195281.726
2023-08-05 00:00:00,194018.527,0,5,8,1,197937.583,192853.96,182127.458,195271.438
2023-08-05 01:00:00,189051.031,1,5,8,1,194018.527,186878.662,177833.591,195319.961
2023-08-05 02:00:00,185184.593,2,5,8,1,189051.031,183088.287,174005.796,195410.477
2023-08-05 03:00:00,182281.144,3,5,8,1,185184.593,179899.327,170965.397,195497.823
2023-08-05 04:00:00,181375.866,4,5,8,1,182281.144,179039.604,169078.2,195597.065
2023-08-05 05:00:00,182840.484,5,5,8,1,181375.866,181289.581,169015.13,195694.409
2023-08-05 06:00:00,187825.313,6,5,8,1,182840.484,187410.446,172120.582,195759.03
2023-08-05 07:00:00,189746.675,7,5,8,1,187825.313,191225.99,175768.241,195776.316
2023-08-05 08:00:00,193443.589,8,5,8,1,189746.675,193968.068,180889.817,195714.678
2023-08-05 09:00:00,200693.663,9,5,8,1,193443.589,201345.588,188278.881,195692.825
2023-08-05 10:00:00,204875.582,10,5,8,1,200693.663,204860.253,190769.207,195665.662
2023-08-05 11:00:00,205672.34,11,5,8,1,204875.582,204952.508,190311.31,195666.3
2023-08-05 12:00:00,199599.01,12,5,8,1,205672.34,203691.233,188277.741,195696.293
2023-08-05 13:00:00,201794.403,13,5,8,1,199599.01,200486.509,185177.879,195525.784
2023-08-05 14:00:00,203698.348,14,5,8,1,201794.403,201804.96,185799.71,195580.28
2023-08-05 15:00:00,203436.777,15,5,8,1,203698.348,201457.965,183473.099,195659.171
2023-08-05 16:00:00,198023.31,16,5,8,1,203436.777,197060.484,179791.337,195741.621
2023-08-05 17:00:00,192959.806,17,5,8,1,198023.31,192080.35,176638.497,195781.739
2023-08-05 18:00:00,194542.437,18,5,8,1,192959.806,193863.277,177271.616,195818.383
2023-08-05 19:00:00,205467.588,19,5,8,1,194542.437,204289.419,189114.104,195846.681
2023-08-05 20:00:00,205305.662,20,5,8,1,205467.588,203445.646,191574.132,195895.772
2023-08-05 21:00:00,203540.457,21,5,8,1,205305.662,202091.63,191857.956,195973.272
2023-08-05 22:00:00,203080.473,22,5,8,1,203540.457,201493.175,191558.993,196033.64
2023-08-05 23:00:00,199976.718,23,5,8,1,203080.473,197937.583,188934.98,196099.778
2023-08-06 00:00:00,196769.995,0,6,8,1,199976.718,194018.527,184328.386,196184.742
2023-08-06 01:00:00,192027.697,1,6,8,1,196769.995,189051.031,180475.045,196299.386
2023-08-06 02:00:00,187761.041,2,6,8,1,192027.697,185184.593,176433.095,196423.414
2023-08-06 03:00:00,184277.007,3,6,8,1,187761.041,182281.144,173419.336,196530.766
2023-08-06 04:00:00,183021.947,4,6,8,1,184277.007,181375.866,172260.322,196613.927
2023-08-06 05:00:00,183115.484,5,6,8,1,183021.947,182840.484,172095.426,196682.513
2023-08-06 06:00:00,184274.986,6,6,8,1,183115.484,187825.313,174102.402,196693.972
2023-08-06 07:00:00,185063.953,7,6,8,1,184274.986,189746.675,175237.972,196546.041
2023-08-06 08:00:00,187642.505,8,6,8,1,185063.953,193443.589,177938.843,196350.928
2023-08-06 09:00:00,193615.053,9,6,8,1,187642.505,200693.663,182619.307,196109.216
2023-08-06 10:00:00,195651.281,10,6,8,1,193615.053,204875.582,185368.38,195814.274
2023-08-06 11:00:00,197180.97,11,6,8,1,195651.281,205672.34,186420.854,195429.928
2023-08-06 12:00:00,196549.71,12,6,8,1,197180.97,199599.01,185982.03,195076.121
2023-08-06 13:00:00,194537.322,13,6,8,1,196549.71,201794.403,184361.348,194949.067
2023-08-06 14:00:00,195347.153,14,6,8,1,194537.322,203698.348,184770.767,194646.689
2023-08-06 15:00:00,194043.68,15,6,8,1,195347.153,203436.777,183674.319,194298.722
2023-08-06 16:00:00,188866.893,16,6,8,1,194043.68,198023.31,177832.774,193907.343
2023-08-06 17:00:00,182293.007,17,6,8,1,188866.893,192959.806,173477.335,193525.826
2023-08-06 18:00:00,181705.789,18,6,8,1,182293.007,194542.437,177530.535,193081.376
2023-08-06 19:00:00,193450.705,19,6,8,1,181705.789,205467.588,190704.205,192546.515
2023-08-06 20:00:00,196289.957,20,6,8,1,193450.705,205305.662,194594.981,192045.812
2023-08-06 21:00:00,196360.5,21,6,8,1,196289.957,203540.457,194402.475,191670.158
2023-08-06 22:00:00,196613.69,22,6,8,1,196360.5,203080.473,194103.738,191370.993
2023-08-06 23:00:00,192526.644,23,6,8,1,196613.69,199976.718,191133.189,191101.543
2023-08-07 00:00:00,187335.813,0,0,8,0,192526.644,196769.995,186017.286,190791.124
2023-08-07 01:00:00,183428.023,1,0,8,0,187335.813,192027.697,181387.694,190398.033
2023-08-07 02:00:00,178903.099,2,0,8,0,183428.023,187761.041,177836.14,190039.713
2023-08-07 03:00:00,175637.761,3,0,8,0,178903.099,184277.007,175146.238,189670.632
2023-08-07 04:00:00,175216.25,4,0,8,0,175637.761,183021.947,174664.291,189310.664
2023-08-07 05:00:00,178470.333,5,0,8,0,175216.25,183115.484,176191.894,188985.426
2023-08-07 06:00:00,184835.45,6,0,8,0,178470.333,184274.986,181741.612,188791.878
2023-08-07 07:00:00,190875.474,7,0,8,0,184835.45,185063.953,186311.562,188815.231
2023-08-07 08:00:00,194112.354,8,0,8,0,190875.474,187642.505,191321.838,189057.378
2023-08-07 09:00:00,202015.615,9,0,8,0,194112.354,193615.053,200276.547,189326.955
2023-08-07 10:00:00,207010.932,10,0,8,0,202015.615,195651.281,205253.9,189676.978
2023-08-07 11:00:00,208308.831,11,0,8,0,207010.932,197180.97,205175.996,190150.297
2023-08-07 12:00:00,207701.566,12,0,8,0,208308.831,196549.71,204766.259,190613.958
2023-08-07 13:00:00,205147.997,13,0,8,0,207701.566,194537.322,201999.123,191078.618
2023-08-07 14:00:00,207457.212,14,0,8,0,205147.997,195347.153,204674.689,191520.73
2023-08-07 15:00:00,206949.878,15,0,8,0,207457.212,194043.68,203598.033,192025.316
2023-08-07 16:00:00,202623.001,16,0,8,0,206949.878,188866.893,196465.25,192563.074
2023-08-07 17:00:00,197886.942,17,0,8,0,202623.001,182293.007,189529.511,193136.245
2023-08-07 18:00:00,199104.196,18,0,8,0,197886.942,181705.789,191413.82,193785.992
2023-08-07 19:00:00,207904.648,19,0,8,0,199104.196,193450.705,202077.493,194510.926
2023-08-07 20:00:00,207255.096,20,0,8,0,207904.648,196289.957,202290.185,195113.174
2023-08-07 21:00:00,206780.673,21,0,8,0,207255.096,196360.5,202139.214,195570.054
2023-08-07 22:00:00,205974.907,22,0,8,0,206780.673,196613.69,201777.566,196004.228
2023-08-07 23:00:00,201769.883,23,0,8,0,205974.907,192526.644,198603.913,196394.279
2023-08-08 00:00:00,196961.02,0,1,8,0,201769.883,187335.813,193874.866,196779.414
2023-08-08 01:00:00,192289.824,1,1,8,0,196961.02,183428.023,189172.963,197180.464
2023-08-08 02:00:00,188073.55,2,1,8,0,192289.824,178903.099,184700.821,197549.706
2023-08-08 03:00:00,184938.445,3,1,8,0,188073.55,175637.761,181546.951,197931.808
2023-08-08 04:00:00,184737.632,4,1,8,0,184938.445,175216.25,180684.284,198319.337
2023-08-08 05:00:00,188221.809,5,1,8,0,184737.632,178470.333,182346.424,198716.061
2023-08-08 06:00:00,193909.028,6,1,8,0,188221.809,184835.45,187995.366,199122.372
2023-08-08 07:00:00,197091.873,7,1,8,0,193909.028,190875.474,191605.823,199500.438
2023-08-08 08:00:00,200134.476,8,1,8,0,197091.873,194112.354,192929.606,199759.455
2023-08-08 09:00:00,207377.349,9,1,8,0,200134.476,202015.615,199255.604,200010.376
2023-08-08 10:00:00,212217.342,10,1,8,0,207377.349,207010.932,202920.161,200233.782
2023-08-08 11:00:00,212790.153,11,1,8,0,212217.342,208308.831,203853.799,200450.716
2023-08-08 12:00:00,212617.235,12,1,8,0,212790.153,207701.566,202537.343,200637.437
2023-08-08 13:00:00,209341.582,13,1,8,0,212617.235,205147.997,200714.519,200842.257
2023-08-08 14:00:00,213089.715,14,1,8,0,209341.582,207457.212,203770.332,201016.99
2023-08-08 15:00:00,213537.973,15,1,8,0,213089.715,206949.878,203459.835,201251.677
2023-08-08 16:00:00,207650.778,16,1,8,0,213537.973,202623.001,198799.851,201526.181
2023-08-08 17:00:00,203051.805,17,1,8,0,207650.778,197886.942,194549.471,201735.672
2023-08-08 18:00:00,202787.253,18,1,8,0,203051.805,199104.196,195080.073,201950.875
2023-08-08 19:00:00,207624.383,19,1,8,0,202787.253,207904.648,204064.769,202104.335
2023-08-08 20:00:00,206435.279,20,1,8,0,207624.383,207255.096,204899.336,202092.658
2023-08-08 21:00:00,205376.48,21,1,8,0,206435.279,206780.673,203512.586,202058.499
2023-08-08 22:00:00,203747.068,22,1,8,0,205376.48,205974.907,202476.008,201999.991
2023-08-08 23:00:00,201519.28,23,1,8,0,203747.068,201769.883,198352.558,201907.164
2023-08-09 00:00:00,198261.696,0,2,8,0,201519.28,196961.02,192613.748,201896.722
2023-08-09 01:00:00,193654.601,1,2,8,0,198261.696,192289.824,188418.519,201950.917
2023-08-09 02:00:00,189990.362,2,2,8,0,193654.601,188073.55,183884.292,202007.783
2023-08-09 03:00:00,186988.567,3,2,8,0,189990.362,184938.445,180939.258,202087.65
2023-08-09 04:00:00,186948.177,4,2,8,0,186988.567,184737.632,179401.641,202173.072
2023-08-09 05:00:00,190160.785,5,2,8,0,186948.177,188221.809,180328.154,202265.178
2023-08-09 06:00:00,195645.195,6,2,8,0,190160.785,193909.028,184993.285,202345.968
2023-08-09 07:00:00,197703.559,7,2,8,0,195645.195,197091.873,188652.278,202418.309
2023-08-09 08:00:00,201075.596,8,2,8,0,197703.559,200134.476,190435.229,202443.796
2023-08-09 09:00:00,210038.186,9,2,8,0,201075.596,207377.349,195257.658,202483.009
2023-08-09 10:00:00,214973.53,10,2,8,0,210038.186,212217.342,197509.042,202593.877
2023-08-09 11:00:00,217546.283,11,2,8,0,214973.53,212790.153,197745.934,202708.718
2023-08-09 12:00:00,218094.066,12,2,8,0,217546.283,212617.235,197075.216,202906.89
2023-08-09 13:00:00,216956.575,13,2,8,0,218094.066,209341.582,195659.213,203135.092
2023-08-09 14:00:00,219377.303,14,2,8,0,216956.575,213089.715,198008.694,203452.383
2023-08-09 15:00:00,217806.135,15,2,8,0,219377.303,213537.973,197633.421,203714.366
2023-08-09 16:00:00,211973.757,16,2,8,0,217806.135,207650.778,193382.456,203892.206
2023-08-09 17:00:00,206215.76,17,2,8,0,211973.757,203051.805,189444.643,204072.33
2023-08-09 18:00:00,202595.248,18,2,8,0,206215.76,202787.253,191123.149,204204.162
2023-08-09 19:00:00,206967.115,19,2,8,0,202595.248,207624.383,200516.208,204196.161
2023-08-09 20:00:00,205786.915,20,2,8,0,206967.115,206435.279,200071.274,204168.775
2023-08-09 21:00:00,205381.663,21,2,8,0,205786.915,205376.48,199048.828,204141.76
2023-08-09 22:00:00,204115.789,22,2,8,0,205381.663,203747.068,197379.164,204141.976
2023-08-09 23:00:00,203242.354,23,2,8,0,204115.789,201519.28,192436.15,204157.339
2023-08-10 00:00:00,200559.76,0,3,8,0,203242.354,198261.696,187755.976,204229.134
2023-08-10 01:00:00,196778.614,1,3,8,0,200559.76,193654.601,183444.959,204324.887
2023-08-10 02:00:00,193073.937,2,3,8,0,196778.614,189990.362,179418.82,204455.054
2023-08-10 03:00:00,190701.064,3,3,8,0,193073.937,186988.567,176764.698,204583.536
2023-08-10 04:00:00,190314.649,4,3,8,0,190701.064,186948.177,175674.683,204738.224
2023-08-10 05:00:00,192060.948,5,3,8,0,190314.649,190160.785,177258.434,204878.493
2023-08-10 06:00:00,196528.618,6,3,8,0,192060.948,195645.195,183530.901,204957.667
2023-08-10 07:00:00,199758.569,7,3,8,0,196528.618,197703.559,186719.058,204994.476
2023-08-10 08:00:00,204731.439,8,3,8,0,199758.569,201075.596,189745.333,205080.101
2023-08-10 09:00:00,213034.546,9,3,8,0,204731.439,210038.186,196613.498,205232.428
2023-08-10 10:00:00,219676.827,10,3,8,0,213034.546,214973.53,198808.128,205357.277
2023-08-10 11:00:00,222905.416,11,3,8,0,219676.827,217546.283,200074.842,205553.247
2023-08-10 12:00:00,223290.97,12,3,8,0,222905.416,218094.066,199369.962,205776.544
2023-08-10 13:00:00,220956.064,13,3,8,0,223290.97,216956.575,198198.228,205993.082
2023-08-10 14:00:00,223812.736,14,3,8,0,220956.064,219377.303,201548.161,206159.728
2023-08-10 15:00:00,221904.891,15,3,8,0,223812.736,217806.135,199045.659,206344.537
2023-08-10 16:00:00,215094.149,16,3,8,0,221904.891,211973.757,197089.9,206515.319
2023-08-10 17:00:00,207817.237,17,3,8,0,215094.149,206215.76,192592.435,206645.335
2023-08-10 18:00:00,205561.064,18,3,8,0,207817.237,202595.248,193575.516,206712.063
2023-08-10 19:00:00,209490.724,19,3,8,0,205561.064,206967.115,203723.51,206835.639
2023-08-10 20:00:00,208306.253,20,3,8,0,209490.724,205786.915,204487.234,206940.789
2023-08-10 21:00:00,207687.352,21,3,8,0,208306.253,205381.663,203658.545,207045.762
2023-08-10 22:00:00,206460.36,22,3,8,0,207687.352,204115.789,202869.758,207141.832
2023-08-10 23:00:00,204302.804,23,3,8,0,206460.36,203242.354,198184.495,207239.523
2023-08-11 00:00:00,200850.055,0,4,8,0,204302.804,200559.76,192853.96,207283.708
2023-08-11 01:00:00,198933.105,1,4,8,0,200850.055,196778.614,186878.662,207295.804
2023-08-11 02:00:00,196492.683,2,4,8,0,198933.105,193073.937,183088.287,207385.574
2023-08-11 03:00:00,194434.154,3,4,8,0,196492.683,190701.064,179899.327,207528.022
2023-08-11 04:00:00,194501.266,4,4,8,0,194434.154,190314.649,179039.604,207683.567
2023-08-11 05:00:00,195976.732,5,4,8,0,194501.266,192060.948,181289.581,207858.01
2023-08-11 06:00:00,199391.694,6,4,8,0,195976.732,196528.618,187410.446,208021.167
2023-08-11 07:00:00,203014.269,7,4,8,0,199391.694,199758.569,191225.99,208140.462
2023-08-11 08:00:00,208717.901,8,4,8,0,203014.269,204731.439,193968.068,208276.116
2023-08-11 09:00:00,217953.214,9,4,8,0,208717.901,213034.546,201345.588,208442.219
2023-08-11 10:00:00,224730.256,10,4,8,0,217953.214,219676.827,204860.253,208647.163
2023-08-11 11:00:00,227404.454,11,4,8,0,224730.256,222905.416,204952.508,208857.723
2023-08-11 12:00:00,224159.226,12,4,8,0,227404.454,223290.97,203691.233,209045.183
2023-08-11 13:00:00,226767.177,13,4,8,0,224159.226,220956.064,200486.509,209081.36
2023-08-11 14:00:00,227505.99,14,4,8,0,226767.177,223812.736,201804.96,209323.49
2023-08-11 15:00:00,224228.244,15,4,8,0,227505.99,221904.891,201457.965,209477.375
2023-08-11 16:00:00,216192.598,16,4,8,0,224228.244,215094.149,197060.484,209574.182
2023-08-11 17:00:00,209459.246,17,4,8,0,216192.598,207817.237,192080.35,209619.95
2023-08-11 18:00:00,207636.223,18,4,8,0,209459.246,205561.064,193863.277,209688.368
2023-08-11 19:00:00,210809.149,19,4,8,0,207636.223,209490.724,204289.419,209774.833
2023-08-11 20:00:00,209445.835,20,4,8,0,210809.149,208306.253,203445.646,209829.767
2023-08-11 21:00:00,209195.762,21,4,8,0,209445.835,207687.352,202091.63,209877.249
2023-08-11 22:00:00,209593.124,22,4,8,0,209195.762,206460.36,201493.175,209940.1
2023-08-11 23:00:00,207867.246,23,4,8,0,209593.124,204302.804,197937.583,210070.632
2023-08-12 00:00:00,203848.538,0,5,8,1,207867.246,200850.055,194018.527,210219.15
2023-08-12 01:00:00,203113.747,1,5,8,1,203848.538,198933.105,189051.031,210344.087
2023-08-12 02:00:00,199388.526,2,5,8,1,203113.747,196492.683,185184.593,210518.28
2023-08-12 03:00:00,197142.587,3,5,8,1,199388.526,194434.154,182281.144,210638.94
2023-08-12 04:00:00,195739.465,4,5,8,1,197142.587,194501.266,181375.866,210751.792
2023-08-12 05:00:00,197476.008,5,5,8,1,195739.465,195976.732,182840.484,210803.383
2023-08-12 06:00:00,200597.292,6,5,8,1,197476.008,199391.694,187825.313,210865.853
2023-08-12 07:00:00,202873.159,7,5,8,1,200597.292,203014.269,189746.675,210916.087
2023-08-12 08:00:00,207576.541,8,5,8,1,202873.159,208717.901,193443.589,210910.207
2023-08-12 09:00:00,214661.501,9,5,8,1,207576.541,217953.214,200693.663,210862.65
2023-08-12 10:00:00,219917.34,10,5,8,1,214661.501,224730.256,204875.582,210725.496
2023-08-12 11:00:00,222088.739,11,5,8,1,219917.34,227404.454,205672.34,210524.957
2023-08-12 12:00:00,223234.479,12,5,8,1,222088.739,224159.226,199599.01,210303.469
2023-08-12 13:00:00,222010.257,13,5,8,1,223234.479,226767.177,201794.403,210264.938
2023-08-12 14:00:00,224328.541,14,5,8,1,222010.257,227505.99,203698.348,210066.733
2023-08-12 15:00:00,222027.717,15,5,8,1,224328.541,224228.244,203436.777,209934.339
2023-08-12 16:00:00,215038.927,16,5,8,1,222027.717,216192.598,198023.31,209842.651
2023-08-12 17:00:00,207961.315,17,5,8,1,215038.927,209459.246,192959.806,209794.581
2023-08-12 18:00:00,208305.484,18,5,8,1,207961.315,207636.223,194542.437,209732.167
2023-08-12 19:00:00,215009.771,19,5,8,1,208305.484,210809.149,205467.588,209760.053
2023-08-12 20:00:00,213601.273,20,5,8,1,215009.771,209445.835,205305.662,209935.079
2023-08-12 21:00:00,212736.028,21,5,8,1,213601.273,209195.762,203540.457,210108.222
2023-08-12 22:00:00,213030.13,22,5,8,1,212736.028,209593.124,203080.473,210255.734
2023-08-12 23:00:00,210751.64,23,5,8,1,213030.13,207867.246,199976.718,210398.942
2023-08-13 00:00:00,208216.221,0,6,8,1,210751.64,203848.538,196769.995,210519.125
2023-08-13 01:00:00,203386.349,1,6,8,1,208216.221,203113.747,192027.697,210701.112
2023-08-13 02:00:00,199766.87,2,6,8,1,203386.349,199388.526,187761.041,210712.47
2023-08-13 03:00:00,197670.435,3,6,8,1,199766.87,197142.587,184277.007,210728.235
2023-08-13 04:00:00,197310.369,4,6,8,1,197670.435,195739.465,183021.947,210750.228
2023-08-13 05:00:00,198105.568,5,6,8,1,197310.369,197476.008,183115.484,210815.683
2023-08-13 06:00:00,198286.92,6,6,8,1,198105.568,200597.292,184274.986,210841.914
2023-08-13 07:00:00,198937.032,7,6,8,1,198286.92,202873.159,185063.953,210745.649
2023-08-13 08:00:00,201400.198,8,6,8,1,198937.032,207576.541,187642.505,210581.644
2023-08-13 09:00:00,208963.001,9,6,8,1,201400.198,214661.501,193615.053,210324.296
2023-08-13 10:00:00,214898.451,10,6,8,1,208963.001,219917.34,195651.281,210086.858
2023-08-13 11:00:00,217433.222,11,6,8,1,214898.451,222088.739,197180.97,209877.738
2023-08-13 12:00:00,218352.398,12,6,8,1,217433.222,223234.479,196549.71,209683.758
2023-08-13 13:00:00,217573.573,13,6,8,1,218352.398,222010.257,194537.322,209480.338
2023-08-13 14:00:00,217166.792,14,6,8,1,217573.573,224328.541,195347.153,209295.476
2023-08-13 15:00:00,213194.086,15,6,8,1,217166.792,222027.717,194043.68,208997.07
2023-08-13 16:00:00,204066.222,16,6,8,1,213194.086,215038.927,188866.893,208629.002
2023-08-13 17:00:00,195732.419,17,6,8,1,204066.222,207961.315,182293.007,208171.806
2023-08-13 18:00:00,197012.752,18,6,8,1,195732.419,208305.484,181705.789,207662.269
2023-08-13 19:00:00,208079.851,19,6,8,1,197012.752,215009.771,193450.705,207191.738
2023-08-13 20:00:00,209071.946,20,6,8,1,208079.851,213601.273,196289.957,206902.992
2023-08-13 21:00:00,209253.977,21,6,8,1,209071.946,212736.028,196360.5,206714.27
2023-08-13 22:00:00,209836.567,22,6,8,1,209253.977,213030.13,196613.69,206569.184
2023-08-13 23:00:00,206092.194,23,6,8,1,209836.567,210751.64,192526.644,206436.119
2023-08-14 00:00:00,201310.784,0,0,8,0,206092.194,208216.221,187335.813,206241.976
2023-08-14 01:00:00,197144.692,1,0,8,0,201310.784,203386.349,183428.023,205954.249
2023-08-14 02:00:00,194182.002,2,0,8,0,197144.692,199766.87,178903.099,205694.18
2023-08-14 03:00:00,192173.031,3,0,8,0,194182.002,197670.435,175637.761,205461.477
2023-08-14 04:00:00,192020.141,4,0,8,0,192173.031,197310.369,175216.25,205232.419
2023-08-14 05:00:00,193652.859,5,0,8,0,192020.141,198105.568,178470.333,205011.992
2023-08-14 06:00:00,196369.526,6,0,8,0,193652.859,198286.92,184835.45,204826.463
2023-08-14 07:00:00,200596.641,7,0,8,0,196369.526,198937.032,190875.474,204746.572
2023-08-14 08:00:00,206340.272,8,0,8,0,200596.641,201400.198,194112.354,204815.722
2023-08-14 09:00:00,216772.309,9,0,8,0,206340.272,208963.001,202015.615,205021.558
2023-08-14 10:00:00,223626.642,10,0,8,0,216772.309,214898.451,207010.932,205346.946
2023-08-14 11:00:00,226684.651,11,0,8,0,223626.642,217433.222,208308.831,205710.621
2023-08-14 12:00:00,226711.112,12,0,8,0,226684.651,218352.398,207701.566,206096.097
2023-08-14 13:00:00,223525.826,13,0,8,0,226711.112,217573.573,205147.997,206444.377
2023-08-14 14:00:00,224902.613,14,0,8,0,223525.826,217166.792,207457.212,206692.387
2023-08-14 15:00:00,222482.856,15,0,8,0,224902.613,213194.086,206949.878,207014.713
2023-08-14 16:00:00,214438.719,16,0,8,0,222482.856,204066.222,202623.001,207401.745
2023-08-14 17:00:00,206549.871,17,0,8,0,214438.719,195732.419,197886.942,207833.933
2023-08-14 18:00:00,204748.692,18,0,8,0,206549.871,197012.752,199104.196,208284.66
2023-08-14 19:00:00,210256.269,19,0,8,0,204748.692,208079.851,207904.648,208606.991
2023-08-14 20:00:00,208648.582,20,0,8,0,210256.269,209071.946,207255.096,208697.675
2023-08-14 21:00:00,208399.23,21,0,8,0,208648.582,209253.977,206780.673,208680.034
2023-08-14 22:00:00,208028.332,22,0,8,0,208399.23,209836.567,205974.907,208644.42
2023-08-14 23:00:00,205371.748,23,0,8,0,208028.332,206092.194,201769.883,208569.077
2023-08-15 00:00:00,202983.138,0,1,8,0,205371.748,201310.784,196961.02,208539.058
2023-08-15 01:00:00,198876.519,1,1,8,0,202983.138,197144.692,192289.824,208608.74
2023-08-15 02:00:00,195817.169,2,1,8,0,198876.519,194182.002,188073.55,208680.899
2023-08-15 03:00:00,193740.151,3,1,8,0,195817.169,192173.031,184938.445,208749.031
2023-08-15 04:00:00,193399.229,4,1,8,0,193740.151,192020.141,184737.632,208814.328
2023-08-15 05:00:00,196210.343,5,1,8,0,193399.229,193652.859,188221.809,208871.79
2023-08-15 06:00:00,197320.122,6,1,8,0,196210.343,196369.526,193909.028,208978.352
2023-08-15 07:00:00,196438.772,7,1,8,0,197320.122,200596.641,197091.873,209017.96
2023-08-15 08:00:00,198628.843,8,1,8,0,196438.772,206340.272,200134.476,208844.715
2023-08-15 09:00:00,205977.097,9,1,8,0,198628.843,216772.309,207377.349,208523.406
2023-08-15 10:00:00,210280.753,10,1,8,0,205977.097,223626.642,212217.342,208073.605
2023-08-15 11:00:00,212271.032,11,1,8,0,210280.753,226684.651,212790.153,207517.527
2023-08-15 12:00:00,213761.065,12,1,8,0,212271.032,226711.112,212617.235,206916.959
2023-08-15 13:00:00,212386.767,13,1,8,0,213761.065,223525.826,209341.582,206377.374
2023-08-15 14:00:00,212812.6,14,1,8,0,212386.767,224902.613,213089.715,205913.246
2023-08-15 15:00:00,210637.147,15,1,8,0,212812.6,222482.856,213537.973,205409.496
2023-08-15 16:00:00,202337.394,16,1,8,0,210637.147,214438.719,207650.778,204915.925
2023-08-15 17:00:00,192665.953,17,1,8,0,202337.394,206549.871,203051.805,204411.703
2023-08-15 18:00:00,190392.94,18,1,8,0,192665.953,204748.692,202787.253,203833.206
2023-08-15 19:00:00,200512.683,19,1,8,0,190392.94,210256.269,207624.383,203235.05
2023-08-15 20:00:00,202177.177,20,1,8,0,200512.683,208648.582,206435.279,202829.067
2023-08-15 21:00:00,202722.043,21,1,8,0,202177.177,208399.23,205376.48,202559.425
2023-08-15 22:00:00,203722.76,22,1,8,0,202722.043,208028.332,203747.068,202322.876
2023-08-15 23:00:00,201965.928,23,1,8,0,203722.76,205371.748,201519.28,202143.477
2023-08-16 00:00:00,198334.84,0,2,8,0,201965.928,202983.138,198261.696,202001.568
2023-08-16 01:00:00,194298.35,1,2,8,0,198334.84,198876.519,193654.601,201807.889
2023-08-16 02:00:00,191190.753,2,2,8,0,194298.35,195817.169,189990.362,201617.132
2023-08-16 03:00:00,188811.109,3,2,8,0,191190.753,193740.151,186988.567,201424.364
2023-08-16 04:00:00,188542.93,4,2,8,0,188811.109,193399.229,186948.177,201218.987
2023-08-16 05:00:00,191474.012,5,2,8,0,188542.93,196210.343,190160.785,201016.642
2023-08-16 06:00:00,196024.996,6,2,8,0,191474.012,197320.122,195645.195,200819.295
2023-08-16 07:00:00,200669.647,7,2,8,0,196024.996,196438.772,197703.559,200765.331
2023-08-16 08:00:00,207019.74,8,2,8,0,200669.647,198628.843,201075.596,200941.617
2023-08-16 09:00:00,219471.155,9,2,8,0,207019.74,205977.097,210038.186,201291.238
2023-08-16 10:00:00,227069.953,10,2,8,0,219471.155,210280.753,214973.53,201853.491
2023-08-16 11:00:00,230969.134,11,2,8,0,227069.953,212271.032,217546.283,202553.041
2023-08-16 12:00:00,231799.736,12,2,8,0,230969.134,213761.065,218094.066,203332.128
2023-08-16 13:00:00,229257.835,13,2,8,0,231799.736,212386.767,216956.575,204083.739
2023-08-16 14:00:00,230728.605,14,2,8,0,229257.835,212812.6,219377.303,204786.701
2023-08-16 15:00:00,227172.0,15,2,8,0,230728.605,210637.147,217806.135,205533.201
2023-08-16 16:00:00,220401.809,16,2,8,0,227172.0,202337.394,211973.757,206222.153
2023-08-16 17:00:00,212075.728,17,2,8,0,220401.809,192665.953,206215.76,206974.837
2023-08-16 18:00:00,209226.019,18,2,8,0,212075.728,190392.94,202595.248,207783.578
2023-08-16 19:00:00,212505.443,19,2,8,0,209226.019,200512.683,206967.115,208568.289
2023-08-16 20:00:00,210156.719,20,2,8,0,212505.443,202177.177,205786.915,209067.988
2023-08-16 21:00:00,209679.19,21,2,8,0,210156.719,202722.043,205381.663,209400.468
2023-08-16 22:00:00,210554.294,22,2,8,0,209679.19,203722.76,204115.789,209690.35
2023-08-16 23:00:00,209454.494,23,2,8,0,210554.294,201965.928,203242.354,209974.997
2023-08-17 00:00:00,206281.996,0,3,8,0,209454.494,198334.84,200559.76,210287.02
2023-08-17 01:00:00,204571.315,1,3,8,0,206281.996,194298.35,196778.614,210618.152
2023-08-17 02:00:00,202241.342,2,3,8,0,204571.315,191190.753,193073.937,211046.192
2023-08-17 03:00:00,200175.556,3,3,8,0,202241.342,188811.109,190701.064,211506.633
2023-08-17 04:00:00,199759.178,4,3,8,0,200175.556,188542.93,190314.649,211980.152
2023-08-17 05:00:00,200867.14,5,3,8,0,199759.178,191474.012,192060.948,212447.496
2023-08-17 06:00:00,204550.359,6,3,8,0,200867.14,196024.996,196528.618,212838.876
2023-08-17 07:00:00,208748.594,7,3,8,0,204550.359,200669.647,199758.569,213194.099
2023-08-17 08:00:00,214549.703,8,3,8,0,208748.594,207019.74,204731.439,213530.722
2023-08-17 09:00:00,223952.074,9,3,8,0,214549.703,219471.155,213034.546,213844.471
2023-08-17 10:00:00,229827.207,10,3,8,0,223952.074,227069.953,219676.827,214031.176
2023-08-17 11:00:00,232465.138,11,3,8,0,229827.207,230969.134,222905.416,214146.061
2023-08-17 12:00:00,232235.361,12,3,8,0,232465.138,231799.736,223290.97,214208.395
2023-08-17 13:00:00,229367.437,13,3,8,0,232235.361,229257.835,220956.064,214226.546
2023-08-17 14:00:00,232523.285,14,3,8,0,229367.437,230728.605,223812.736,214231.113
2023-08-17 15:00:00,229956.408,15,3,8,0,232523.285,227172.0,221904.891,214305.891
2023-08-17 16:00:00,222310.252,16,3,8,0,229956.408,220401.809,215094.149,214421.908
2023-08-17 17:00:00,215302.02,17,3,8,0,222310.252,212075.728,207817.237,214501.426
2023-08-17 18:00:00,213306.344,18,3,8,0,215302.02,209226.019,205561.064,214635.855
2023-08-17 19:00:00,212807.855,19,3,8,0,213306.344,212505.443,209490.724,214805.869
2023-08-17 20:00:00,208859.915,20,3,8,0,212807.855,210156.719,208306.253,214818.469
2023-08-17 21:00:00,210916.036,21,3,8,0,208859.915,209679.19,207687.352,214764.436
2023-08-17 22:00:00,211739.347,22,3,8,0,210916.036,210554.294,206460.36,214815.971
2023-08-17 23:00:00,209458.364,23,3,8,0,211739.347,209454.494,204302.804,214865.348
2023-08-18 00:00:00,207520.369,0,4,8,0,209458.364,206281.996,200850.055,214865.509
2023-08-18 01:00:00,205135.145,1,4,8,0,207520.369,204571.315,198933.105,214917.108
2023-08-18 02:00:00,202213.662,2,4,8,0,205135.145,202241.342,196492.683,214940.601
2023-08-18 03:00:00,198922.346,3,4,8,0,202213.662,200175.556,194434.154,214939.448
2023-08-18 04:00:00,198555.078,4,4,8,0,198922.346,199759.178,194501.266,214887.231
2023-08-18 05:00:00,200160.435,5,4,8,0,198555.078,200867.14,195976.732,214837.06
2023-08-18 06:00:00,203173.21,6,4,8,0,200160.435,204550.359,199391.694,214807.614
2023-08-18 07:00:00,207422.299,7,4,8,0,203173.21,208748.594,203014.269,214750.233
2023-08-18 08:00:00,213258.241,8,4,8,0,207422.299,214549.703,208717.901,214694.97
2023-08-18 09:00:00,222495.405,9,4,8,0,213258.241,223952.074,217953.214,214641.159
2023-08-18 10:00:00,228262.145,10,4,8,0,222495.405,229827.207,224730.256,214580.465
2023-08-18 11:00:00,230528.477,11,4,8,0,228262.145,232465.138,227404.454,214515.254
2023-08-18 12:00:00,230241.875,12,4,8,0,230528.477,232235.361,224159.226,214434.56
2023-08-18 13:00:00,227545.92,13,4,8,0,230241.875,229367.437,226767.177,214351.498
2023-08-18 14:00:00,228936.72,14,4,8,0,227545.92,232523.285,227505.99,214275.601
2023-08-18 15:00:00,226990.305,15,4,8,0,228936.72,229956.408,224228.244,214126.161
2023-08-18 16:00:00,220186.996,16,4,8,0,226990.305,222310.252,216192.598,214002.574
2023-08-18 17:00:00,210443.999,17,4,8,0,220186.996,215302.02,209459.246,213914.105
2023-08-18 18:00:00,207412.916,18,4,8,0,210443.999,213306.344,207636.223,213711.687
2023-08-18 19:00:00,212873.318,19,4,8,0,207412.916,212807.855,210809.149,213466.127
2023-08-18 20:00:00,210851.277,20,4,8,0,212873.318,208859.915,209445.835,213468.855
2023-08-18 21:00:00,210155.807,21,4,8,0,210851.277,210916.036,209195.762,213551.829
2023-08-18 22:00:00,209527.26,22,4,8,0,210155.807,211739.347,209593.124,213520.152
2023-08-18 23:00:00,207576.414,23,4,8,0,209527.26,209458.364,207867.246,213427.982
2023-08-19 00:00:00,205223.546,0,5,8,1,207576.414,207520.369,203848.538,213349.567
2023-08-19 01:00:00,203153.563,1,5,8,1,205223.546,205135.145,203113.747,213253.866
2023-08-19 02:00:00,200269.732,2,5,8,1,203153.563,202213.662,199388.526,213171.301
2023-08-19 03:00:00,196715.723,3,5,8,1,200269.732,198922.346,197142.587,213090.304
2023-08-19 04:00:00,195768.844,4,5,8,1,196715.723,198555.078,195739.465,212998.361
2023-08-19 05:00:00,195614.897,5,5,8,1,195768.844,200160.435,197476.008,212882.268
2023-08-19 06:00:00,197738.179,6,5,8,1,195614.897,203173.21,200597.292,212692.87
2023-08-19 07:00:00,201094.2,7,5,8,1,197738.179,207422.299,202873.159,212466.411
2023-08-19 08:00:00,206638.546,8,5,8,1,201094.2,213258.241,207576.541,212202.74
2023-08-19 09:00:00,214203.918,9,5,8,1,206638.546,222495.405,214661.501,211926.919
2023-08-19 10:00:00,218556.036,10,5,8,1,214203.918,228262.145,219917.34,211581.441
2023-08-19 11:00:00,219064.877,11,5,8,1,218556.036,230528.477,222088.739,211177.019
2023-08-19 12:00:00,220042.369,12,5,8,1,219064.877,230241.875,223234.479,210699.37
2023-08-19 13:00:00,217304.72,13,5,8,1,220042.369,227545.92,222010.257,210274.39
2023-08-19 14:00:00,217588.813,14,5,8,1,217304.72,228936.72,224328.541,209847.673
2023-08-19 15:00:00,217104.196,15,5,8,1,217588.813,226990.305,222027.717,209374.844
2023-08-19 16:00:00,210943.091,16,5,8,1,217104.196,220186.996,215038.927,208962.923
2023-08-19 17:00:00,205078.699,17,5,8,1,210943.091,210443.999,207961.315,208577.76
2023-08-19 18:00:00,203859.208,18,5,8,1,205078.699,207412.916,208305.484,208354.206
2023-08-19 19:00:00,208917.834,19,5,8,1,203859.208,212873.318,215009.771,208206.135
2023-08-19 20:00:00,206240.427,20,5,8,1,208917.834,210851.277,213601.273,208041.323
2023-08-19 21:00:00,204639.456,21,5,8,1,206240.427,210155.807,212736.028,207849.204
2023-08-19 22:00:00,204196.437,22,5,8,1,204639.456,209527.26,213030.13,207619.356
2023-08-19 23:00:00,202190.332,23,5,8,1,204196.437,207576.414,210751.64,207397.239
2023-08-20 00:00:00,201039.02,0,6,8,1,202190.332,205223.546,208216.221,207172.818
2023-08-20 01:00:00,198819.884,1,6,8,1,201039.02,203153.563,203386.349,206998.463
2023-08-20 02:00:00,195967.351,2,6,8,1,198819.884,200269.732,199766.87,206817.893
2023-08-20 03:00:00,193829.742,3,6,8,1,195967.351,196715.723,197670.435,206638.627
2023-08-20 04:00:00,193594.82,4,6,8,1,193829.742,195768.844,197310.369,206518.378
2023-08-20 05:00:00,192026.431,5,6,8,1,193594.82,195614.897,198105.568,206427.794
2023-08-20 06:00:00,190987.694,6,6,8,1,192026.431,197738.179,198286.92,206278.274
2023-08-20 07:00:00,195359.892,7,6,8,1,190987.694,201094.2,198937.032,205997.004
2023-08-20 08:00:00,199723.301,8,6,8,1,195359.892,206638.546,201400.198,205758.075
2023-08-20 09:00:00,206542.115,9,6,8,1,199723.301,214203.918,208963.001,205469.94
2023-08-20 10:00:00,210155.22,10,6,8,1,206542.115,218556.036,214898.451,205150.698
2023-08-20 11:00:00,213301.901,11,6,8,1,210155.22,219064.877,217433.222,204800.664
2023-08-20 12:00:00,214099.831,12,6,8,1,213301.901,220042.369,218352.398,204560.54
2023-08-20 13:00:00,211693.242,13,6,8,1,214099.831,217304.72,217573.573,204312.934
2023-08-20 14:00:00,212066.213,14,6,8,1,211693.242,217588.813,217166.792,204079.122
2023-08-20 15:00:00,209963.62,15,6,8,1,212066.213,217104.196,213194.086,203849.014
2023-08-20 16:00:00,203393.271,16,6,8,1,209963.62,210943.091,204066.222,203551.49
2023-08-20 17:00:00,195853.916,17,6,8,1,203393.271,205078.699,195732.419,203236.914
2023-08-20 18:00:00,193687.911,18,6,8,1,195853.916,203859.208,197012.752,202852.548
2023-08-20 19:00:00,202411.699,19,6,8,1,193687.911,208917.834,208079.851,202428.744
2023-08-20 20:00:00,202198.495,20,6,8,1,202411.699,206240.427,209071.946,202157.655
2023-08-20 21:00:00,201947.734,21,6,8,1,202198.495,204639.456,209253.977,201989.241
2023-08-20 22:00:00,202363.651,22,6,8,1,201947.734,204196.437,209836.567,201877.086
2023-08-20 23:00:00,200413.403,23,6,8,1,202363.651,202190.332,206092.194,201800.72
2023-08-21 00:00:00,196924.133,0,0,8,0,200413.403,201039.02,201310.784,201726.682
2023-08-21 01:00:00,195224.27,1,0,8,0,196924.133,198819.884,197144.692,201555.228
2023-08-21 02:00:00,192788.366,2,0,8,0,195224.27,195967.351,194182.002,201405.411
2023-08-21 03:00:00,191193.819,3,0,8,0,192788.366,193829.742,192173.031,201272.953
2023-08-21 04:00:00,191334.219,4,0,8,0,191193.819,193594.82,192020.141,201163.123
2023-08-21 05:00:00,191174.473,5,0,8,0,191334.219,192026.431,193652.859,201068.931
2023-08-21 06:00:00,194959.947,6,0,8,0,191174.473,190987.694,196369.526,201033.433
2023-08-21 07:00:00,201277.551,7,0,8,0,194959.947,195359.892,200596.641,201198.943
2023-08-21 08:00:00,208428.611,8,0,8,0,201277.551,199723.301,206340.272,201445.513
2023-08-21 09:00:00,218000.276,9,0,8,0,208428.611,206542.115,216772.309,201808.234
2023-08-21 10:00:00,222782.022,10,0,8,0,218000.276,210155.22,223626.642,202285.657
2023-08-21 11:00:00,225589.055,11,0,8,0,222782.022,213301.901,226684.651,202811.774
2023-08-21 12:00:00,224724.605,12,0,8,0,225589.055,214099.831,226711.112,203323.739
2023-08-21 13:00:00,223602.555,13,0,8,0,224724.605,211693.242,223525.826,203766.438
2023-08-21 14:00:00,225424.284,14,0,8,0,223602.555,212066.213,224902.613,204262.659
2023-08-21 15:00:00,222856.018,15,0,8,0,225424.284,209963.62,222482.856,204819.245
2023-08-21 16:00:00,216679.575,16,0,8,0,222856.018,203393.271,214438.719,205356.428
2023-08-21 17:00:00,208791.843,17,0,8,0,216679.575,195853.916,206549.871,205910.025
2023-08-21 18:00:00,204828.579,18,0,8,0,208791.843,193687.911,204748.692,206449.105
2023-08-21 19:00:00,207630.587,19,0,8,0,204828.579,202411.699,210256.269,206913.299
2023-08-21 20:00:00,206221.045,20,0,8,0,207630.587,202198.495,208648.582,207130.753
2023-08-21 21:00:00,206266.692,21,0,8,0,206221.045,201947.734,208399.23,207298.359
2023-08-21 22:00:00,206709.721,22,0,8,0,206266.692,202363.651,208028.332,207478.316
2023-08-21 23:00:00,205166.425,23,0,8,0,206709.721,200413.403,205371.748,207659.402
2023-08-22 00:00:00,202346.218,0,1,8,0,205166.425,196924.133,202983.138,207857.445
2023-08-22 01:00:00,200804.889,1,1,8,0,202346.218,195224.27,198876.519,208083.365
2023-08-22 02:00:00,198289.377,2,1,8,0,200804.889,192788.366,195817.169,208315.891
2023-08-22 03:00:00,196897.086,3,1,8,0,198289.377,191193.819,193740.151,208545.099
2023-08-22 04:00:00,196054.256,4,1,8,0,196897.086,191334.219,193399.229,208782.736
2023-08-22 05:00:00,196506.447,5,1,8,0,196054.256,191174.473,196210.343,208979.404
2023-08-22 06:00:00,199683.664,6,1,8,0,196506.447,194959.947,197320.122,209201.569
2023-08-22 07:00:00,204459.911,7,1,8,0,199683.664,201277.551,196438.772,209398.391
2023-08-22 08:00:00,212086.137,8,1,8,0,204459.911,208428.611,198628.843,209530.989
2023-08-22 09:00:00,220833.546,9,1,8,0,212086.137,218000.276,205977.097,209683.386
2023-08-22 10:00:00,227162.137,10,1,8,0,220833.546,222782.022,210280.753,209801.439
2023-08-22 11:00:00,229205.558,11,1,8,0,227162.137,225589.055,212271.032,209983.944
2023-08-22 12:00:00,227896.102,12,1,8,0,229205.558,224724.605,213761.065,210134.631
2023-08-22 13:00:00,225964.3,13,1,8,0,227896.102,223602.555,212386.767,210266.777
2023-08-22 14:00:00,226695.866,14,1,8,0,225964.3,225424.284,212812.6,210365.183
2023-08-22 15:00:00,223229.754,15,1,8,0,226695.866,222856.018,210637.147,210418.166
2023-08-22 16:00:00,216514.893,16,1,8,0,223229.754,216679.575,202337.394,210433.738
2023-08-22 17:00:00,209042.709,17,1,8,0,216514.893,208791.843,192665.953,210426.876
2023-08-22 18:00:00,206445.747,18,1,8,0,209042.709,204828.579,190392.94,210437.329
2023-08-22 19:00:00,209168.923,19,1,8,0,206445.747,207630.587,200512.683,210504.711
2023-08-22 20:00:00,206982.215,20,1,8,0,209168.923,206221.045,202177.177,210568.808
2023-08-22 21:00:00,206067.394,21,1,8,0,206982.215,206266.692,202722.043,210600.524
2023-08-22 22:00:00,206906.996,22,1,8,0,206067.394,206709.721,203722.76,210592.22
2023-08-22 23:00:00,204731.651,23,1,8,0,206906.996,205166.425,201965.928,210600.44
2023-08-23 00:00:00,200095.866,0,2,8,0,204731.651,202346.218,198334.84,210582.324
2023-08-23 01:00:00,196667.191,1,2,8,0,200095.866,200804.889,194298.35,210488.559
2023-08-23 02:00:00,193256.256,2,2,8,0,196667.191,198289.377,191190.753,210316.155
2023-08-23 03:00:00,189831.223,3,2,8,0,193256.256,196897.086,188811.109,210106.442
2023-08-23 04:00:00,188519.55,4,2,8,0,189831.223,196054.256,188542.93,209812.031
2023-08-23 05:00:00,190655.447,5,2,8,0,188519.55,196506.447,191474.012,209498.085
2023-08-23 06:00:00,195421.315,6,2,8,0,190655.447,199683.664,196024.996,209254.293
2023-08-23 07:00:00,198698.398,7,2,8,0,195421.315,204459.911,200669.647,209076.695
2023-08-23 08:00:00,202826.975,8,2,8,0,198698.398,212086.137,207019.74,208836.632
2023-08-23 09:00:00,211276.061,9,2,8,0,202826.975,220833.546,219471.155,208450.834
2023-08-23 10:00:00,215272.892,10,2,8,0,211276.061,227162.137,227069.953,208052.605
2023-08-23 11:00:00,215842.022,11,2,8,0,215272.892,229205.558,230969.134,207557.22
2023-08-23 12:00:00,214963.087,12,2,8,0,215842.022,227896.102,231799.736,207000.406
2023-08-23 13:00:00,211714.5,13,2,8,0,214963.087,225964.3,229257.835,206461.53
2023-08-23 14:00:00,211102.373,14,2,8,0,211714.5,226695.866,230728.605,205867.789
2023-08-23 15:00:00,213185.728,15,2,8,0,211102.373,223229.754,227172.0,205218.06
2023-08-23 16:00:00,208343.335,16,2,8,0,213185.728,216514.893,220401.809,204799.559
2023-08-23 17:00:00,202861.547,17,2,8,0,208343.335,209042.709,212075.728,204459.077
2023-08-23 18:00:00,203971.242,18,2,8,0,202861.547,206445.747,209226.019,204201.529
2023-08-23 19:00:00,210297.596,19,2,8,0,203971.242,209168.923,212505.443,204098.424
2023-08-23 20:00:00,206434.609,20,2,8,0,210297.596,206982.215,210156.719,204145.452
2023-08-23 21:00:00,205813.827,21,2,8,0,206434.609,206067.394,209679.19,204122.636
2023-08-23 22:00:00,205031.696,22,2,8,0,205813.827,206906.996,210554.294,204112.07
2023-08-23 23:00:00,202407.902,23,2,8,0,205031.696,204731.651,209454.494,204033.933
2023-08-24 00:00:00,198265.951,0,3,8,0,202407.902,200095.866,206281.996,203937.11
2023-08-24 01:00:00,193083.538,1,3,8,0,198265.951,196667.191,204571.315,203860.863
2023-08-24 02:00:00,189679.486,2,3,8,0,193083.538,193256.256,202241.342,203711.545
2023-08-24 03:00:00,187209.877,3,3,8,0,189679.486,189831.223,200175.556,203562.512
2023-08-24 04:00:00,186650.465,4,3,8,0,187209.877,188519.55,199759.178,203453.29
2023-08-24 05:00:00,189265.269,5,3,8,0,186650.465,190655.447,200867.14,203375.411
2023-08-24 06:00:00,194533.134,6,3,8,0,189265.269,195421.315,204550.359,203317.487
2023-08-24 07:00:00,198858.423,7,3,8,0,194533.134,198698.398,208748.594,203280.48
2023-08-24 08:00:00,203347.89,8,3,8,0,198858.423,202826.975,214549.703,203287.147
2023-08-24 09:00:00,211507.119,9,3,8,0,203347.89,211276.061,223952.074,203308.852
2023-08-24 10:00:00,215886.44,10,3,8,0,211507.119,215272.892,229827.207,203318.48
2023-08-24 11:00:00,217826.696,11,3,8,0,215886.44,215842.022,232465.138,203344.044
2023-08-24 12:00:00,217203.766,12,3,8,0,217826.696,214963.087,232235.361,203426.739
2023-08-24 13:00:00,215080.162,13,3,8,0,217203.766,211714.5,229367.437,203520.1
2023-08-24 14:00:00,217658.22,14,3,8,0,215080.162,211102.373,232523.285,203660.336
2023-08-24 15:00:00,216614.616,15,3,8,0,217658.22,213185.728,229956.408,203933.497
2023-08-24 16:00:00,211174.131,16,3,8,0,216614.616,208343.335,222310.252,204076.367
2023-08-24 17:00:00,202738.641,17,3,8,0,211174.131,202861.547,215302.02,204194.317
2023-08-24 18:00:00,203022.756,18,3,8,0,202738.641,203971.242,213306.344,204189.196
2023-08-24 19:00:00,211184.012,19,3,8,0,203022.756,210297.596,212807.855,204149.675
2023-08-24 20:00:00,208707.785,20,3,8,0,211184.012,206434.609,208859.915,204186.609
2023-08-24 21:00:00,205791.695,21,3,8,0,208707.785,205813.827,210916.036,204281.325
2023-08-24 22:00:00,205973.952,22,3,8,0,205791.695,205031.696,211739.347,204280.403
2023-08-24 23:00:00,202413.837,23,3,8,0,205973.952,202407.902,209458.364,204319.664
2023-08-25 00:00:00,198370.735,0,4,8,0,202413.837,198265.951,207520.369,204319.911
2023-08-25 01:00:00,193757.25,1,4,8,0,198370.735,193083.538,205135.145,204324.277
2023-08-25 02:00:00,189720.04,2,4,8,0,193757.25,189679.486,202213.662,204352.348
2023-08-25 03:00:00,186760.975,3,4,8,0,189720.04,187209.877,198922.346,204354.038
2023-08-25 04:00:00,186957.541,4,4,8,0,186760.975,186650.465,198555.078,204335.334
2023-08-25 05:00:00,190185.436,5,4,8,0,186957.541,189265.269,200160.435,204348.129
2023-08-25 06:00:00,195319.685,6,4,8,0,190185.436,194533.134,203173.21,204386.469
2023-08-25 07:00:00,198063.6,7,4,8,0,195319.685,198858.423,207422.299,204419.242
2023-08-25 08:00:00,203034.481,8,4,8,0,198063.6,203347.89,213258.241,204386.124
2023-08-25 09:00:00,213791.199,9,4,8,0,203034.481,211507.119,222495.405,204373.065
2023-08-25 10:00:00,219678.519,10,4,8,0,213791.199,215886.44,228262.145,204468.235
2023-08-25 11:00:00,222790.593,11,4,8,0,219678.519,217826.696,230528.477,204626.239
2023-08-25 12:00:00,223345.939,12,4,8,0,222790.593,217203.766,230241.875,204833.068
2023-08-25 13:00:00,219812.3,13,4,8,0,223345.939,215080.162,227545.92,205088.992
2023-08-25 14:00:00,221507.621,14,4,8,0,219812.3,217658.22,228936.72,205286.164
2023-08-25 15:00:00,220319.326,15,4,8,0,221507.621,216614.616,226990.305,205446.556
2023-08-25 16:00:00,214287.926,16,4,8,0,220319.326,211174.131,220186.996,205600.919
2023-08-25 17:00:00,205755.416,17,4,8,0,214287.926,202738.641,210443.999,205730.66
2023-08-25 18:00:00,204887.968,18,4,8,0,205755.416,203022.756,207412.916,205856.359
2023-08-25 19:00:00,212610.896,19,4,8,0,204887.968,211184.012,212873.318,205934.076
2023-08-25 20:00:00,210215.734,20,4,8,0,212610.896,208707.785,210851.277,205993.53
2023-08-25 21:00:00,208966.635,21,4,8,0,210215.734,205791.695,210155.807,206056.361
2023-08-25 22:00:00,209397.456,22,4,8,0,208966.635,205973.952,209527.26,206188.65
2023-08-25 23:00:00,206052.779,23,4,8,0,209397.456,202413.837,207576.414,206331.296
2023-08-26 00:00:00,201834.166,0,5,8,1,206052.779,198370.735,205223.546,206482.919
2023-08-26 01:00:00,196948.065,1,5,8,1,201834.166,193757.25,203153.563,206627.228
2023-08-26 02:00:00,192610.775,2,5,8,1,196948.065,189720.04,200269.732,206760.179
2023-08-26 03:00:00,189690.141,3,5,8,1,192610.775,186760.975,196715.723,206880.626
2023-08-26 04:00:00,188620.502,4,5,8,1,189690.141,186957.541,195768.844,207002.675
2023-08-26 05:00:00,191454.299,5,5,8,1,188620.502,190185.436,195614.897,207071.965
2023-08-26 06:00:00,195811.442,6,5,8,1,191454.299,195319.685,197738.179,207124.834
2023-08-26 07:00:00,198822.466,7,5,8,1,195811.442,198063.6,201094.2,207145.324
2023-08-26 08:00:00,204741.658,8,5,8,1,198822.466,203034.481,206638.546,207176.944
2023-08-26 09:00:00,214069.121,9,5,8,1,204741.658,213791.199,214203.918,207248.076
2023-08-26 10:00:00,218520.803,10,5,8,1,214069.121,219678.519,218556.036,207259.656
2023-08-26 11:00:00,220579.634,11,5,8,1,218520.803,222790.593,219064.877,207211.418
2023-08-26 12:00:00,221758.536,12,5,8,1,220579.634,223345.939,220042.369,207119.294
2023-08-26 13:00:00,219570.246,13,5,8,1,221758.536,219812.3,217304.72,207053.153
2023-08-26 14:00:00,221899.311,14,5,8,1,219570.246,221507.621,217588.813,207043.067
2023-08-26 15:00:00,221473.978,15,5,8,1,221899.311,220319.326,217104.196,207059.388
2023-08-26 16:00:00,214444.181,16,5,8,1,221473.978,214287.926,210943.091,207107.498
2023-08-26 17:00:00,205936.941,17,5,8,1,214444.181,205755.416,205078.699,207114.009
2023-08-26 18:00:00,204765.58,18,5,8,1,205936.941,204887.968,203859.208,207121.572
2023-08-26 19:00:00,212789.501,19,5,8,1,204765.58,212610.896,208917.834,207116.473
2023-08-26 20:00:00,210586.993,20,5,8,1,212789.501,210215.734,206240.427,207123.915
2023-08-26 21:00:00,209113.301,21,5,8,1,210586.993,208966.635,204639.456,207139.384
2023-08-26 22:00:00,209850.573,22,5,8,1,209113.301,209397.456,204196.437,207145.495
2023-08-26 23:00:00,207704.002,23,5,8,1,209850.573,206052.779,202190.332,207164.375
2023-08-27 00:00:00,205255.53,0,6,8,1,207704.002,201834.166,201039.02,207233.176
2023-08-27 01:00:00,201460.985,1,6,8,1,205255.53,196948.065,198819.884,207375.732
2023-08-27 02:00:00,197577.24,2,6,8,1,201460.985,192610.775,195967.351,207563.771
2023-08-27 03:00:00,194524.691,3,6,8,1,197577.24,189690.141,193829.742,207770.707
2023-08-27 04:00:00,193516.916,4,6,8,1,194524.691,188620.502,193594.82,207972.146
2023-08-27 05:00:00,194314.257,5,6,8,1,193516.916,191454.299,192026.431,208176.164
2023-08-27 06:00:00,194436.685,6,6,8,1,194314.257,195811.442,190987.694,208295.329
2023-08-27 07:00:00,196197.329,7,6,8,1,194436.685,198822.466,195359.892,208238.047
2023-08-27 08:00:00,200810.476,8,6,8,1,196197.329,204741.658,199723.301,208128.666
2023-08-27 09:00:00,209103.326,9,6,8,1,200810.476,214069.121,206542.115,207964.867
2023-08-27 10:00:00,214028.338,10,6,8,1,209103.326,218520.803,210155.22,207757.959
2023-08-27 11:00:00,215798.484,11,6,8,1,214028.338,220579.634,213301.901,207570.773
2023-08-27 12:00:00,215815.774,12,6,8,1,215798.484,221758.536,214099.831,207371.558
2023-08-27 13:00:00,214742.505,13,6,8,1,215815.774,219570.246,211693.242,207123.943
2023-08-27 14:00:00,216707.647,14,6,8,1,214742.505,221899.311,212066.213,206922.787
2023-08-27 15:00:00,215628.496,15,6,8,1,216707.647,221473.978,209963.62,206706.468
2023-08-27 16:00:00,207064.332,16,6,8,1,215628.496,214444.181,203393.271,206462.906
2023-08-27 17:00:00,196534.267,17,6,8,1,207064.332,205936.941,195853.916,206155.413
2023-08-27 18:00:00,195484.053,18,6,8,1,196534.267,204765.58,193687.911,205763.634
2023-08-27 19:00:00,207864.379,19,6,8,1,195484.053,212789.501,202411.699,205376.904
2023-08-27 20:00:00,207717.9,20,6,8,1,207864.379,210586.993,202198.495,205171.691
2023-08-27 21:00:00,207534.639,21,6,8,1,207717.9,209113.301,201947.734,205052.145
2023-08-27 22:00:00,209118.693,22,6,8,1,207534.639,209850.573,202363.651,204986.368
2023-08-27 23:00:00,207095.729,23,6,8,1,209118.693,207704.002,200413.403,204955.873
2023-08-28 00:00:00,204151.168,0,0,8,0,207095.729,205255.53,196924.133,204930.528
2023-08-28 01:00:00,199379.297,1,0,8,0,204151.168,201460.985,195224.27,204884.513
2023-08-28 02:00:00,195745.179,2,0,8,0,199379.297,197577.24,192788.366,204797.776
2023-08-28 03:00:00,193352.376,3,0,8,0,195745.179,194524.691,191193.819,204721.44
2023-08-28 04:00:00,193511.661,4,0,8,0,193352.376,193516.916,191334.219,204672.594
2023-08-28 05:00:00,195641.641,5,0,8,0,193511.661,194314.257,191174.473,204672.375
2023-08-28 06:00:00,199463.194,6,0,8,0,195641.641,194436.685,194959.947,204727.682
2023-08-28 07:00:00,202188.332,7,0,8,0,199463.194,196197.329,201277.551,204937.12
2023-08-28 08:00:00,205822.377,8,0,8,0,202188.332,200810.476,208428.611,205186.745
2023-08-28 09:00:00,213208.351,9,0,8,0,205822.377,209103.326,218000.276,205395.574
2023-08-28 10:00:00,219215.145,10,0,8,0,213208.351,214028.338,222782.022,205566.617
2023-08-28 11:00:00,222022.232,11,0,8,0,219215.145,215798.484,225589.055,205782.734
2023-08-28 12:00:00,222389.382,12,0,8,0,222022.232,215815.774,224724.605,206042.057
2023-08-28 13:00:00,221950.723,13,0,8,0,222389.382,214742.505,223602.555,206315.957
2023-08-28 14:00:00,225826.825,14,0,8,0,221950.723,216707.647,225424.284,206616.3
2023-08-28 15:00:00,227530.987,15,0,8,0,225826.825,215628.496,222856.018,206996.265
2023-08-28 16:00:00,221199.494,16,0,8,0,227530.987,207064.332,216679.575,207492.203
2023-08-28 17:00:00,211563.129,17,0,8,0,221199.494,196534.267,208791.843,208081.168
2023-08-28 18:00:00,209209.553,18,0,8,0,211563.129,195484.053,204828.579,208707.37
2023-08-28 19:00:00,217343.182,19,0,8,0,209209.553,207864.379,207630.587,209279.266
2023-08-28 20:00:00,216029.021,20,0,8,0,217343.182,207717.9,206221.045,209674.216
2023-08-28 21:00:00,215479.53,21,0,8,0,216029.021,207534.639,206266.692,210020.513
2023-08-28 22:00:00,217306.483,22,0,8,0,215479.53,209118.693,206709.721,210351.55
2023-08-28 23:00:00,214897.076,23,0,8,0,217306.483,207095.729,205166.425,210692.708
2023-08-29 00:00:00,211326.88,0,1,8,0,214897.076,204151.168,202346.218,211017.764
2023-08-29 01:00:00,206360.071,1,1,8,0,211326.88,199379.297,200804.889,211316.752
2023-08-29 02:00:00,202380.969,2,1,8,0,206360.071,195745.179,198289.377,211607.618
2023-08-29 03:00:00,199106.098,3,1,8,0,202380.969,193352.376,196897.086,211884.109
2023-08-29 04:00:00,198150.255,4,1,8,0,199106.098,193511.661,196054.256,212123.847
2023-08-29 05:00:00,200444.449,5,1,8,0,198150.255,195641.641,196506.447,212317.122
2023-08-29 06:00:00,203176.364,6,1,8,0,200444.449,199463.194,199683.664,212517.239
2023-08-29 07:00:00,204549.707,7,1,8,0,203176.364,202188.332,204459.911,212671.955
2023-08-29 08:00:00,209909.536,8,1,8,0,204549.707,205822.377,212086.137,212770.345
2023-08-29 09:00:00,220875.509,9,1,8,0,209909.536,213208.351,220833.546,212940.643
2023-08-29 10:00:00,227825.393,10,1,8,0,220875.509,219215.145,227162.137,213260.108
2023-08-29 11:00:00,231012.116,11,1,8,0,227825.393,222022.232,229205.558,213618.869
2023-08-29 12:00:00,232165.607,12,1,8,0,231012.116,222389.382,227896.102,213993.447
2023-08-29 13:00:00,230745.25,13,1,8,0,232165.607,221950.723,225964.3,214400.79
2023-08-29 14:00:00,233059.556,14,1,8,0,230745.25,225826.825,226695.866,214767.228
2023-08-29 15:00:00,230665.184,15,1,8,0,233059.556,227530.987,223229.754,215068.592
2023-08-29 16:00:00,221896.145,16,1,8,0,230665.184,221199.494,216514.893,215199.184
2023-08-29 17:00:00,211674.967,17,1,8,0,221896.145,211563.129,209042.709,215228.211
2023-08-29 18:00:00,208558.342,18,1,8,0,211674.967,209209.553,206445.747,215232.871
2023-08-29 19:00:00,212761.347,19,1,8,0,208558.342,217343.182,209168.923,215205.737
2023-08-29 20:00:00,211784.417,20,1,8,0,212761.347,216029.021,206982.215,215014.827
2023-08-29 21:00:00,210986.605,21,1,8,0,211784.417,215479.53,206067.394,214837.969
2023-08-29 22:00:00,211459.511,22,1,8,0,210986.605,217306.483,206906.996,214650.764
2023-08-29 23:00:00,209519.28,23,1,8,0,211459.511,214897.076,204731.651,214407.14
2023-08-30 00:00:00,207593.618,0,2,8,0,209519.28,211326.88,200095.866,214183.065
2023-08-30 01:00:00,205058.619,1,2,8,0,207593.618,206360.071,196667.191,214027.512
2023-08-30 02:00:00,202466.715,2,2,8,0,205058.619,202380.969,193256.256,213973.285
2023-08-30 03:00:00,199774.335,3,2,8,0,202466.715,199106.098,189831.223,213976.858
2023-08-30 04:00:00,199295.86,4,2,8,0,199774.335,198150.255,188519.55,214004.701
2023-08-30 05:00:00,201114.891,5,2,8,0,199295.86,200444.449,190655.447,214052.435
2023-08-30 06:00:00,202673.727,6,2,8,0,201114.891,203176.364,195421.315,214080.37
2023-08-30 07:00:00,206872.686,7,2,8,0,202673.727,204549.707,198698.398,214059.427
2023-08-30 08:00:00,213004.763,8,2,8,0,206872.686,209909.536,202826.975,214156.217
2023-08-30 09:00:00,223990.708,9,2,8,0,213004.763,220875.509,211276.061,214285.185
2023-08-30 10:00:00,229901.071,10,2,8,0,223990.708,227825.393,215272.892,214414.985
2023-08-30 11:00:00,232499.881,11,2,8,0,229901.071,231012.116,215842.022,214501.472
2023-08-30 12:00:00,230589.801,12,2,8,0,232499.881,232165.607,214963.087,214563.462
2023-08-30 13:00:00,228384.419,13,2,8,0,230589.801,230745.25,211714.5,214497.803
2023-08-30 14:00:00,228620.296,14,2,8,0,228384.419,233059.556,211102.373,214399.435
2023-08-30 15:00:00,224799.702,15,2,8,0,228620.296,230665.184,213185.728,214214.466
2023-08-30 16:00:00,216440.218,16,2,8,0,224799.702,221896.145,208343.335,213970.071
2023-08-30 17:00:00,207171.422,17,2,8,0,216440.218,211674.967,202861.547,213742.741
2023-08-30 18:00:00,204587.066,18,2,8,0,207171.422,208558.342,203971.242,213555.093
2023-08-30 19:00:00,207132.506,19,2,8,0,204587.066,212761.347,210297.596,213389.623
2023-08-30 20:00:00,207369.138,20,2,8,0,207132.506,211784.417,206434.609,213155.088
2023-08-30 21:00:00,207310.004,21,2,8,0,207369.138,210986.605,205813.827,212971.118
2023-08-30 22:00:00,208125.356,22,2,8,0,207310.004,211459.511,205031.696,212817.927
2023-08-30 23:00:00,206774.936,23,2,8,0,208125.356,209519.28,202407.902,212679.003
2023-08-31 00:00:00,205685.297,0,3,8,0,206774.936,207593.618,198265.951,212564.656
2023-08-31 01:00:00,204041.187,1,3,8,0,205685.297,205058.619,193083.538,212485.142
2023-08-31 02:00:00,201978.66,2,3,8,0,204041.187,202466.715,189679.486,212442.749
2023-08-31 03:00:00,200252.19,3,3,8,0,201978.66,199774.335,187209.877,212422.414
2023-08-31 04:00:00,200477.089,4,3,8,0,200252.19,199295.86,186650.465,212442.324
2023-08-31 05:00:00,201361.292,5,3,8,0,200477.089,201114.891,189265.269,212491.542
2023-08-31 06:00:00,201881.166,6,3,8,0,201361.292,202673.727,194533.134,212501.809
2023-08-31 07:00:00,204805.891,7,3,8,0,201881.166,206872.686,198858.423,212468.786
2023-08-31 08:00:00,213129.369,8,3,8,0,204805.891,213004.763,203347.89,212382.669
2023-08-31 09:00:00,225587.264,9,3,8,0,213129.369,223990.708,211507.119,212387.861
2023-08-31 10:00:00,232684.189,10,3,8,0,225587.264,229901.071,215886.44,212454.384
2023-08-31 11:00:00,234760.945,11,3,8,0,232684.189,232499.881,217826.696,212570.347
2023-08-31 12:00:00,235589.116,12,3,8,0,234760.945,230589.801,217203.766,212664.558
2023-08-31 13:00:00,234320.845,13,3,8,0,235589.116,228384.419,215080.162,212872.863
2023-08-31 14:00:00,233181.663,14,3,8,0,234320.845,228620.296,217658.22,213120.214
2023-08-31 15:00:00,229674.0,15,3,8,0,233181.663,224799.702,216614.616,213310.271
2023-08-31 16:00:00,221172.666,16,3,8,0,229674.0,216440.218,211174.131,213513.367
2023-08-31 17:00:00,211792.22,17,3,8,0,221172.666,207171.422,202738.641,213710.552
2023-08-31 18:00:00,208243.033,18,3,8,0,211792.22,204587.066,203022.756,213903.086
2023-08-31 19:00:00,212021.024,19,3,8,0,208243.033,207132.506,211184.012,214055.418
2023-08-31 20:00:00,211197.15,20,3,8,0,212021.024,207369.138,208707.785,214259.106
2023-08-31 21:00:00,211213.876,21,3,8,0,211197.15,207310.004,205791.695,214418.606
2023-08-31 22:00:00,212099.126,22,3,8,0,211213.876,208125.356,205973.952,214581.268
2023-08-31 23:00:00,209772.178,23,3,8,0,212099.126,206774.936,202413.837,214746.841
