timestamp,demand_mw
2023-04-01 00:00:00,155974.082
2023-04-01 01:00:00,152436.569
2023-04-01 02:00:00,148709.301
2023-04-01 03:00:00,147798.035
2023-04-01 04:00:00,150753.69
2023-04-01 05:00:00,156929.209
2023-04-01 06:00:00,162693.189
2023-04-01 07:00:00,165975.339
2023-04-01 08:00:00,168779.866
2023-04-01 09:00:00,176761.519
2023-04-01 10:00:00,179679.382
2023-04-01 11:00:00,179269.843
2023-04-01 12:00:00,177587.375
2023-04-01 13:00:00,172515.869
2023-04-01 14:00:00,172785.246
2023-04-01 15:00:00,173065.311
2023-04-01 16:00:00,170297.787
2023-04-01 17:00:00,166178.762
2023-04-01 18:00:00,166147.971
2023-04-01 19:00:00,172227.114
2023-04-01 20:00:00,166928.648
2023-04-01 21:00:00,163716.123
2023-04-01 22:00:00,162842.119
2023-04-01 23:00:00,160943.682
2023-04-02 00:00:00,158240.04
2023-04-02 01:00:00,155131.697
2023-04-02 02:00:00,152319.581
2023-04-02 03:00:00,152219.403
2023-04-02 04:00:00,154943.301
2023-04-02 05:00:00,159909.523
2023-04-02 06:00:00,163355.622
2023-04-02 07:00:00,165303.562
2023-04-02 08:00:00,168109.863
2023-04-02 09:00:00,173252.968
2023-04-02 10:00:00,174154.815
2023-04-02 11:00:00,173357.328
2023-04-02 12:00:00,170795.377
2023-04-02 13:00:00,166573.62
2023-04-02 14:00:00,164956.573
2023-04-02 15:00:00,163934.958
2023-04-02 16:00:00,160465.957
2023-04-02 17:00:00,156399.737
2023-04-02 18:00:00,158287.471
2023-04-02 19:00:00,168355.224
2023-04-02 20:00:00,164522.312
2023-04-02 21:00:00,161636.216
2023-04-02 22:00:00,161984.3
2023-04-02 23:00:00,160716.942
2023-04-03 00:00:00,157673.572
2023-04-03 01:00:00,154489.02
2023-04-03 02:00:00,151697.865
2023-04-03 03:00:00,150835.102
2023-04-03 04:00:00,153165.11
2023-04-03 05:00:00,160111.68
2023-04-03 06:00:00,168920.378
2023-04-03 07:00:00,171490.659
2023-04-03 08:00:00,175559.781
2023-04-03 09:00:00,184471.296
2023-04-03 10:00:00,186932.859
2023-04-03 11:00:00,186868.685
2023-04-03 12:00:00,183610.458
2023-04-03 13:00:00,178302.804
2023-04-03 14:00:00,178999.849
2023-04-03 15:00:00,179560.17
2023-04-03 16:00:00,178128.775
2023-04-03 17:00:00,173501.471
2023-04-03 18:00:00,174606.846
2023-04-03 19:00:00,181248.252
2023-04-03 20:00:00,175867.279
2023-04-03 21:00:00,172819.512
2023-04-03 22:00:00,171726.068
2023-04-03 23:00:00,169468.438
2023-04-04 00:00:00,166649.186
2023-04-04 01:00:00,163539.651
2023-04-04 02:00:00,160539.956
2023-04-04 03:00:00,159841.509
2023-04-04 04:00:00,160829.197
2023-04-04 05:00:00,163751.828
2023-04-04 06:00:00,170279.403
2023-04-04 07:00:00,174942.175
2023-04-04 08:00:00,178857.541
2023-04-04 09:00:00,186686.968
2023-04-04 10:00:00,188331.29
2023-04-04 11:00:00,187164.411
2023-04-04 12:00:00,186328.932
2023-04-04 13:00:00,181880.091
2023-04-04 14:00:00,183000.065
2023-04-04 15:00:00,183522.755
2023-04-04 16:00:00,180615.773
2023-04-04 17:00:00,175095.677
2023-04-04 18:00:00,175621.657
2023-04-04 19:00:00,183615.946
2023-04-04 20:00:00,178495.038
2023-04-04 21:00:00,175189.259
2023-04-04 22:00:00,174953.07
2023-04-04 23:00:00,172481.463
2023-04-05 00:00:00,169209.97
2023-04-05 01:00:00,166666.955
2023-04-05 02:00:00,163768.461
2023-04-05 03:00:00,163226.945
2023-04-05 04:00:00,164937.001
2023-04-05 05:00:00,170313.397
2023-04-05 06:00:00,176284.286
2023-04-05 07:00:00,177949.383
2023-04-05 08:00:00,179967.896
2023-04-05 09:00:00,186886.032
2023-04-05 10:00:00,188438.301
2023-04-05 11:00:00,188015.37
2023-04-05 12:00:00,186485.792
2023-04-05 13:00:00,181540.476
2023-04-05 14:00:00,182942.132
2023-04-05 15:00:00,183929.967
2023-04-05 16:00:00,181134.346
2023-04-05 17:00:00,176189.306
2023-04-05 18:00:00,177485.507
2023-04-05 19:00:00,185424.992
2023-04-05 20:00:00,178787.265
2023-04-05 21:00:00,175679.977
2023-04-05 22:00:00,176447.992
2023-04-05 23:00:00,174200.052
2023-04-06 00:00:00,170868.231
2023-04-06 01:00:00,167098.081
2023-04-06 02:00:00,163837.727
2023-04-06 03:00:00,163184.427
2023-04-06 04:00:00,165319.472
2023-04-06 05:00:00,170977.22
2023-04-06 06:00:00,176777.481
2023-04-06 07:00:00,177871.736
2023-04-06 08:00:00,181342.728
2023-04-06 09:00:00,187647.007
2023-04-06 10:00:00,191220.596
2023-04-06 11:00:00,189790.949
2023-04-06 12:00:00,189395.948
2023-04-06 13:00:00,185715.112
2023-04-06 14:00:00,186620.456
2023-04-06 15:00:00,185031.674
2023-04-06 16:00:00,181495.722
2023-04-06 17:00:00,176682.969
2023-04-06 18:00:00,177634.555
2023-04-06 19:00:00,186202.344
2023-04-06 20:00:00,181980.497
2023-04-06 21:00:00,179368.246
2023-04-06 22:00:00,179431.194
2023-04-06 23:00:00,176858.334
2023-04-07 00:00:00,173472.227
2023-04-07 01:00:00,171077.879
2023-04-07 02:00:00,167775.68
2023-04-07 03:00:00,166782.484
2023-04-07 04:00:00,168026.909
2023-04-07 05:00:00,172139.748
2023-04-07 06:00:00,176329.531
2023-04-07 07:00:00,177403.229
2023-04-07 08:00:00,182215.469
2023-04-07 09:00:00,189896.027
2023-04-07 10:00:00,192411.17
2023-04-07 11:00:00,192427.321
2023-04-07 12:00:00,190296.469
2023-04-07 13:00:00,183921.168
2023-04-07 14:00:00,185273.346
2023-04-07 15:00:00,184703.297
2023-04-07 16:00:00,180745.253
2023-04-07 17:00:00,174330.134
2023-04-07 18:00:00,176992.052
2023-04-07 19:00:00,184455.853
2023-04-07 20:00:00,179667.589
2023-04-07 21:00:00,176822.506
2023-04-07 22:00:00,177294.645
2023-04-07 23:00:00,175348.325
2023-04-08 00:00:00,171621.875
2023-04-08 01:00:00,168290.291
2023-04-08 02:00:00,164781.153
2023-04-08 03:00:00,164196.166
2023-04-08 04:00:00,165310.268
2023-04-08 05:00:00,168969.984
2023-04-08 06:00:00,173711.635
2023-04-08 07:00:00,175237.431
2023-04-08 08:00:00,177979.886
2023-04-08 09:00:00,185380.198
2023-04-08 10:00:00,188263.447
2023-04-08 11:00:00,188243.545
2023-04-08 12:00:00,187385.584
2023-04-08 13:00:00,182267.484
2023-04-08 14:00:00,185465.044
2023-04-08 15:00:00,186621.964
2023-04-08 16:00:00,182335.23
2023-04-08 17:00:00,177022.682
2023-04-08 18:00:00,178726.694
2023-04-08 19:00:00,186393.032
2023-04-08 20:00:00,181060.026
2023-04-08 21:00:00,177916.87
2023-04-08 22:00:00,177762.698
2023-04-08 23:00:00,175721.158
2023-04-09 00:00:00,172913.125
2023-04-09 01:00:00,169696.411
2023-04-09 02:00:00,167091.39
2023-04-09 03:00:00,166474.142
2023-04-09 04:00:00,167784.493
2023-04-09 05:00:00,170667.242
2023-04-09 06:00:00,173132.963
2023-04-09 07:00:00,173078.18
2023-04-09 08:00:00,176066.777
2023-04-09 09:00:00,181008.081
2023-04-09 10:00:00,181786.907
2023-04-09 11:00:00,181541.241
2023-04-09 12:00:00,179542.035
2023-04-09 13:00:00,174970.298
2023-04-09 14:00:00,176226.64
2023-04-09 15:00:00,175648.531
2023-04-09 16:00:00,171903.824
2023-04-09 17:00:00,166360.648
2023-04-09 18:00:00,167877.687
2023-04-09 19:00:00,178195.016
2023-04-09 20:00:00,175841.585
2023-04-09 21:00:00,175066.277
2023-04-09 22:00:00,176499.533
2023-04-09 23:00:00,174416.946
2023-04-10 00:00:00,171554.433
2023-04-10 01:00:00,168544.324
2023-04-10 02:00:00,165437.181
2023-04-10 03:00:00,164333.36
2023-04-10 04:00:00,166030.665
2023-04-10 05:00:00,170599.256
2023-04-10 06:00:00,176703.991
2023-04-10 07:00:00,178546.449
2023-04-10 08:00:00,182348.377
2023-04-10 09:00:00,190139.627
2023-04-10 10:00:00,193500.832
2023-04-10 11:00:00,193858.262
2023-04-10 12:00:00,192109.828
2023-04-10 13:00:00,187238.849
2023-04-10 14:00:00,190214.633
2023-04-10 15:00:00,192026.883
2023-04-10 16:00:00,188628.995
2023-04-10 17:00:00,182857.634
2023-04-10 18:00:00,183831.875
2023-04-10 19:00:00,191776.042
2023-04-10 20:00:00,187879.271
2023-04-10 21:00:00,184788.351
2023-04-10 22:00:00,184904.908
2023-04-10 23:00:00,182692.151
2023-04-11 00:00:00,180932.769
2023-04-11 01:00:00,177654.605
2023-04-11 02:00:00,175255.618
2023-04-11 03:00:00,174389.675
2023-04-11 04:00:00,175407.053
2023-04-11 05:00:00,179284.442
2023-04-11 06:00:00,183852.368
2023-04-11 07:00:00,185611.152
2023-04-11 08:00:00,187204.185
2023-04-11 09:00:00,195160.579
2023-04-11 10:00:00,196895.65
2023-04-11 11:00:00,195323.325
2023-04-11 12:00:00,193571.444
2023-04-11 13:00:00,188925.354
2023-04-11 14:00:00,191693.217
2023-04-11 15:00:00,194048.299
2023-04-11 16:00:00,192291.549
2023-04-11 17:00:00,187212.381
2023-04-11 18:00:00,188041.106
2023-04-11 19:00:00,196159.184
2023-04-11 20:00:00,192383.021
2023-04-11 21:00:00,190467.58
2023-04-11 22:00:00,191819.836
2023-04-11 23:00:00,190952.479
2023-04-12 00:00:00,187073.041
2023-04-12 01:00:00,183147.658
2023-04-12 02:00:00,179624.063
2023-04-12 03:00:00,178700.018
2023-04-12 04:00:00,179420.285
2023-04-12 05:00:00,182942.508
2023-04-12 06:00:00,186652.271
2023-04-12 07:00:00,187085.738
2023-04-12 08:00:00,188926.953
2023-04-12 09:00:00,196089.683
2023-04-12 10:00:00,199698.854
2023-04-12 11:00:00,198228.321
2023-04-12 12:00:00,195851.642
2023-04-12 13:00:00,191519.563
2023-04-12 14:00:00,194817.982
2023-04-12 15:00:00,196978.945
2023-04-12 16:00:00,194252.092
2023-04-12 17:00:00,189064.66
2023-04-12 18:00:00,190270.789
2023-04-12 19:00:00,199377.184
2023-04-12 20:00:00,195651.538
2023-04-12 21:00:00,193815.188
2023-04-12 22:00:00,195144.243
2023-04-12 23:00:00,193518.524
2023-04-13 00:00:00,189388.791
2023-04-13 01:00:00,186375.798
2023-04-13 02:00:00,182781.837
2023-04-13 03:00:00,181637.395
2023-04-13 04:00:00,182366.839
2023-04-13 05:00:00,184783.774
2023-04-13 06:00:00,187737.24
2023-04-13 07:00:00,187952.777
2023-04-13 08:00:00,190485.403
2023-04-13 09:00:00,199202.133
2023-04-13 10:00:00,202560.626
2023-04-13 11:00:00,202244.475
2023-04-13 12:00:00,200474.831
2023-04-13 13:00:00,195594.334
2023-04-13 14:00:00,198928.608
2023-04-13 15:00:00,200885.101
2023-04-13 16:00:00,197240.979
2023-04-13 17:00:00,191242.12
2023-04-13 18:00:00,191736.621
2023-04-13 19:00:00,198943.571
2023-04-13 20:00:00,195665.312
2023-04-13 21:00:00,193380.617
2023-04-13 22:00:00,194461.071
2023-04-13 23:00:00,192973.549
2023-04-14 00:00:00,190524.173
2023-04-14 01:00:00,187774.897
2023-04-14 02:00:00,184634.393
2023-04-14 03:00:00,183583.44
2023-04-14 04:00:00,183721.385
2023-04-14 05:00:00,184743.415
2023-04-14 06:00:00,185769.469
2023-04-14 07:00:00,187325.284
2023-04-14 08:00:00,190528.847
2023-04-14 09:00:00,199833.584
2023-04-14 10:00:00,204245.666
2023-04-14 11:00:00,205355.52
2023-04-14 12:00:00,203028.327
2023-04-14 13:00:00,197701.567
2023-04-14 14:00:00,200970.452
2023-04-14 15:00:00,201810.849
2023-04-14 16:00:00,198050.607
2023-04-14 17:00:00,191599.229
2023-04-14 18:00:00,188859.414
2023-04-14 19:00:00,194554.182
2023-04-14 20:00:00,191507.303
2023-04-14 21:00:00,188608.211
2023-04-14 22:00:00,190490.869
2023-04-14 23:00:00,191432.973
2023-04-15 00:00:00,188716.109
2023-04-15 01:00:00,185205.933
2023-04-15 02:00:00,181759.502
2023-04-15 03:00:00,179827.446
2023-04-15 04:00:00,179896.253
2023-04-15 05:00:00,181186.552
2023-04-15 06:00:00,183727.39
2023-04-15 07:00:00,185319.372
2023-04-15 08:00:00,189316.164
2023-04-15 09:00:00,196673.77
2023-04-15 10:00:00,200305.576
2023-04-15 11:00:00,200412.715
2023-04-15 12:00:00,199103.93
2023-04-15 13:00:00,195737.36
2023-04-15 14:00:00,199872.537
2023-04-15 15:00:00,201491.487
2023-04-15 16:00:00,198106.854
2023-04-15 17:00:00,191212.613
2023-04-15 18:00:00,190685.178
2023-04-15 19:00:00,197993.014
2023-04-15 20:00:00,194619.103
2023-04-15 21:00:00,192474.534
2023-04-15 22:00:00,193343.087
2023-04-15 23:00:00,192771.22
2023-04-16 00:00:00,189738.545
2023-04-16 01:00:00,186933.569
2023-04-16 02:00:00,184148.817
2023-04-16 03:00:00,183419.055
2023-04-16 04:00:00,183669.913
2023-04-16 05:00:00,183360.21
2023-04-16 06:00:00,181752.952
2023-04-16 07:00:00,181170.689
2023-04-16 08:00:00,185541.099
2023-04-16 09:00:00,190686.575
2023-04-16 10:00:00,192711.004
2023-04-16 11:00:00,193395.375
2023-04-16 12:00:00,192650.62
2023-04-16 13:00:00,190979.802
2023-04-16 14:00:00,193269.873
2023-04-16 15:00:00,194081.34
2023-04-16 16:00:00,189832.288
2023-04-16 17:00:00,180524.354
2023-04-16 18:00:00,181377.233
2023-04-16 19:00:00,193023.034
2023-04-16 20:00:00,192821.066
2023-04-16 21:00:00,192455.923
2023-04-16 22:00:00,193396.301
2023-04-16 23:00:00,193893.475
2023-04-17 00:00:00,191852.534
2023-04-17 01:00:00,187973.998
2023-04-17 02:00:00,185122.594
2023-04-17 03:00:00,183512.302
2023-04-17 04:00:00,183362.694
2023-04-17 05:00:00,184997.49
2023-04-17 06:00:00,186630.31
2023-04-17 07:00:00,188703.5
2023-04-17 08:00:00,193783.352
2023-04-17 09:00:00,203469.543
2023-04-17 10:00:00,208792.97
2023-04-17 11:00:00,209754.304
2023-04-17 12:00:00,208238.262
2023-04-17 13:00:00,204669.139
2023-04-17 14:00:00,208331.548
2023-04-17 15:00:00,209602.211
2023-04-17 16:00:00,201229.584
2023-04-17 17:00:00,197433.897
2023-04-17 18:00:00,196469.153
2023-04-17 19:00:00,206276.819
2023-04-17 20:00:00,204951.08
2023-04-17 21:00:00,203699.149
2023-04-17 22:00:00,204664.07
2023-04-17 23:00:00,202457.524
2023-04-18 00:00:00,199637.41
2023-04-18 01:00:00,197524.662
2023-04-18 02:00:00,195317.211
2023-04-18 03:00:00,193823.109
2023-04-18 04:00:00,192864.352
2023-04-18 05:00:00,191584.736
2023-04-18 06:00:00,192437.334
2023-04-18 07:00:00,193130.817
2023-04-18 08:00:00,196429.446
2023-04-18 09:00:00,205263.549
2023-04-18 10:00:00,211060.395
2023-04-18 11:00:00,213511.77
2023-04-18 12:00:00,211167.897
2023-04-18 13:00:00,208918.523
2023-04-18 14:00:00,213767.558
2023-04-18 15:00:00,214613.208
2023-04-18 16:00:00,204769.0
2023-04-18 17:00:00,201455.381
2023-04-18 18:00:00,200335.252
2023-04-18 19:00:00,209183.143
2023-04-18 20:00:00,207365.317
2023-04-18 21:00:00,205041.147
2023-04-18 22:00:00,206269.229
2023-04-18 23:00:00,204919.385
2023-04-19 00:00:00,201998.418
2023-04-19 01:00:00,198505.358
2023-04-19 02:00:00,192349.777
2023-04-19 03:00:00,188038.937
2023-04-19 04:00:00,186492.186
2023-04-19 05:00:00,186423.108
2023-04-19 06:00:00,187740.88
2023-04-19 07:00:00,189631.736
2023-04-19 08:00:00,193926.764
2023-04-19 09:00:00,203920.933
2023-04-19 10:00:00,209681.893
2023-04-19 11:00:00,211323.726
2023-04-19 12:00:00,210359.399
2023-04-19 13:00:00,207994.818
2023-04-19 14:00:00,212063.971
2023-04-19 15:00:00,211922.678
2023-04-19 16:00:00,209171.588
2023-04-19 17:00:00,201095.446
2023-04-19 18:00:00,199741.253
2023-04-19 19:00:00,207965.05
2023-04-19 20:00:00,206225.263
2023-04-19 21:00:00,205056.527
2023-04-19 22:00:00,207572.496
2023-04-19 23:00:00,205916.336
2023-04-20 00:00:00,202489.734
2023-04-20 01:00:00,198791.285
2023-04-20 02:00:00,194568.99
2023-04-20 03:00:00,191904.131
2023-04-20 04:00:00,190640.139
2023-04-20 05:00:00,191654.547
2023-04-20 06:00:00,191300.353
2023-04-20 07:00:00,191657.204
2023-04-20 08:00:00,195673.847
2023-04-20 09:00:00,204317.384
2023-04-20 10:00:00,208883.447
2023-04-20 11:00:00,209982.416
2023-04-20 12:00:00,209006.071
2023-04-20 13:00:00,205975.211
2023-04-20 14:00:00,210080.74
2023-04-20 15:00:00,210058.067
2023-04-20 16:00:00,203705.998
2023-04-20 17:00:00,193665.542
2023-04-20 18:00:00,191570.018
2023-04-20 19:00:00,199354.008
2023-04-20 20:00:00,197319.897
2023-04-20 21:00:00,198274.885
2023-04-20 22:00:00,201976.401
2023-04-20 23:00:00,200302.548
2023-04-21 00:00:00,195048.411
2023-04-21 01:00:00,188769.4
2023-04-21 02:00:00,184026.941
2023-04-21 03:00:00,181898.608
2023-04-21 04:00:00,181187.06
2023-04-21 05:00:00,182404.94
2023-04-21 06:00:00,183832.552
2023-04-21 07:00:00,184708.974
2023-04-21 08:00:00,188282.299
2023-04-21 09:00:00,195886.548
2023-04-21 10:00:00,200139.573
2023-04-21 11:00:00,201873.764
2023-04-21 12:00:00,200975.969
2023-04-21 13:00:00,198260.463
2023-04-21 14:00:00,202575.441
2023-04-21 15:00:00,202409.115
2023-04-21 16:00:00,195945.41
2023-04-21 17:00:00,188245.469
2023-04-21 18:00:00,187613.735
2023-04-21 19:00:00,195441.969
2023-04-21 20:00:00,192529.803
2023-04-21 21:00:00,192899.367
2023-04-21 22:00:00,195058.143
2023-04-21 23:00:00,192646.217
2023-04-22 00:00:00,187759.737
2023-04-22 01:00:00,182752.934
2023-04-22 02:00:00,178090.286
2023-04-22 03:00:00,175484.671
2023-04-22 04:00:00,175151.475
2023-04-22 05:00:00,179413.818
2023-04-22 06:00:00,181835.034
2023-04-22 07:00:00,182693.189
2023-04-22 08:00:00,184352.751
2023-04-22 09:00:00,190720.75
2023-04-22 10:00:00,195458.889
2023-04-22 11:00:00,197436.05
2023-04-22 12:00:00,195582.861
2023-04-22 13:00:00,191401.386
2023-04-22 14:00:00,191952.796
2023-04-22 15:00:00,190933.227
2023-04-22 16:00:00,184289.054
2023-04-22 17:00:00,175098.909
2023-04-22 18:00:00,174529.259
2023-04-22 19:00:00,186324.755
2023-04-22 20:00:00,185090.459
2023-04-22 21:00:00,184622.001
2023-04-22 22:00:00,187827.888
2023-04-22 23:00:00,186456.279
2023-04-23 00:00:00,181900.009
2023-04-23 01:00:00,176533.497
2023-04-23 02:00:00,172597.07
2023-04-23 03:00:00,169584.877
2023-04-23 04:00:00,168600.429
2023-04-23 05:00:00,170054.583
2023-04-23 06:00:00,171063.184
2023-04-23 07:00:00,171401.486
2023-04-23 08:00:00,172529.626
2023-04-23 09:00:00,175319.806
2023-04-23 10:00:00,175781.183
2023-04-23 11:00:00,173501.141
2023-04-23 12:00:00,174650.554
2023-04-23 13:00:00,171638.791
2023-04-23 14:00:00,171340.49
2023-04-23 15:00:00,170762.321
2023-04-23 16:00:00,164694.765
2023-04-23 17:00:00,158222.581
2023-04-23 18:00:00,160125.111
2023-04-23 19:00:00,171242.82
2023-04-23 20:00:00,172627.355
2023-04-23 21:00:00,173254.84
2023-04-23 22:00:00,175961.026
2023-04-23 23:00:00,174300.878
2023-04-24 00:00:00,169711.066
2023-04-24 01:00:00,165545.402
2023-04-24 02:00:00,161888.072
2023-04-24 03:00:00,160126.375
2023-04-24 04:00:00,160303.089
2023-04-24 05:00:00,165211.815
2023-04-24 06:00:00,171277.619
2023-04-24 07:00:00,173880.164
2023-04-24 08:00:00,178083.734
2023-04-24 09:00:00,185981.451
2023-04-24 10:00:00,190018.478
2023-04-24 11:00:00,191035.312
2023-04-24 12:00:00,189517.603
2023-04-24 13:00:00,185393.551
2023-04-24 14:00:00,187143.003
2023-04-24 15:00:00,188221.907
2023-04-24 16:00:00,183346.024
2023-04-24 17:00:00,177584.304
2023-04-24 18:00:00,178581.337
2023-04-24 19:00:00,187155.837
2023-04-24 20:00:00,183873.094
2023-04-24 21:00:00,182050.045
2023-04-24 22:00:00,183907.91
2023-04-24 23:00:00,182484.181
2023-04-25 00:00:00,177097.697
2023-04-25 01:00:00,172269.099
2023-04-25 02:00:00,168089.893
2023-04-25 03:00:00,166128.348
2023-04-25 04:00:00,165877.652
2023-04-25 05:00:00,170499.837
2023-04-25 06:00:00,175177.143
2023-04-25 07:00:00,178199.895
2023-04-25 08:00:00,182182.246
2023-04-25 09:00:00,189444.0
2023-04-25 10:00:00,192530.034
2023-04-25 11:00:00,192844.893
2023-04-25 12:00:00,192501.435
2023-04-25 13:00:00,189493.528
2023-04-25 14:00:00,192068.967
2023-04-25 15:00:00,192214.645
2023-04-25 16:00:00,186813.274
2023-04-25 17:00:00,179961.476
2023-04-25 18:00:00,180004.445
2023-04-25 19:00:00,189426.127
2023-04-25 20:00:00,187592.328
2023-04-25 21:00:00,186432.872
2023-04-25 22:00:00,189305.2
2023-04-25 23:00:00,186528.997
2023-04-26 00:00:00,181110.085
2023-04-26 01:00:00,176067.554
2023-04-26 02:00:00,172130.024
2023-04-26 03:00:00,169329.521
2023-04-26 04:00:00,168447.538
2023-04-26 05:00:00,172042.339
2023-04-26 06:00:00,176264.258
2023-04-26 07:00:00,178478.855
2023-04-26 08:00:00,182447.934
2023-04-26 09:00:00,189314.283
2023-04-26 10:00:00,192048.582
2023-04-26 11:00:00,193552.262
2023-04-26 12:00:00,194275.274
2023-04-26 13:00:00,191605.421
2023-04-26 14:00:00,193442.051
2023-04-26 15:00:00,194771.859
2023-04-26 16:00:00,188316.658
2023-04-26 17:00:00,180853.973
2023-04-26 18:00:00,180197.639
2023-04-26 19:00:00,190336.38
2023-04-26 20:00:00,188465.821
2023-04-26 21:00:00,187835.758
2023-04-26 22:00:00,189928.046
2023-04-26 23:00:00,187065.462
2023-04-27 00:00:00,181796.93
2023-04-27 01:00:00,176767.859
2023-04-27 02:00:00,172826.37
2023-04-27 03:00:00,170246.017
2023-04-27 04:00:00,169602.443
2023-04-27 05:00:00,172888.28
2023-04-27 06:00:00,175983.16
2023-04-27 07:00:00,176670.156
2023-04-27 08:00:00,179588.756
2023-04-27 09:00:00,188494.235
2023-04-27 10:00:00,192400.729
2023-04-27 11:00:00,194783.67
2023-04-27 12:00:00,194748.514
2023-04-27 13:00:00,192097.868
2023-04-27 14:00:00,194680.028
2023-04-27 15:00:00,194916.051
2023-04-27 16:00:00,186718.422
2023-04-27 17:00:00,179832.397
2023-04-27 18:00:00,179365.443
2023-04-27 19:00:00,188052.299
2023-04-27 20:00:00,184884.475
2023-04-27 21:00:00,184072.643
2023-04-27 22:00:00,186717.661
2023-04-27 23:00:00,184078.44
2023-04-28 00:00:00,179053.298
2023-04-28 01:00:00,174116.323
2023-04-28 02:00:00,169554.382
2023-04-28 03:00:00,166922.621
2023-04-28 04:00:00,166731.329
2023-04-28 05:00:00,170063.62
2023-04-28 06:00:00,171914.668
2023-04-28 07:00:00,172246.373
2023-04-28 08:00:00,174606.59
2023-04-28 09:00:00,187363.298
2023-04-28 10:00:00,193601.428
2023-04-28 11:00:00,194715.562
2023-04-28 12:00:00,195178.754
2023-04-28 13:00:00,191312.464
2023-04-28 14:00:00,192399.193
2023-04-28 15:00:00,190177.257
2023-04-28 16:00:00,183541.208
2023-04-28 17:00:00,176960.748
2023-04-28 18:00:00,178523.314
2023-04-28 19:00:00,190261.581
2023-04-28 20:00:00,187706.675
2023-04-28 21:00:00,187184.639
2023-04-28 22:00:00,188928.0
2023-04-28 23:00:00,185578.889
2023-04-29 00:00:00,179510.79
2023-04-29 01:00:00,174557.522
2023-04-29 02:00:00,169650.425
2023-04-29 03:00:00,166683.645
2023-04-29 04:00:00,166357.705
2023-04-29 05:00:00,168460.285
2023-04-29 06:00:00,170882.95
2023-04-29 07:00:00,172911.426
2023-04-29 08:00:00,176298.119
2023-04-29 09:00:00,183460.92
2023-04-29 10:00:00,186601.627
2023-04-29 11:00:00,188247.362
2023-04-29 12:00:00,187161.172
2023-04-29 13:00:00,183218.301
2023-04-29 14:00:00,182778.201
2023-04-29 15:00:00,181522.062
2023-04-29 16:00:00,175502.54
2023-04-29 17:00:00,170666.401
2023-04-29 18:00:00,172879.485
2023-04-29 19:00:00,181808.522
2023-04-29 20:00:00,179889.27
2023-04-29 21:00:00,178580.567
2023-04-29 22:00:00,178437.086
2023-04-29 23:00:00,175325.317
2023-04-30 00:00:00,170165.848
2023-04-30 01:00:00,165444.209
2023-04-30 02:00:00,161498.534
2023-04-30 03:00:00,159111.401
2023-04-30 04:00:00,157397.23
2023-04-30 05:00:00,158815.695
2023-04-30 06:00:00,159529.615
2023-04-30 07:00:00,160379.098
2023-04-30 08:00:00,162313.394
2023-04-30 09:00:00,166478.374
2023-04-30 10:00:00,169787.156
2023-04-30 11:00:00,170856.442
2023-04-30 12:00:00,167894.054
2023-04-30 13:00:00,161877.104
2023-04-30 14:00:00,158258.894
2023-04-30 15:00:00,155642.408
2023-04-30 16:00:00,151084.901
2023-04-30 17:00:00,147841.48
2023-04-30 18:00:00,151729.521
2023-04-30 19:00:00,161920.857
2023-04-30 20:00:00,161077.439
2023-04-30 21:00:00,158884.618
2023-04-30 22:00:00,159189.761
2023-04-30 23:00:00,155958.39
2023-05-01 00:00:00,151719.735
2023-05-01 01:00:00,147257.887
2023-05-01 02:00:00,144164.161
2023-05-01 03:00:00,142181.557
2023-05-01 04:00:00,141960.174
2023-05-01 05:00:00,145303.643
2023-05-01 06:00:00,148060.564
2023-05-01 07:00:00,149207.008
2023-05-01 08:00:00,151995.775
2023-05-01 09:00:00,157208.843
2023-05-01 10:00:00,158326.95
2023-05-01 11:00:00,157619.8
2023-05-01 12:00:00,156298.955
2023-05-01 13:00:00,152101.815
2023-05-01 14:00:00,155251.679
2023-05-01 15:00:00,149469.449
2023-05-01 16:00:00,146416.845
2023-05-01 17:00:00,144499.202
2023-05-01 18:00:00,148988.181
2023-05-01 19:00:00,158262.41
2023-05-01 20:00:00,154887.881
2023-05-01 21:00:00,151445.129
2023-05-01 22:00:00,149690.19
2023-05-01 23:00:00,146282.251
2023-05-02 00:00:00,142235.781
2023-05-02 01:00:00,139054.348
2023-05-02 02:00:00,136271.481
2023-05-02 03:00:00,135075.091
2023-05-02 04:00:00,135871.42
2023-05-02 05:00:00,141763.725
2023-05-02 06:00:00,147401.974
2023-05-02 07:00:00,150965.41
2023-05-02 08:00:00,154874.582
2023-05-02 09:00:00,160745.456
2023-05-02 10:00:00,163230.328
2023-05-02 11:00:00,167005.371
2023-05-02 12:00:00,166353.972
2023-05-02 13:00:00,162630.957
2023-05-02 14:00:00,164435.165
2023-05-02 15:00:00,163913.181
2023-05-02 16:00:00,161539.8
2023-05-02 17:00:00,160038.453
2023-05-02 18:00:00,163464.102
2023-05-02 19:00:00,171836.148
2023-05-02 20:00:00,167749.183
2023-05-02 21:00:00,163873.629
2023-05-02 22:00:00,162273.954
2023-05-02 23:00:00,158222.025
2023-05-03 00:00:00,154324.484
2023-05-03 01:00:00,150588.123
2023-05-03 02:00:00,147462.638
2023-05-03 03:00:00,145842.443
2023-05-03 04:00:00,146661.205
2023-05-03 05:00:00,151136.195
2023-05-03 06:00:00,155675.553
2023-05-03 07:00:00,159171.747
2023-05-03 08:00:00,162919.416
2023-05-03 09:00:00,168425.635
2023-05-03 10:00:00,171017.868
2023-05-03 11:00:00,170717.632
2023-05-03 12:00:00,169002.113
2023-05-03 13:00:00,163550.028
2023-05-03 14:00:00,163569.792
2023-05-03 15:00:00,163203.689
2023-05-03 16:00:00,160627.672
2023-05-03 17:00:00,158951.134
2023-05-03 18:00:00,162748.601
2023-05-03 19:00:00,170464.302
2023-05-03 20:00:00,166376.193
2023-05-03 21:00:00,162422.649
2023-05-03 22:00:00,161446.847
2023-05-03 23:00:00,157825.438
2023-05-04 00:00:00,153839.653
2023-05-04 01:00:00,150082.086
2023-05-04 02:00:00,146814.96
2023-05-04 03:00:00,144867.171
2023-05-04 04:00:00,145122.261
2023-05-04 05:00:00,150426.721
2023-05-04 06:00:00,155659.967
2023-05-04 07:00:00,158464.037
2023-05-04 08:00:00,161964.765
2023-05-04 09:00:00,168210.711
2023-05-04 10:00:00,170646.637
2023-05-04 11:00:00,171750.302
2023-05-04 12:00:00,170265.172
2023-05-04 13:00:00,166972.369
2023-05-04 14:00:00,168211.938
2023-05-04 15:00:00,168918.654
2023-05-04 16:00:00,166254.689
2023-05-04 17:00:00,164590.869
2023-05-04 18:00:00,167961.799
2023-05-04 19:00:00,177473.595
2023-05-04 20:00:00,174552.873
2023-05-04 21:00:00,171344.677
2023-05-04 22:00:00,170431.48
2023-05-04 23:00:00,166429.994
2023-05-05 00:00:00,162098.611
2023-05-05 01:00:00,157627.285
2023-05-05 02:00:00,154188.421
2023-05-05 03:00:00,152008.421
2023-05-05 04:00:00,152703.862
2023-05-05 05:00:00,157170.768
2023-05-05 06:00:00,161028.627
2023-05-05 07:00:00,163964.321
2023-05-05 08:00:00,167851.134
2023-05-05 09:00:00,174731.172
2023-05-05 10:00:00,178072.587
2023-05-05 11:00:00,180034.834
2023-05-05 12:00:00,179817.982
2023-05-05 13:00:00,175513.351
2023-05-05 14:00:00,177015.376
2023-05-05 15:00:00,176341.601
2023-05-05 16:00:00,172096.039
2023-05-05 17:00:00,169103.431
2023-05-05 18:00:00,172666.456
2023-05-05 19:00:00,182682.541
2023-05-05 20:00:00,180999.523
2023-05-05 21:00:00,178618.209
2023-05-05 22:00:00,178439.68
2023-05-05 23:00:00,174988.738
2023-05-06 00:00:00,170412.185
2023-05-06 01:00:00,166149.809
2023-05-06 02:00:00,162371.105
2023-05-06 03:00:00,159976.209
2023-05-06 04:00:00,160014.906
2023-05-06 05:00:00,163761.313
2023-05-06 06:00:00,166197.957
2023-05-06 07:00:00,166929.667
2023-05-06 08:00:00,169742.615
2023-05-06 09:00:00,174460.14
2023-05-06 10:00:00,179222.123
2023-05-06 11:00:00,181037.906
2023-05-06 12:00:00,180040.765
2023-05-06 13:00:00,176070.279
2023-05-06 14:00:00,177703.253
2023-05-06 15:00:00,177990.53
2023-05-06 16:00:00,174403.787
2023-05-06 17:00:00,171467.151
2023-05-06 18:00:00,174178.949
2023-05-06 19:00:00,183717.566
2023-05-06 20:00:00,181891.811
2023-05-06 21:00:00,180398.488
2023-05-06 22:00:00,180602.36
2023-05-06 23:00:00,177989.648
2023-05-07 00:00:00,173974.814
2023-05-07 01:00:00,169431.884
2023-05-07 02:00:00,165577.994
2023-05-07 03:00:00,162830.26
2023-05-07 04:00:00,161882.165
2023-05-07 05:00:00,162307.753
2023-05-07 06:00:00,160723.147
2023-05-07 07:00:00,159427.709
2023-05-07 08:00:00,161721.566
2023-05-07 09:00:00,165737.997
2023-05-07 10:00:00,168855.378
2023-05-07 11:00:00,171078.276
2023-05-07 12:00:00,171205.526
2023-05-07 13:00:00,169498.927
2023-05-07 14:00:00,169523.556
2023-05-07 15:00:00,169039.782
2023-05-07 16:00:00,164970.878
2023-05-07 17:00:00,161158.045
2023-05-07 18:00:00,165010.63
2023-05-07 19:00:00,176559.678
2023-05-07 20:00:00,176699.941
2023-05-07 21:00:00,177052.065
2023-05-07 22:00:00,179563.573
2023-05-07 23:00:00,177579.769
2023-05-08 00:00:00,172547.151
2023-05-08 01:00:00,168029.311
2023-05-08 02:00:00,164136.983
2023-05-08 03:00:00,161030.65
2023-05-08 04:00:00,160031.261
2023-05-08 05:00:00,162854.036
2023-05-08 06:00:00,166112.244
2023-05-08 07:00:00,167920.978
2023-05-08 08:00:00,172901.63
2023-05-08 09:00:00,180133.205
2023-05-08 10:00:00,185901.867
2023-05-08 11:00:00,188292.459
2023-05-08 12:00:00,188847.953
2023-05-08 13:00:00,186482.176
2023-05-08 14:00:00,189073.917
2023-05-08 15:00:00,189906.916
2023-05-08 16:00:00,185412.294
2023-05-08 17:00:00,180686.107
2023-05-08 18:00:00,181617.641
2023-05-08 19:00:00,189708.82
2023-05-08 20:00:00,188121.757
2023-05-08 21:00:00,187013.475
2023-05-08 22:00:00,187691.773
2023-05-08 23:00:00,185471.456
2023-05-09 00:00:00,181077.67
2023-05-09 01:00:00,177035.457
2023-05-09 02:00:00,173129.209
2023-05-09 03:00:00,170035.334
2023-05-09 04:00:00,169037.978
2023-05-09 05:00:00,170832.153
2023-05-09 06:00:00,171967.077
2023-05-09 07:00:00,173306.411
2023-05-09 08:00:00,178340.941
2023-05-09 09:00:00,186675.391
2023-05-09 10:00:00,192045.678
2023-05-09 11:00:00,194483.45
2023-05-09 12:00:00,194685.928
2023-05-09 13:00:00,191391.832
2023-05-09 14:00:00,194459.128
2023-05-09 15:00:00,194920.723
2023-05-09 16:00:00,188659.85
2023-05-09 17:00:00,182216.678
2023-05-09 18:00:00,182870.203
2023-05-09 19:00:00,192369.495
2023-05-09 20:00:00,191504.372
2023-05-09 21:00:00,191137.172
2023-05-09 22:00:00,192995.846
2023-05-09 23:00:00,190435.451
2023-05-10 00:00:00,186156.809
2023-05-10 01:00:00,181884.495
2023-05-10 02:00:00,177626.61
2023-05-10 03:00:00,174589.108
2023-05-10 04:00:00,173421.05
2023-05-10 05:00:00,175111.222
2023-05-10 06:00:00,175284.651
2023-05-10 07:00:00,176487.894
2023-05-10 08:00:00,180167.762
2023-05-10 09:00:00,189089.656
2023-05-10 10:00:00,193379.343
2023-05-10 11:00:00,195248.179
2023-05-10 12:00:00,194267.144
2023-05-10 13:00:00,191154.665
2023-05-10 14:00:00,194775.566
2023-05-10 15:00:00,195508.231
2023-05-10 16:00:00,189829.669
2023-05-10 17:00:00,183568.624
2023-05-10 18:00:00,184335.553
2023-05-10 19:00:00,195673.48
2023-05-10 20:00:00,194842.584
2023-05-10 21:00:00,194458.847
2023-05-10 22:00:00,197004.661
2023-05-10 23:00:00,195067.386
2023-05-11 00:00:00,190006.123
2023-05-11 01:00:00,184527.129
2023-05-11 02:00:00,179602.993
2023-05-11 03:00:00,176598.849
2023-05-11 04:00:00,175393.779
2023-05-11 05:00:00,176894.171
2023-05-11 06:00:00,177181.264
2023-05-11 07:00:00,178867.322
2023-05-11 08:00:00,184317.02
2023-05-11 09:00:00,192916.611
2023-05-11 10:00:00,197987.294
2023-05-11 11:00:00,198577.824
2023-05-11 12:00:00,199978.227
2023-05-11 13:00:00,196918.832
2023-05-11 14:00:00,200523.024
2023-05-11 15:00:00,201147.207
2023-05-11 16:00:00,195096.645
2023-05-11 17:00:00,188341.744
2023-05-11 18:00:00,187225.404
2023-05-11 19:00:00,197178.533
2023-05-11 20:00:00,196168.737
2023-05-11 21:00:00,196178.112
2023-05-11 22:00:00,199610.493
2023-05-11 23:00:00,198052.336
2023-05-12 00:00:00,193079.838
2023-05-12 01:00:00,187299.804
2023-05-12 02:00:00,182183.265
2023-05-12 03:00:00,178815.262
2023-05-12 04:00:00,177085.068
2023-05-12 05:00:00,178456.913
2023-05-12 06:00:00,179051.466
2023-05-12 07:00:00,180316.007
2023-05-12 08:00:00,184845.091
2023-05-12 09:00:00,194328.692
2023-05-12 10:00:00,200627.451
2023-05-12 11:00:00,202893.379
2023-05-12 12:00:00,202091.167
2023-05-12 13:00:00,200316.05
2023-05-12 14:00:00,204657.86
2023-05-12 15:00:00,206231.79
2023-05-12 16:00:00,200923.277
2023-05-12 17:00:00,192789.954
2023-05-12 18:00:00,189705.622
2023-05-12 19:00:00,200029.6
2023-05-12 20:00:00,200228.487
2023-05-12 21:00:00,199812.31
2023-05-12 22:00:00,203052.635
2023-05-12 23:00:00,201418.75
2023-05-13 00:00:00,197015.2
2023-05-13 01:00:00,191412.093
2023-05-13 02:00:00,186236.65
2023-05-13 03:00:00,182663.375
2023-05-13 04:00:00,181119.235
2023-05-13 05:00:00,181712.356
2023-05-13 06:00:00,181636.695
2023-05-13 07:00:00,182304.601
2023-05-13 08:00:00,186119.573
2023-05-13 09:00:00,194670.01
2023-05-13 10:00:00,199875.743
2023-05-13 11:00:00,203604.245
2023-05-13 12:00:00,203503.082
2023-05-13 13:00:00,202082.928
2023-05-13 14:00:00,206563.037
2023-05-13 15:00:00,206856.584
2023-05-13 16:00:00,199876.696
2023-05-13 17:00:00,191003.729
2023-05-13 18:00:00,188527.217
2023-05-13 19:00:00,198533.455
2023-05-13 20:00:00,198578.23
2023-05-13 21:00:00,199528.712
2023-05-13 22:00:00,202768.445
2023-05-13 23:00:00,200997.128
2023-05-14 00:00:00,197207.126
2023-05-14 01:00:00,191518.221
2023-05-14 02:00:00,186687.601
2023-05-14 03:00:00,182534.412
2023-05-14 04:00:00,179908.957
2023-05-14 05:00:00,179291.223
2023-05-14 06:00:00,177320.153
2023-05-14 07:00:00,174858.841
2023-05-14 08:00:00,175545.316
2023-05-14 09:00:00,180967.57
2023-05-14 10:00:00,187384.246
2023-05-14 11:00:00,190487.438
2023-05-14 12:00:00,190341.252
2023-05-14 13:00:00,190766.283
2023-05-14 14:00:00,195033.689
2023-05-14 15:00:00,196142.632
2023-05-14 16:00:00,189165.865
2023-05-14 17:00:00,179362.906
2023-05-14 18:00:00,176112.136
2023-05-14 19:00:00,187362.465
2023-05-14 20:00:00,189315.555
2023-05-14 21:00:00,190806.225
2023-05-14 22:00:00,194975.896
2023-05-14 23:00:00,194210.666
2023-05-15 00:00:00,189483.384
2023-05-15 01:00:00,183120.251
2023-05-15 02:00:00,178532.123
2023-05-15 03:00:00,175333.49
2023-05-15 04:00:00,174866.642
2023-05-15 05:00:00,176771.618
2023-05-15 06:00:00,177762.162
2023-05-15 07:00:00,180674.217
2023-05-15 08:00:00,186608.011
2023-05-15 09:00:00,195289.716
2023-05-15 10:00:00,201659.794
2023-05-15 11:00:00,204910.622
2023-05-15 12:00:00,204391.685
2023-05-15 13:00:00,205132.113
2023-05-15 14:00:00,208754.243
2023-05-15 15:00:00,211306.353
2023-05-15 16:00:00,205248.295
2023-05-15 17:00:00,194841.41
2023-05-15 18:00:00,189693.795
2023-05-15 19:00:00,199281.904
2023-05-15 20:00:00,200836.572
2023-05-15 21:00:00,201233.821
2023-05-15 22:00:00,203231.4
2023-05-15 23:00:00,199936.352
2023-05-16 00:00:00,195461.27
2023-05-16 01:00:00,189928.081
2023-05-16 02:00:00,184447.87
2023-05-16 03:00:00,179462.895
2023-05-16 04:00:00,178045.162
2023-05-16 05:00:00,179998.179
2023-05-16 06:00:00,181536.922
2023-05-16 07:00:00,184105.746
2023-05-16 08:00:00,189667.981
2023-05-16 09:00:00,199177.93
2023-05-16 10:00:00,204848.924
2023-05-16 11:00:00,208053.946
2023-05-16 12:00:00,209492.886
2023-05-16 13:00:00,208801.281
2023-05-16 14:00:00,212080.045
2023-05-16 15:00:00,213401.875
2023-05-16 16:00:00,206004.992
2023-05-16 17:00:00,196756.35
2023-05-16 18:00:00,191778.349
2023-05-16 19:00:00,201863.352
2023-05-16 20:00:00,203313.09
2023-05-16 21:00:00,203935.266
2023-05-16 22:00:00,206208.701
2023-05-16 23:00:00,204141.993
2023-05-17 00:00:00,200836.952
2023-05-17 01:00:00,197465.874
2023-05-17 02:00:00,194539.515
2023-05-17 03:00:00,190835.25
2023-05-17 04:00:00,188664.2
2023-05-17 05:00:00,189612.857
2023-05-17 06:00:00,188339.905
2023-05-17 07:00:00,189940.08
2023-05-17 08:00:00,195410.27
2023-05-17 09:00:00,204183.07
2023-05-17 10:00:00,209260.357
2023-05-17 11:00:00,212309.075
2023-05-17 12:00:00,213645.27
2023-05-17 13:00:00,214061.354
2023-05-17 14:00:00,218824.537
2023-05-17 15:00:00,217641.763
2023-05-17 16:00:00,209160.494
2023-05-17 17:00:00,200073.448
2023-05-17 18:00:00,193898.104
2023-05-17 19:00:00,201316.563
2023-05-17 20:00:00,201112.896
2023-05-17 21:00:00,201399.736
2023-05-17 22:00:00,203732.007
2023-05-17 23:00:00,201395.7
2023-05-18 00:00:00,197165.153
2023-05-18 01:00:00,186446.842
2023-05-18 02:00:00,177770.653
2023-05-18 03:00:00,172629.38
2023-05-18 04:00:00,170115.807
2023-05-18 05:00:00,171757.938
2023-05-18 06:00:00,172305.432
2023-05-18 07:00:00,174136.179
2023-05-18 08:00:00,180479.235
2023-05-18 09:00:00,191206.82
2023-05-18 10:00:00,199624.507
2023-05-18 11:00:00,205834.053
2023-05-18 12:00:00,208312.519
2023-05-18 13:00:00,207522.225
2023-05-18 14:00:00,211407.409
2023-05-18 15:00:00,208997.836
2023-05-18 16:00:00,206299.159
2023-05-18 17:00:00,197087.426
2023-05-18 18:00:00,191701.067
2023-05-18 19:00:00,200069.943
2023-05-18 20:00:00,201830.255
2023-05-18 21:00:00,202267.297
2023-05-18 22:00:00,204444.598
2023-05-18 23:00:00,202015.434
2023-05-19 00:00:00,198768.032
2023-05-19 01:00:00,195600.891
2023-05-19 02:00:00,192256.826
2023-05-19 03:00:00,188987.923
2023-05-19 04:00:00,187467.803
2023-05-19 05:00:00,188096.151
2023-05-19 06:00:00,187429.16
2023-05-19 07:00:00,188256.767
2023-05-19 08:00:00,192826.438
2023-05-19 09:00:00,202415.749
2023-05-19 10:00:00,208496.488
2023-05-19 11:00:00,212808.808
2023-05-19 12:00:00,214319.881
2023-05-19 13:00:00,212245.161
2023-05-19 14:00:00,215250.936
2023-05-19 15:00:00,216133.395
2023-05-19 16:00:00,207863.862
2023-05-19 17:00:00,197800.709
2023-05-19 18:00:00,191532.959
2023-05-19 19:00:00,200254.958
2023-05-19 20:00:00,201553.408
2023-05-19 21:00:00,203736.699
2023-05-19 22:00:00,207491.114
2023-05-19 23:00:00,205563.941
2023-05-20 00:00:00,202317.47
2023-05-20 01:00:00,197857.834
2023-05-20 02:00:00,193143.425
2023-05-20 03:00:00,189581.269
2023-05-20 04:00:00,187435.021
2023-05-20 05:00:00,188394.888
2023-05-20 06:00:00,187207.643
2023-05-20 07:00:00,187293.612
2023-05-20 08:00:00,191854.315
2023-05-20 09:00:00,201153.145
2023-05-20 10:00:00,208047.532
2023-05-20 11:00:00,212308.882
2023-05-20 12:00:00,213948.651
2023-05-20 13:00:00,213059.224
2023-05-20 14:00:00,216161.194
2023-05-20 15:00:00,215852.59
2023-05-20 16:00:00,209364.795
2023-05-20 17:00:00,199237.775
2023-05-20 18:00:00,193435.992
2023-05-20 19:00:00,202257.411
2023-05-20 20:00:00,204179.045
2023-05-20 21:00:00,205850.038
2023-05-20 22:00:00,210739.622
2023-05-20 23:00:00,209479.846
2023-05-21 00:00:00,205712.391
2023-05-21 01:00:00,200885.58
2023-05-21 02:00:00,196476.671
2023-05-21 03:00:00,192603.148
2023-05-21 04:00:00,190310.729
2023-05-21 05:00:00,189412.445
2023-05-21 06:00:00,185997.637
2023-05-21 07:00:00,185017.451
2023-05-21 08:00:00,187386.655
2023-05-21 09:00:00,193004.047
2023-05-21 10:00:00,197050.64
2023-05-21 11:00:00,200885.834
2023-05-21 12:00:00,202122.998
2023-05-21 13:00:00,202638.975
2023-05-21 14:00:00,206238.965
2023-05-21 15:00:00,204170.985
2023-05-21 16:00:00,195685.38
2023-05-21 17:00:00,185386.13
2023-05-21 18:00:00,181195.063
2023-05-21 19:00:00,188786.276
2023-05-21 20:00:00,193270.37
2023-05-21 21:00:00,197280.364
2023-05-21 22:00:00,202733.409
2023-05-21 23:00:00,201909.1
2023-05-22 00:00:00,197965.403
2023-05-22 01:00:00,193144.559
2023-05-22 02:00:00,187928.988
2023-05-22 03:00:00,183823.46
2023-05-22 04:00:00,181440.45
2023-05-22 05:00:00,181659.143
2023-05-22 06:00:00,181278.11
2023-05-22 07:00:00,183869.365
2023-05-22 08:00:00,190808.929
2023-05-22 09:00:00,200074.354
2023-05-22 10:00:00,206418.088
2023-05-22 11:00:00,211183.149
2023-05-22 12:00:00,213141.576
2023-05-22 13:00:00,213181.187
2023-05-22 14:00:00,219083.65
2023-05-22 15:00:00,218810.414
2023-05-22 16:00:00,212465.107
2023-05-22 17:00:00,200554.9
2023-05-22 18:00:00,194769.388
2023-05-22 19:00:00,202640.414
2023-05-22 20:00:00,203993.096
2023-05-22 21:00:00,205815.362
2023-05-22 22:00:00,208439.657
2023-05-22 23:00:00,206836.388
2023-05-23 00:00:00,204612.289
2023-05-23 01:00:00,200995.344
2023-05-23 02:00:00,195152.466
2023-05-23 03:00:00,190184.424
2023-05-23 04:00:00,187453.348
2023-05-23 05:00:00,187375.922
2023-05-23 06:00:00,186124.129
2023-05-23 07:00:00,187187.488
2023-05-23 08:00:00,192673.565
2023-05-23 09:00:00,202247.714
2023-05-23 10:00:00,209418.95
2023-05-23 11:00:00,213126.456
2023-05-23 12:00:00,215500.277
2023-05-23 13:00:00,216537.142
2023-05-23 14:00:00,219710.447
2023-05-23 15:00:00,219147.066
2023-05-23 16:00:00,209816.137
2023-05-23 17:00:00,196316.292
2023-05-23 18:00:00,190889.821
2023-05-23 19:00:00,197564.166
2023-05-23 20:00:00,200262.238
2023-05-23 21:00:00,200649.026
2023-05-23 22:00:00,205788.646
2023-05-23 23:00:00,202378.025
2023-05-24 00:00:00,196960.394
2023-05-24 01:00:00,190425.009
2023-05-24 02:00:00,184054.593
2023-05-24 03:00:00,179931.158
2023-05-24 04:00:00,177758.925
2023-05-24 05:00:00,178205.192
2023-05-24 06:00:00,177320.87
2023-05-24 07:00:00,179142.886
2023-05-24 08:00:00,186241.546
2023-05-24 09:00:00,196515.749
2023-05-24 10:00:00,200265.424
2023-05-24 11:00:00,203527.653
2023-05-24 12:00:00,204226.509
2023-05-24 13:00:00,205813.134
2023-05-24 14:00:00,209465.403
2023-05-24 15:00:00,208804.119
2023-05-24 16:00:00,200591.437
2023-05-24 17:00:00,191365.509
2023-05-24 18:00:00,187098.329
2023-05-24 19:00:00,196143.024
2023-05-24 20:00:00,196551.751
2023-05-24 21:00:00,195172.728
2023-05-24 22:00:00,197060.411
2023-05-24 23:00:00,194744.751
2023-05-25 00:00:00,188807.573
2023-05-25 01:00:00,183483.343
2023-05-25 02:00:00,178733.002
2023-05-25 03:00:00,174708.939
2023-05-25 04:00:00,173209.773
2023-05-25 05:00:00,174381.62
2023-05-25 06:00:00,173198.993
2023-05-25 07:00:00,174785.327
2023-05-25 08:00:00,179591.35
2023-05-25 09:00:00,190408.183
2023-05-25 10:00:00,197360.072
2023-05-25 11:00:00,201645.927
2023-05-25 12:00:00,201348.368
2023-05-25 13:00:00,198806.989
2023-05-25 14:00:00,201508.602
2023-05-25 15:00:00,201463.302
2023-05-25 16:00:00,193887.844
2023-05-25 17:00:00,183175.004
2023-05-25 18:00:00,179524.431
2023-05-25 19:00:00,186404.117
2023-05-25 20:00:00,185718.963
2023-05-25 21:00:00,183130.586
2023-05-25 22:00:00,185594.678
2023-05-25 23:00:00,183402.235
2023-05-26 00:00:00,177730.331
2023-05-26 01:00:00,171897.052
2023-05-26 02:00:00,166024.391
2023-05-26 03:00:00,162723.377
2023-05-26 04:00:00,161032.87
2023-05-26 05:00:00,163162.438
2023-05-26 06:00:00,165017.957
2023-05-26 07:00:00,167625.231
2023-05-26 08:00:00,171782.317
2023-05-26 09:00:00,180191.981
2023-05-26 10:00:00,184455.848
2023-05-26 11:00:00,187043.86
2023-05-26 12:00:00,188725.032
2023-05-26 13:00:00,187388.344
2023-05-26 14:00:00,193416.72
2023-05-26 15:00:00,195619.722
2023-05-26 16:00:00,190765.294
2023-05-26 17:00:00,181910.979
2023-05-26 18:00:00,177970.562
2023-05-26 19:00:00,187221.223
2023-05-26 20:00:00,188548.972
2023-05-26 21:00:00,189817.603
2023-05-26 22:00:00,193752.991
2023-05-26 23:00:00,192423.742
2023-05-27 00:00:00,187490.657
2023-05-27 01:00:00,181746.266
2023-05-27 02:00:00,176580.047
2023-05-27 03:00:00,172567.674
2023-05-27 04:00:00,170304.804
2023-05-27 05:00:00,169953.954
2023-05-27 06:00:00,168079.315
2023-05-27 07:00:00,166734.999
2023-05-27 08:00:00,167819.674
2023-05-27 09:00:00,174187.763
2023-05-27 10:00:00,179502.625
2023-05-27 11:00:00,182897.666
2023-05-27 12:00:00,184511.733
2023-05-27 13:00:00,184846.51
2023-05-27 14:00:00,188870.685
2023-05-27 15:00:00,191081.735
2023-05-27 16:00:00,188030.329
2023-05-27 17:00:00,181566.705
2023-05-27 18:00:00,178816.826
2023-05-27 19:00:00,187975.904
2023-05-27 20:00:00,190354.55
2023-05-27 21:00:00,191372.812
2023-05-27 22:00:00,193780.87
2023-05-27 23:00:00,192583.595
2023-05-28 00:00:00,188208.265
2023-05-28 01:00:00,183031.446
2023-05-28 02:00:00,178762.625
2023-05-28 03:00:00,174593.677
2023-05-28 04:00:00,172888.954
2023-05-28 05:00:00,172925.054
2023-05-28 06:00:00,169907.542
2023-05-28 07:00:00,170289.364
2023-05-28 08:00:00,172340.051
2023-05-28 09:00:00,177621.32
2023-05-28 10:00:00,181735.035
2023-05-28 11:00:00,185200.569
2023-05-28 12:00:00,184365.429
2023-05-28 13:00:00,183453.492
2023-05-28 14:00:00,185831.516
2023-05-28 15:00:00,183539.108
2023-05-28 16:00:00,176340.434
2023-05-28 17:00:00,167830.357
2023-05-28 18:00:00,166888.478
2023-05-28 19:00:00,177357.782
2023-05-28 20:00:00,179695.847
2023-05-28 21:00:00,181043.413
2023-05-28 22:00:00,183633.445
2023-05-28 23:00:00,183576.311
2023-05-29 00:00:00,178926.64
2023-05-29 01:00:00,173295.173
2023-05-29 02:00:00,168509.994
2023-05-29 03:00:00,164840.553
2023-05-29 04:00:00,163842.441
2023-05-29 05:00:00,164954.117
2023-05-29 06:00:00,164688.95
2023-05-29 07:00:00,167407.469
2023-05-29 08:00:00,174106.231
2023-05-29 09:00:00,184184.819
2023-05-29 10:00:00,192326.356
2023-05-29 11:00:00,197178.532
2023-05-29 12:00:00,198920.655
2023-05-29 13:00:00,198310.274
2023-05-29 14:00:00,200436.309
2023-05-29 15:00:00,196688.99
2023-05-29 16:00:00,190138.681
2023-05-29 17:00:00,182929.76
2023-05-29 18:00:00,179628.739
2023-05-29 19:00:00,187729.751
2023-05-29 20:00:00,188845.946
2023-05-29 21:00:00,189098.662
2023-05-29 22:00:00,191851.836
2023-05-29 23:00:00,190248.208
2023-05-30 00:00:00,186865.84
2023-05-30 01:00:00,182792.802
2023-05-30 02:00:00,179295.877
2023-05-30 03:00:00,174957.348
2023-05-30 04:00:00,173028.457
2023-05-30 05:00:00,172052.502
2023-05-30 06:00:00,170106.136
2023-05-30 07:00:00,171121.135
2023-05-30 08:00:00,176855.044
2023-05-30 09:00:00,185205.168
2023-05-30 10:00:00,190837.669
2023-05-30 11:00:00,193517.522
2023-05-30 12:00:00,191421.031
2023-05-30 13:00:00,191776.658
2023-05-30 14:00:00,194247.802
2023-05-30 15:00:00,194746.273
2023-05-30 16:00:00,189520.9
2023-05-30 17:00:00,181330.895
2023-05-30 18:00:00,177555.01
2023-05-30 19:00:00,184938.63
2023-05-30 20:00:00,187522.287
2023-05-30 21:00:00,189001.402
2023-05-30 22:00:00,191902.691
2023-05-30 23:00:00,190085.639
2023-05-31 00:00:00,186289.832
2023-05-31 01:00:00,181623.139
2023-05-31 02:00:00,176755.081
2023-05-31 03:00:00,173027.264
2023-05-31 04:00:00,171164.428
2023-05-31 05:00:00,170818.409
2023-05-31 06:00:00,170299.495
2023-05-31 07:00:00,171920.741
2023-05-31 08:00:00,176844.659
2023-05-31 09:00:00,184862.019
2023-05-31 10:00:00,191120.972
2023-05-31 11:00:00,196335.366
2023-05-31 12:00:00,197709.77
2023-05-31 13:00:00,194745.248
2023-05-31 14:00:00,199279.656
2023-05-31 15:00:00,187771.077
2023-05-31 16:00:00,192955.076
2023-05-31 17:00:00,185531.006
2023-05-31 18:00:00,182383.613
2023-05-31 19:00:00,191761.167
2023-05-31 20:00:00,192626.67
2023-05-31 21:00:00,192659.959
2023-05-31 22:00:00,194985.524
2023-05-31 23:00:00,194044.395
2023-06-01 00:00:00,188763.404
2023-06-01 01:00:00,183698.84
2023-06-01 02:00:00,179200.317
2023-06-01 03:00:00,175068.752
2023-06-01 04:00:00,173611.11
2023-06-01 05:00:00,172975.755
2023-06-01 06:00:00,171533.632
2023-06-01 07:00:00,173074.778
2023-06-01 08:00:00,177237.995
2023-06-01 09:00:00,185054.564
2023-06-01 10:00:00,192061.109
2023-06-01 11:00:00,195568.315
2023-06-01 12:00:00,195732.361
2023-06-01 13:00:00,193790.274
2023-06-01 14:00:00,197550.493
2023-06-01 15:00:00,198624.988
2023-06-01 16:00:00,194418.476
2023-06-01 17:00:00,187650.758
2023-06-01 18:00:00,184157.589
2023-06-01 19:00:00,193941.735
2023-06-01 20:00:00,195149.033
2023-06-01 21:00:00,195208.349
2023-06-01 22:00:00,197598.923
2023-06-01 23:00:00,195839.362
2023-06-02 00:00:00,190946.857
2023-06-02 01:00:00,186129.38
2023-06-02 02:00:00,181359.425
2023-06-02 03:00:00,177948.334
2023-06-02 04:00:00,176184.598
2023-06-02 05:00:00,176145.831
2023-06-02 06:00:00,176209.798
2023-06-02 07:00:00,177310.449
2023-06-02 08:00:00,181947.555
2023-06-02 09:00:00,190824.869
2023-06-02 10:00:00,196069.398
2023-06-02 11:00:00,199581.327
2023-06-02 12:00:00,201046.997
2023-06-02 13:00:00,199081.63
2023-06-02 14:00:00,204096.34
2023-06-02 15:00:00,205047.342
2023-06-02 16:00:00,200041.654
2023-06-02 17:00:00,192281.327
2023-06-02 18:00:00,187855.367
2023-06-02 19:00:00,196966.413
2023-06-02 20:00:00,198831.977
2023-06-02 21:00:00,199464.381
2023-06-02 22:00:00,201628.276
2023-06-02 23:00:00,199771.695
2023-06-03 00:00:00,195937.191
2023-06-03 01:00:00,192046.388
2023-06-03 02:00:00,187938.849
2023-06-03 03:00:00,184428.636
2023-06-03 04:00:00,182644.818
2023-06-03 05:00:00,181822.556
2023-06-03 06:00:00,181023.723
2023-06-03 07:00:00,181215.219
2023-06-03 08:00:00,185732.299
2023-06-03 09:00:00,195222.145
2023-06-03 10:00:00,201962.525
2023-06-03 11:00:00,206086.044
2023-06-03 12:00:00,207620.912
2023-06-03 13:00:00,206575.713
2023-06-03 14:00:00,210120.847
2023-06-03 15:00:00,209849.002
2023-06-03 16:00:00,203555.178
2023-06-03 17:00:00,194032.864
2023-06-03 18:00:00,188127.512
2023-06-03 19:00:00,197505.872
2023-06-03 20:00:00,199865.189
2023-06-03 21:00:00,199944.786
2023-06-03 22:00:00,203175.879
2023-06-03 23:00:00,201452.197
2023-06-04 00:00:00,196874.263
2023-06-04 01:00:00,192246.476
2023-06-04 02:00:00,188545.882
2023-06-04 03:00:00,184864.906
2023-06-04 04:00:00,181850.495
2023-06-04 05:00:00,179581.805
2023-06-04 06:00:00,175644.371
2023-06-04 07:00:00,173411.126
2023-06-04 08:00:00,174540.915
2023-06-04 09:00:00,178548.32
2023-06-04 10:00:00,181550.592
2023-06-04 11:00:00,184195.498
2023-06-04 12:00:00,184569.27
2023-06-04 13:00:00,183232.368
2023-06-04 14:00:00,183779.334
2023-06-04 15:00:00,182827.705
2023-06-04 16:00:00,175221.591
2023-06-04 17:00:00,165887.332
2023-06-04 18:00:00,163671.562
2023-06-04 19:00:00,176368.632
2023-06-04 20:00:00,182139.162
2023-06-04 21:00:00,186731.755
2023-06-04 22:00:00,192528.501
2023-06-04 23:00:00,193240.233
2023-06-05 00:00:00,189031.101
2023-06-05 01:00:00,185017.207
2023-06-05 02:00:00,181146.442
2023-06-05 03:00:00,177409.397
2023-06-05 04:00:00,175066.926
2023-06-05 05:00:00,174119.05
2023-06-05 06:00:00,172712.727
2023-06-05 07:00:00,175181.225
2023-06-05 08:00:00,181673.715
2023-06-05 09:00:00,193407.563
2023-06-05 10:00:00,201005.926
2023-06-05 11:00:00,205028.749
2023-06-05 12:00:00,207837.676
2023-06-05 13:00:00,207634.96
2023-06-05 14:00:00,211515.103
2023-06-05 15:00:00,212690.336
2023-06-05 16:00:00,205847.044
2023-06-05 17:00:00,194220.538
2023-06-05 18:00:00,188676.442
2023-06-05 19:00:00,198950.711
2023-06-05 20:00:00,200940.612
2023-06-05 21:00:00,201462.292
2023-06-05 22:00:00,205996.657
2023-06-05 23:00:00,204356.811
2023-06-06 00:00:00,198337.189
2023-06-06 01:00:00,192987.786
2023-06-06 02:00:00,188897.489
2023-06-06 03:00:00,185169.658
2023-06-06 04:00:00,183157.403
2023-06-06 05:00:00,181893.4
2023-06-06 06:00:00,181175.254
2023-06-06 07:00:00,183187.482
2023-06-06 08:00:00,188437.594
2023-06-06 09:00:00,198949.207
2023-06-06 10:00:00,205749.488
2023-06-06 11:00:00,210587.839
2023-06-06 12:00:00,211305.287
2023-06-06 13:00:00,211295.94
2023-06-06 14:00:00,215289.236
2023-06-06 15:00:00,214042.171
2023-06-06 16:00:00,205890.129
2023-06-06 17:00:00,195082.955
2023-06-06 18:00:00,189372.794
2023-06-06 19:00:00,199162.04
2023-06-06 20:00:00,202077.194
2023-06-06 21:00:00,204443.47
2023-06-06 22:00:00,209312.953
2023-06-06 23:00:00,206603.408
2023-06-07 00:00:00,202866.11
2023-06-07 01:00:00,197741.353
2023-06-07 02:00:00,193768.932
2023-06-07 03:00:00,190267.229
2023-06-07 04:00:00,188133.452
2023-06-07 05:00:00,186707.372
2023-06-07 06:00:00,184968.111
2023-06-07 07:00:00,187383.58
2023-06-07 08:00:00,192049.633
2023-06-07 09:00:00,201851.385
2023-06-07 10:00:00,204480.4
2023-06-07 11:00:00,209574.453
2023-06-07 12:00:00,210945.065
2023-06-07 13:00:00,211531.661
2023-06-07 14:00:00,216247.511
2023-06-07 15:00:00,216930.875
2023-06-07 16:00:00,210840.664
2023-06-07 17:00:00,200188.287
2023-06-07 18:00:00,193237.354
2023-06-07 19:00:00,200744.788
2023-06-07 20:00:00,203246.668
2023-06-07 21:00:00,204791.68
2023-06-07 22:00:00,209864.973
2023-06-07 23:00:00,209032.286
2023-06-08 00:00:00,205099.81
2023-06-08 01:00:00,200309.014
2023-06-08 02:00:00,196075.611
2023-06-08 03:00:00,192555.287
2023-06-08 04:00:00,189953.272
2023-06-08 05:00:00,188168.142
2023-06-08 06:00:00,186704.568
2023-06-08 07:00:00,188005.39
2023-06-08 08:00:00,194152.032
2023-06-08 09:00:00,204191.491
2023-06-08 10:00:00,210284.216
2023-06-08 11:00:00,213943.711
2023-06-08 12:00:00,215094.583
2023-06-08 13:00:00,215183.565
2023-06-08 14:00:00,220641.713
2023-06-08 15:00:00,220211.279
2023-06-08 16:00:00,211831.268
2023-06-08 17:00:00,200647.886
2023-06-08 18:00:00,194033.547
2023-06-08 19:00:00,202801.811
2023-06-08 20:00:00,206240.832
2023-06-08 21:00:00,207959.007
2023-06-08 22:00:00,213189.805
2023-06-08 23:00:00,211356.452
2023-06-09 00:00:00,207859.618
2023-06-09 01:00:00,203581.244
2023-06-09 02:00:00,198369.641
2023-06-09 03:00:00,195894.306
2023-06-09 04:00:00,192906.738
2023-06-09 05:00:00,190980.521
2023-06-09 06:00:00,189746.357
2023-06-09 07:00:00,189800.934
2023-06-09 08:00:00,193497.13
2023-06-09 09:00:00,204571.711
2023-06-09 10:00:00,212287.938
2023-06-09 11:00:00,216608.766
2023-06-09 12:00:00,217435.104
2023-06-09 13:00:00,217217.97
2023-06-09 14:00:00,221798.127
2023-06-09 15:00:00,220997.709
2023-06-09 16:00:00,211246.732
2023-06-09 17:00:00,199401.536
2023-06-09 18:00:00,192805.191
2023-06-09 19:00:00,202437.797
2023-06-09 20:00:00,205333.425
2023-06-09 21:00:00,208109.345
2023-06-09 22:00:00,212353.586
2023-06-09 23:00:00,211300.084
2023-06-10 00:00:00,207782.43
2023-06-10 01:00:00,203507.741
2023-06-10 02:00:00,199095.438
2023-06-10 03:00:00,194906.314
2023-06-10 04:00:00,192472.124
2023-06-10 05:00:00,191463.867
2023-06-10 06:00:00,189239.486
2023-06-10 07:00:00,189462.069
2023-06-10 08:00:00,193659.902
2023-06-10 09:00:00,202056.044
2023-06-10 10:00:00,207088.221
2023-06-10 11:00:00,210444.659
2023-06-10 12:00:00,211896.274
2023-06-10 13:00:00,212084.356
2023-06-10 14:00:00,217096.482
2023-06-10 15:00:00,216300.875
2023-06-10 16:00:00,206252.939
2023-06-10 17:00:00,194840.602
2023-06-10 18:00:00,188489.465
2023-06-10 19:00:00,196560.006
2023-06-10 20:00:00,200128.282
2023-06-10 21:00:00,201093.399
2023-06-10 22:00:00,205661.496
2023-06-10 23:00:00,205324.166
2023-06-11 00:00:00,202122.79
2023-06-11 01:00:00,197396.2
2023-06-11 02:00:00,192667.412
2023-06-11 03:00:00,188268.812
2023-06-11 04:00:00,185704.734
2023-06-11 05:00:00,183380.764
2023-06-11 06:00:00,180211.261
2023-06-11 07:00:00,181282.894
2023-06-11 08:00:00,185099.43
2023-06-11 09:00:00,188397.827
2023-06-11 10:00:00,192236.217
2023-06-11 11:00:00,195771.915
2023-06-11 12:00:00,196992.139
2023-06-11 13:00:00,197227.421
2023-06-11 14:00:00,200569.266
2023-06-11 15:00:00,200292.563
2023-06-11 16:00:00,192988.309
2023-06-11 17:00:00,183909.4
2023-06-11 18:00:00,177359.933
2023-06-11 19:00:00,187528.175
2023-06-11 20:00:00,194063.708
2023-06-11 21:00:00,199048.613
2023-06-11 22:00:00,204923.029
2023-06-11 23:00:00,204605.437
2023-06-12 00:00:00,201635.047
2023-06-12 01:00:00,196622.972
2023-06-12 02:00:00,191796.224
2023-06-12 03:00:00,187960.306
2023-06-12 04:00:00,186434.763
2023-06-12 05:00:00,185119.637
2023-06-12 06:00:00,185231.083
2023-06-12 07:00:00,188833.41
2023-06-12 08:00:00,193656.946
2023-06-12 09:00:00,203694.71
2023-06-12 10:00:00,210330.35
2023-06-12 11:00:00,214289.805
2023-06-12 12:00:00,213599.104
2023-06-12 13:00:00,212366.271
2023-06-12 14:00:00,216466.204
2023-06-12 15:00:00,216527.741
2023-06-12 16:00:00,210390.906
2023-06-12 17:00:00,200737.001
2023-06-12 18:00:00,193677.309
2023-06-12 19:00:00,200564.708
2023-06-12 20:00:00,205003.401
2023-06-12 21:00:00,208650.079
2023-06-12 22:00:00,212145.71
2023-06-12 23:00:00,211179.906
2023-06-13 00:00:00,208244.421
2023-06-13 01:00:00,204334.201
2023-06-13 02:00:00,199688.139
2023-06-13 03:00:00,195888.806
2023-06-13 04:00:00,193944.608
2023-06-13 05:00:00,192768.458
2023-06-13 06:00:00,191355.011
2023-06-13 07:00:00,192809.64
2023-06-13 08:00:00,197401.205
2023-06-13 09:00:00,205488.665
2023-06-13 10:00:00,210983.022
2023-06-13 11:00:00,210848.356
2023-06-13 12:00:00,210016.494
2023-06-13 13:00:00,208478.703
2023-06-13 14:00:00,213017.06
2023-06-13 15:00:00,214517.813
2023-06-13 16:00:00,207787.747
2023-06-13 17:00:00,200745.699
2023-06-13 18:00:00,194014.13
2023-06-13 19:00:00,200524.614
2023-06-13 20:00:00,204282.718
2023-06-13 21:00:00,206581.234
2023-06-13 22:00:00,211992.699
2023-06-13 23:00:00,212342.309
2023-06-14 00:00:00,209179.767
2023-06-14 01:00:00,204254.689
2023-06-14 02:00:00,199379.966
2023-06-14 03:00:00,195502.035
2023-06-14 04:00:00,193488.835
2023-06-14 05:00:00,192509.919
2023-06-14 06:00:00,191285.556
2023-06-14 07:00:00,192417.171
2023-06-14 08:00:00,194681.6
2023-06-14 09:00:00,201042.759
2023-06-14 10:00:00,204881.141
2023-06-14 11:00:00,205359.994
2023-06-14 12:00:00,205070.948
2023-06-14 13:00:00,205328.541
2023-06-14 14:00:00,210885.355
2023-06-14 15:00:00,213567.7
2023-06-14 16:00:00,208610.844
2023-06-14 17:00:00,198102.72
2023-06-14 18:00:00,191575.371
2023-06-14 19:00:00,198613.272
2023-06-14 20:00:00,203393.51
2023-06-14 21:00:00,206252.261
2023-06-14 22:00:00,210857.221
2023-06-14 23:00:00,210907.93
2023-06-15 00:00:00,207172.799
2023-06-15 01:00:00,202833.299
2023-06-15 02:00:00,198290.877
2023-06-15 03:00:00,193326.934
2023-06-15 04:00:00,191206.627
2023-06-15 05:00:00,190721.448
2023-06-15 06:00:00,189670.933
2023-06-15 07:00:00,191451.279
2023-06-15 08:00:00,193485.975
2023-06-15 09:00:00,198114.92
2023-06-15 10:00:00,201238.132
2023-06-15 11:00:00,202561.669
2023-06-15 12:00:00,201909.986
2023-06-15 13:00:00,201945.217
2023-06-15 14:00:00,206752.916
2023-06-15 15:00:00,209818.166
2023-06-15 16:00:00,205272.287
2023-06-15 17:00:00,197140.582
2023-06-15 18:00:00,189605.289
2023-06-15 19:00:00,198546.317
2023-06-15 20:00:00,203044.41
2023-06-15 21:00:00,206091.129
2023-06-15 22:00:00,209659.106
2023-06-15 23:00:00,207324.173
2023-06-16 00:00:00,204423.446
2023-06-16 01:00:00,201894.315
2023-06-16 02:00:00,198670.524
2023-06-16 03:00:00,195447.126
2023-06-16 04:00:00,194442.576
2023-06-16 05:00:00,193172.937
2023-06-16 06:00:00,191952.222
2023-06-16 07:00:00,193715.171
2023-06-16 08:00:00,196102.353
2023-06-16 09:00:00,202642.57
2023-06-16 10:00:00,207418.626
2023-06-16 11:00:00,207940.631
2023-06-16 12:00:00,206716.939
2023-06-16 13:00:00,205625.663
2023-06-16 14:00:00,210725.417
2023-06-16 15:00:00,210184.553
2023-06-16 16:00:00,205238.49
2023-06-16 17:00:00,195757.629
2023-06-16 18:00:00,189207.715
2023-06-16 19:00:00,199958.84
2023-06-16 20:00:00,203940.551
2023-06-16 21:00:00,206797.096
2023-06-16 22:00:00,210064.807
2023-06-16 23:00:00,208131.157
2023-06-17 00:00:00,204232.135
2023-06-17 01:00:00,201106.912
2023-06-17 02:00:00,198196.599
2023-06-17 03:00:00,194430.542
2023-06-17 04:00:00,193639.916
2023-06-17 05:00:00,193135.995
2023-06-17 06:00:00,190678.289
2023-06-17 07:00:00,190596.847
2023-06-17 08:00:00,192745.758
2023-06-17 09:00:00,199650.562
2023-06-17 10:00:00,204632.488
2023-06-17 11:00:00,207508.111
2023-06-17 12:00:00,209129.97
2023-06-17 13:00:00,208725.3
2023-06-17 14:00:00,210541.898
2023-06-17 15:00:00,209628.227
2023-06-17 16:00:00,205586.255
2023-06-17 17:00:00,196299.046
2023-06-17 18:00:00,190822.828
2023-06-17 19:00:00,199399.952
2023-06-17 20:00:00,202853.844
2023-06-17 21:00:00,205115.572
2023-06-17 22:00:00,208508.038
2023-06-17 23:00:00,206754.511
2023-06-18 00:00:00,202156.815
2023-06-18 01:00:00,198760.61
2023-06-18 02:00:00,195020.589
2023-06-18 03:00:00,190868.636
2023-06-18 04:00:00,188893.058
2023-06-18 05:00:00,187717.154
2023-06-18 06:00:00,184119.704
2023-06-18 07:00:00,182375.09
2023-06-18 08:00:00,183613.601
2023-06-18 09:00:00,188031.879
2023-06-18 10:00:00,193048.235
2023-06-18 11:00:00,197223.542
2023-06-18 12:00:00,198527.597
2023-06-18 13:00:00,198220.138
2023-06-18 14:00:00,199269.425
2023-06-18 15:00:00,199106.196
2023-06-18 16:00:00,190508.148
2023-06-18 17:00:00,178980.981
2023-06-18 18:00:00,173544.139
2023-06-18 19:00:00,185710.493
2023-06-18 20:00:00,191808.918
2023-06-18 21:00:00,195594.236
2023-06-18 22:00:00,200217.093
2023-06-18 23:00:00,198975.138
2023-06-19 00:00:00,193360.344
2023-06-19 01:00:00,189556.453
2023-06-19 02:00:00,185842.767
2023-06-19 03:00:00,181881.285
2023-06-19 04:00:00,179675.988
2023-06-19 05:00:00,179328.306
2023-06-19 06:00:00,181057.381
2023-06-19 07:00:00,184085.719
2023-06-19 08:00:00,188879.323
2023-06-19 09:00:00,196794.141
2023-06-19 10:00:00,204402.39
2023-06-19 11:00:00,209058.038
2023-06-19 12:00:00,210810.37
2023-06-19 13:00:00,209226.649
2023-06-19 14:00:00,212048.542
2023-06-19 15:00:00,210717.557
2023-06-19 16:00:00,203168.027
2023-06-19 17:00:00,193627.963
2023-06-19 18:00:00,189126.492
2023-06-19 19:00:00,199517.195
2023-06-19 20:00:00,201667.141
2023-06-19 21:00:00,202534.383
2023-06-19 22:00:00,206424.892
2023-06-19 23:00:00,204724.492
2023-06-20 00:00:00,199776.988
2023-06-20 01:00:00,195081.825
2023-06-20 02:00:00,190311.995
2023-06-20 03:00:00,187305.261
2023-06-20 04:00:00,185659.435
2023-06-20 05:00:00,185328.998
2023-06-20 06:00:00,185534.38
2023-06-20 07:00:00,186908.321
2023-06-20 08:00:00,191713.724
2023-06-20 09:00:00,200852.59
2023-06-20 10:00:00,206377.579
2023-06-20 11:00:00,210194.414
2023-06-20 12:00:00,212607.823
2023-06-20 13:00:00,210414.457
2023-06-20 14:00:00,212957.783
2023-06-20 15:00:00,212165.113
2023-06-20 16:00:00,204947.21
2023-06-20 17:00:00,194460.528
2023-06-20 18:00:00,189287.683
2023-06-20 19:00:00,198494.458
2023-06-20 20:00:00,202039.464
2023-06-20 21:00:00,204979.018
2023-06-20 22:00:00,208154.689
2023-06-20 23:00:00,206862.413
2023-06-21 00:00:00,203207.158
2023-06-21 01:00:00,198637.461
2023-06-21 02:00:00,194143.712
2023-06-21 03:00:00,190110.884
2023-06-21 04:00:00,188247.492
2023-06-21 05:00:00,188581.94
2023-06-21 06:00:00,188694.128
2023-06-21 07:00:00,190244.314
2023-06-21 08:00:00,193823.836
2023-06-21 09:00:00,201304.013
2023-06-21 10:00:00,207562.696
2023-06-21 11:00:00,211121.428
2023-06-21 12:00:00,213117.401
2023-06-21 13:00:00,212819.662
2023-06-21 14:00:00,215488.914
2023-06-21 15:00:00,215524.038
2023-06-21 16:00:00,207108.735
2023-06-21 17:00:00,198140.819
2023-06-21 18:00:00,192997.726
2023-06-21 19:00:00,201608.796
2023-06-21 20:00:00,204821.082
2023-06-21 21:00:00,206164.868
2023-06-21 22:00:00,209708.234
2023-06-21 23:00:00,207679.088
2023-06-22 00:00:00,203125.368
2023-06-22 01:00:00,198246.7
2023-06-22 02:00:00,193496.181
2023-06-22 03:00:00,189778.729
2023-06-22 04:00:00,188075.42
2023-06-22 05:00:00,188297.527
2023-06-22 06:00:00,189770.08
2023-06-22 07:00:00,190776.464
2023-06-22 08:00:00,193572.93
2023-06-22 09:00:00,201269.052
2023-06-22 10:00:00,208078.712
2023-06-22 11:00:00,212616.992
2023-06-22 12:00:00,212803.771
2023-06-22 13:00:00,211856.536
2023-06-22 14:00:00,214060.475
2023-06-22 15:00:00,213014.295
2023-06-22 16:00:00,207219.882
2023-06-22 17:00:00,201006.024
2023-06-22 18:00:00,197082.25
2023-06-22 19:00:00,206720.011
2023-06-22 20:00:00,210192.438
2023-06-22 21:00:00,211679.399
2023-06-22 22:00:00,214135.865
2023-06-22 23:00:00,211491.784
2023-06-23 00:00:00,207426.804
2023-06-23 01:00:00,202772.82
2023-06-23 02:00:00,197480.596
2023-06-23 03:00:00,193967.364
2023-06-23 04:00:00,191678.808
2023-06-23 05:00:00,190026.165
2023-06-23 06:00:00,186643.305
2023-06-23 07:00:00,185540.389
2023-06-23 08:00:00,196284.255
2023-06-23 09:00:00,203809.38
2023-06-23 10:00:00,209355.359
2023-06-23 11:00:00,212339.122
2023-06-23 12:00:00,214461.819
2023-06-23 13:00:00,212868.735
2023-06-23 14:00:00,214594.637
2023-06-23 15:00:00,214431.105
2023-06-23 16:00:00,208163.366
2023-06-23 17:00:00,201336.841
2023-06-23 18:00:00,197991.597
2023-06-23 19:00:00,207548.919
2023-06-23 20:00:00,209036.589
2023-06-23 21:00:00,210036.09
2023-06-23 22:00:00,212092.937
2023-06-23 23:00:00,210082.774
2023-06-24 00:00:00,205050.879
2023-06-24 01:00:00,200123.466
2023-06-24 02:00:00,195776.806
2023-06-24 03:00:00,192490.146
2023-06-24 04:00:00,191083.04
2023-06-24 05:00:00,190693.137
2023-06-24 06:00:00,190740.513
2023-06-24 07:00:00,191337.546
2023-06-24 08:00:00,194284.079
2023-06-24 09:00:00,200410.726
2023-06-24 10:00:00,205907.224
2023-06-24 11:00:00,208649.54
2023-06-24 12:00:00,208313.334
2023-06-24 13:00:00,205648.18
2023-06-24 14:00:00,207043.006
2023-06-24 15:00:00,205584.408
2023-06-24 16:00:00,198483.345
2023-06-24 17:00:00,192136.209
2023-06-24 18:00:00,189974.074
2023-06-24 19:00:00,199060.352
2023-06-24 20:00:00,200005.845
2023-06-24 21:00:00,200202.709
2023-06-24 22:00:00,202500.87
2023-06-24 23:00:00,200885.123
2023-06-25 00:00:00,196168.161
2023-06-25 01:00:00,190751.025
2023-06-25 02:00:00,184851.988
2023-06-25 03:00:00,178339.832
2023-06-25 04:00:00,174871.536
2023-06-25 05:00:00,172378.131
2023-06-25 06:00:00,171275.39
2023-06-25 07:00:00,171763.36
2023-06-25 08:00:00,173566.101
2023-06-25 09:00:00,177743.268
2023-06-25 10:00:00,180159.654
2023-06-25 11:00:00,182389.223
2023-06-25 12:00:00,182269.717
2023-06-25 13:00:00,180254.608
2023-06-25 14:00:00,179679.866
2023-06-25 15:00:00,177491.738
2023-06-25 16:00:00,172726.478
2023-06-25 17:00:00,167775.003
2023-06-25 18:00:00,167676.183
2023-06-25 19:00:00,179596.824
2023-06-25 20:00:00,183317.992
2023-06-25 21:00:00,184295.024
2023-06-25 22:00:00,185445.121
2023-06-25 23:00:00,182436.492
2023-06-26 00:00:00,177132.236
2023-06-26 01:00:00,172186.234
2023-06-26 02:00:00,168064.038
2023-06-26 03:00:00,164571.528
2023-06-26 04:00:00,163175.96
2023-06-26 05:00:00,163632.306
2023-06-26 06:00:00,167897.042
2023-06-26 07:00:00,172824.466
2023-06-26 08:00:00,177035.305
2023-06-26 09:00:00,183754.399
2023-06-26 10:00:00,188222.795
2023-06-26 11:00:00,189854.687
2023-06-26 12:00:00,188224.818
2023-06-26 13:00:00,184779.777
2023-06-26 14:00:00,185796.902
2023-06-26 15:00:00,185687.422
2023-06-26 16:00:00,182731.145
2023-06-26 17:00:00,179805.623
2023-06-26 18:00:00,179745.628
2023-06-26 19:00:00,189613.847
2023-06-26 20:00:00,192073.586
2023-06-26 21:00:00,192260.418
2023-06-26 22:00:00,192612.874
2023-06-26 23:00:00,188819.683
2023-06-27 00:00:00,182762.74
2023-06-27 01:00:00,177548.499
2023-06-27 02:00:00,173123.229
2023-06-27 03:00:00,169314.063
2023-06-27 04:00:00,168158.68
2023-06-27 05:00:00,169073.671
2023-06-27 06:00:00,173021.975
2023-06-27 07:00:00,176685.843
2023-06-27 08:00:00,180558.913
2023-06-27 09:00:00,188544.822
2023-06-27 10:00:00,192673.93
2023-06-27 11:00:00,193991.352
2023-06-27 12:00:00,192648.105
2023-06-27 13:00:00,188395.757
2023-06-27 14:00:00,189513.38
2023-06-27 15:00:00,188253.899
2023-06-27 16:00:00,184025.432
2023-06-27 17:00:00,180709.689
2023-06-27 18:00:00,180050.759
2023-06-27 19:00:00,189073.673
2023-06-27 20:00:00,190576.286
2023-06-27 21:00:00,191271.334
2023-06-27 22:00:00,191843.705
2023-06-27 23:00:00,187714.461
2023-06-28 00:00:00,181982.632
2023-06-28 01:00:00,177159.848
2023-06-28 02:00:00,172599.742
2023-06-28 03:00:00,169642.282
2023-06-28 04:00:00,168294.892
2023-06-28 05:00:00,168989.064
2023-06-28 06:00:00,173445.098
2023-06-28 07:00:00,176723.613
2023-06-28 08:00:00,179793.763
2023-06-28 09:00:00,186589.045
2023-06-28 10:00:00,190006.349
2023-06-28 11:00:00,191345.943
2023-06-28 12:00:00,191273.04
2023-06-28 13:00:00,188706.567
2023-06-28 14:00:00,190038.475
2023-06-28 15:00:00,190778.644
2023-06-28 16:00:00,185858.318
2023-06-28 17:00:00,179938.933
2023-06-28 18:00:00,179758.347
2023-06-28 19:00:00,189479.173
2023-06-28 20:00:00,191905.346
2023-06-28 21:00:00,192710.53
2023-06-28 22:00:00,193385.683
2023-06-28 23:00:00,190108.455
2023-06-29 00:00:00,184644.89
2023-06-29 01:00:00,178651.091
2023-06-29 02:00:00,173710.502
2023-06-29 03:00:00,170723.13
2023-06-29 04:00:00,169641.909
2023-06-29 05:00:00,172809.285
2023-06-29 06:00:00,176387.731
2023-06-29 07:00:00,177280.869
2023-06-29 08:00:00,180073.238
2023-06-29 09:00:00,186642.664
2023-06-29 10:00:00,189293.726
2023-06-29 11:00:00,189582.552
2023-06-29 12:00:00,187505.881
2023-06-29 13:00:00,182949.671
2023-06-29 14:00:00,183176.224
2023-06-29 15:00:00,182494.87
2023-06-29 16:00:00,180246.596
2023-06-29 17:00:00,177403.863
2023-06-29 18:00:00,177050.295
2023-06-29 19:00:00,186295.871
2023-06-29 20:00:00,189309.772
2023-06-29 21:00:00,188983.43
2023-06-29 22:00:00,189340.943
2023-06-29 23:00:00,185016.747
2023-06-30 00:00:00,178604.192
2023-06-30 01:00:00,172496.87
2023-06-30 02:00:00,167739.84
2023-06-30 03:00:00,163494.607
2023-06-30 04:00:00,161676.081
2023-06-30 05:00:00,164304.025
2023-06-30 06:00:00,169124.446
2023-06-30 07:00:00,173519.286
2023-06-30 08:00:00,176756.238
2023-06-30 09:00:00,183302.416
2023-06-30 10:00:00,186857.251
2023-06-30 11:00:00,188851.725
2023-06-30 12:00:00,188547.79
2023-06-30 13:00:00,186375.921
2023-06-30 14:00:00,188360.815
2023-06-30 15:00:00,189143.433
2023-06-30 16:00:00,185535.779
2023-06-30 17:00:00,180998.262
2023-06-30 18:00:00,178659.362
2023-06-30 19:00:00,187600.012
2023-06-30 20:00:00,190839.232
2023-06-30 21:00:00,191582.936
2023-06-30 22:00:00,192193.698
2023-06-30 23:00:00,188457.53
2023-07-01 00:00:00,183414.95
2023-07-01 01:00:00,177539.318
2023-07-01 02:00:00,173247.121
2023-07-01 03:00:00,170046.562
2023-07-01 04:00:00,168526.869
2023-07-01 05:00:00,170628.782
2023-07-01 06:00:00,174592.31
2023-07-01 07:00:00,176906.654
2023-07-01 08:00:00,179330.035
2023-07-01 09:00:00,186416.902
2023-07-01 10:00:00,191042.711
2023-07-01 11:00:00,193707.211
2023-07-01 12:00:00,194667.096
2023-07-01 13:00:00,192035.051
2023-07-01 14:00:00,194174.354
2023-07-01 15:00:00,192629.064
2023-07-01 16:00:00,187378.018
2023-07-01 17:00:00,180594.441
2023-07-01 18:00:00,179074.245
2023-07-01 19:00:00,189916.763
2023-07-01 20:00:00,193976.082
2023-07-01 21:00:00,194721.544
2023-07-01 22:00:00,195169.581
2023-07-01 23:00:00,192309.057
2023-07-02 00:00:00,187474.785
2023-07-02 01:00:00,181782.392
2023-07-02 02:00:00,176945.215
2023-07-02 03:00:00,173232.366
2023-07-02 04:00:00,171641.984
2023-07-02 05:00:00,172355.382
2023-07-02 06:00:00,173483.682
2023-07-02 07:00:00,173393.061
2023-07-02 08:00:00,174315.436
2023-07-02 09:00:00,178879.179
2023-07-02 10:00:00,183754.051
2023-07-02 11:00:00,187067.707
2023-07-02 12:00:00,187721.829
2023-07-02 13:00:00,187137.552
2023-07-02 14:00:00,188424.306
2023-07-02 15:00:00,186586.871
2023-07-02 16:00:00,179363.586
2023-07-02 17:00:00,172965.751
2023-07-02 18:00:00,172114.248
2023-07-02 19:00:00,183288.88
2023-07-02 20:00:00,189471.854
2023-07-02 21:00:00,191813.813
2023-07-02 22:00:00,194042.39
2023-07-02 23:00:00,191895.095
2023-07-03 00:00:00,187463.315
2023-07-03 01:00:00,182804.151
2023-07-03 02:00:00,178310.956
2023-07-03 03:00:00,174813.258
2023-07-03 04:00:00,174394.744
2023-07-03 05:00:00,176763.776
2023-07-03 06:00:00,181618.781
2023-07-03 07:00:00,185156.242
2023-07-03 08:00:00,188650.99
2023-07-03 09:00:00,195854.038
2023-07-03 10:00:00,200848.689
2023-07-03 11:00:00,203680.414
2023-07-03 12:00:00,204707.932
2023-07-03 13:00:00,203418.451
2023-07-03 14:00:00,206204.467
2023-07-03 15:00:00,205493.2
2023-07-03 16:00:00,199127.679
2023-07-03 17:00:00,192092.405
2023-07-03 18:00:00,190063.411
2023-07-03 19:00:00,196048.682
2023-07-03 20:00:00,197396.019
2023-07-03 21:00:00,198099.294
2023-07-03 22:00:00,199147.916
2023-07-03 23:00:00,197387.245
2023-07-04 00:00:00,194736.542
2023-07-04 01:00:00,191605.313
2023-07-04 02:00:00,188721.37
2023-07-04 03:00:00,186016.597
2023-07-04 04:00:00,185054.66
2023-07-04 05:00:00,185301.603
2023-07-04 06:00:00,188964.345
2023-07-04 07:00:00,191706.348
2023-07-04 08:00:00,193605.064
2023-07-04 09:00:00,199776.868
2023-07-04 10:00:00,204254.845
2023-07-04 11:00:00,204697.791
2023-07-04 12:00:00,205344.287
2023-07-04 13:00:00,202434.027
2023-07-04 14:00:00,203805.441
2023-07-04 15:00:00,200925.004
2023-07-04 16:00:00,194598.904
2023-07-04 17:00:00,188549.983
2023-07-04 18:00:00,187616.509
2023-07-04 19:00:00,197741.134
2023-07-04 20:00:00,201058.711
2023-07-04 21:00:00,201866.247
2023-07-04 22:00:00,202599.668
2023-07-04 23:00:00,199950.573
2023-07-05 00:00:00,194896.324
2023-07-05 01:00:00,189378.153
2023-07-05 02:00:00,184828.694
2023-07-05 03:00:00,181571.96
2023-07-05 04:00:00,180226.244
2023-07-05 05:00:00,180608.381
2023-07-05 06:00:00,183914.891
2023-07-05 07:00:00,185324.077
2023-07-05 08:00:00,187007.34
2023-07-05 09:00:00,192431.014
2023-07-05 10:00:00,195244.757
2023-07-05 11:00:00,195877.787
2023-07-05 12:00:00,195843.698
2023-07-05 13:00:00,193363.669
2023-07-05 14:00:00,195250.332
2023-07-05 15:00:00,194521.926
2023-07-05 16:00:00,191206.668
2023-07-05 17:00:00,185327.941
2023-07-05 18:00:00,184598.729
2023-07-05 19:00:00,194564.842
2023-07-05 20:00:00,196442.751
2023-07-05 21:00:00,196711.901
2023-07-05 22:00:00,197272.714
2023-07-05 23:00:00,193528.518
2023-07-06 00:00:00,186759.242
2023-07-06 01:00:00,181298.02
2023-07-06 02:00:00,176466.688
2023-07-06 03:00:00,172852.173
2023-07-06 04:00:00,171731.186
2023-07-06 05:00:00,172505.242
2023-07-06 06:00:00,176007.301
2023-07-06 07:00:00,177428.941
2023-07-06 08:00:00,180453.876
2023-07-06 09:00:00,186652.754
2023-07-06 10:00:00,190340.092
2023-07-06 11:00:00,191679.813
2023-07-06 12:00:00,190734.387
2023-07-06 13:00:00,186688.889
2023-07-06 14:00:00,186340.0
2023-07-06 15:00:00,183775.443
2023-07-06 16:00:00,180713.547
2023-07-06 17:00:00,177765.068
2023-07-06 18:00:00,179087.657
2023-07-06 19:00:00,189498.597
2023-07-06 20:00:00,191108.453
2023-07-06 21:00:00,191153.396
2023-07-06 22:00:00,191356.298
2023-07-06 23:00:00,187308.64
2023-07-07 00:00:00,180437.332
2023-07-07 01:00:00,175808.309
2023-07-07 02:00:00,172012.907
2023-07-07 03:00:00,169191.921
2023-07-07 04:00:00,168937.245
2023-07-07 05:00:00,170965.904
2023-07-07 06:00:00,175898.739
2023-07-07 07:00:00,178286.687
2023-07-07 08:00:00,181754.021
2023-07-07 09:00:00,187940.496
2023-07-07 10:00:00,191847.005
2023-07-07 11:00:00,192668.238
2023-07-07 12:00:00,192348.773
2023-07-07 13:00:00,188482.659
2023-07-07 14:00:00,189364.493
2023-07-07 15:00:00,190057.226
2023-07-07 16:00:00,185462.747
2023-07-07 17:00:00,180014.756
2023-07-07 18:00:00,179887.422
2023-07-07 19:00:00,190885.778
2023-07-07 20:00:00,192668.763
2023-07-07 21:00:00,192033.914
2023-07-07 22:00:00,192350.637
2023-07-07 23:00:00,188428.366
2023-07-08 00:00:00,182810.944
2023-07-08 01:00:00,177532.74
2023-07-08 02:00:00,173227.13
2023-07-08 03:00:00,169737.242
2023-07-08 04:00:00,168773.11
2023-07-08 05:00:00,168900.611
2023-07-08 06:00:00,171875.308
2023-07-08 07:00:00,172755.263
2023-07-08 08:00:00,175465.961
2023-07-08 09:00:00,180227.329
2023-07-08 10:00:00,182312.6
2023-07-08 11:00:00,182207.732
2023-07-08 12:00:00,181668.397
2023-07-08 13:00:00,179046.815
2023-07-08 14:00:00,179007.73
2023-07-08 15:00:00,177761.253
2023-07-08 16:00:00,173319.515
2023-07-08 17:00:00,169061.512
2023-07-08 18:00:00,170225.112
2023-07-08 19:00:00,181852.426
2023-07-08 20:00:00,183597.991
2023-07-08 21:00:00,182755.334
2023-07-08 22:00:00,182858.119
2023-07-08 23:00:00,180052.389
2023-07-09 00:00:00,174799.027
2023-07-09 01:00:00,170226.577
2023-07-09 02:00:00,166606.562
2023-07-09 03:00:00,163588.884
2023-07-09 04:00:00,162755.145
2023-07-09 05:00:00,162819.783
2023-07-09 06:00:00,164100.799
2023-07-09 07:00:00,165004.362
2023-07-09 08:00:00,166736.313
2023-07-09 09:00:00,170689.291
2023-07-09 10:00:00,173004.691
2023-07-09 11:00:00,173748.793
2023-07-09 12:00:00,173346.049
2023-07-09 13:00:00,170082.947
2023-07-09 14:00:00,169275.373
2023-07-09 15:00:00,167688.684
2023-07-09 16:00:00,165027.411
2023-07-09 17:00:00,160199.414
2023-07-09 18:00:00,160850.522
2023-07-09 19:00:00,173857.213
2023-07-09 20:00:00,178155.489
2023-07-09 21:00:00,178656.214
2023-07-09 22:00:00,179110.813
2023-07-09 23:00:00,177330.171
2023-07-10 00:00:00,172595.519
2023-07-10 01:00:00,167952.722
2023-07-10 02:00:00,164385.014
2023-07-10 03:00:00,162052.372
2023-07-10 04:00:00,161866.571
2023-07-10 05:00:00,163302.197
2023-07-10 06:00:00,170277.446
2023-07-10 07:00:00,175534.569
2023-07-10 08:00:00,179038.111
2023-07-10 09:00:00,185523.963
2023-07-10 10:00:00,189177.755
2023-07-10 11:00:00,190775.467
2023-07-10 12:00:00,190048.933
2023-07-10 13:00:00,186141.785
2023-07-10 14:00:00,188533.913
2023-07-10 15:00:00,189099.909
2023-07-10 16:00:00,185022.12
2023-07-10 17:00:00,178305.305
2023-07-10 18:00:00,177280.232
2023-07-10 19:00:00,186860.039
2023-07-10 20:00:00,188054.806
2023-07-10 21:00:00,187155.998
2023-07-10 22:00:00,186840.302
2023-07-10 23:00:00,184425.747
2023-07-11 00:00:00,178644.198
2023-07-11 01:00:00,173674.917
2023-07-11 02:00:00,169989.536
2023-07-11 03:00:00,167291.107
2023-07-11 04:00:00,167039.673
2023-07-11 05:00:00,169342.715
2023-07-11 06:00:00,174813.263
2023-07-11 07:00:00,178725.584
2023-07-11 08:00:00,180971.013
2023-07-11 09:00:00,187724.729
2023-07-11 10:00:00,190388.794
2023-07-11 11:00:00,191840.561
2023-07-11 12:00:00,190579.612
2023-07-11 13:00:00,187528.889
2023-07-11 14:00:00,190155.911
2023-07-11 15:00:00,189662.892
2023-07-11 16:00:00,185828.201
2023-07-11 17:00:00,182555.19
2023-07-11 18:00:00,182899.542
2023-07-11 19:00:00,191495.575
2023-07-11 20:00:00,192672.82
2023-07-11 21:00:00,192089.424
2023-07-11 22:00:00,192535.168
2023-07-11 23:00:00,189196.752
2023-07-12 00:00:00,183045.251
2023-07-12 01:00:00,178633.355
2023-07-12 02:00:00,174709.235
2023-07-12 03:00:00,171882.138
2023-07-12 04:00:00,171811.73
2023-07-12 05:00:00,174127.564
2023-07-12 06:00:00,179485.454
2023-07-12 07:00:00,183422.927
2023-07-12 08:00:00,187385.469
2023-07-12 09:00:00,193255.703
2023-07-12 10:00:00,196714.691
2023-07-12 11:00:00,198323.491
2023-07-12 12:00:00,198303.161
2023-07-12 13:00:00,196132.77
2023-07-12 14:00:00,197650.78
2023-07-12 15:00:00,198316.093
2023-07-12 16:00:00,193287.219
2023-07-12 17:00:00,189128.246
2023-07-12 18:00:00,188818.468
2023-07-12 19:00:00,196264.956
2023-07-12 20:00:00,197302.016
2023-07-12 21:00:00,197082.736
2023-07-12 22:00:00,196613.377
2023-07-12 23:00:00,192264.856
2023-07-13 00:00:00,187312.72
2023-07-13 01:00:00,182959.963
2023-07-13 02:00:00,179063.317
2023-07-13 03:00:00,176168.682
2023-07-13 04:00:00,175400.079
2023-07-13 05:00:00,176893.613
2023-07-13 06:00:00,182179.851
2023-07-13 07:00:00,185839.521
2023-07-13 08:00:00,188224.412
2023-07-13 09:00:00,194821.807
2023-07-13 10:00:00,199002.406
2023-07-13 11:00:00,201136.43
2023-07-13 12:00:00,200679.257
2023-07-13 13:00:00,197909.1
2023-07-13 14:00:00,201334.209
2023-07-13 15:00:00,201178.481
2023-07-13 16:00:00,196881.672
2023-07-13 17:00:00,191804.657
2023-07-13 18:00:00,191658.428
2023-07-13 19:00:00,200030.259
2023-07-13 20:00:00,200548.042
2023-07-13 21:00:00,200335.648
2023-07-13 22:00:00,200895.749
2023-07-13 23:00:00,196746.9
2023-07-14 00:00:00,190547.942
2023-07-14 01:00:00,185811.824
2023-07-14 02:00:00,182353.958
2023-07-14 03:00:00,179252.373
2023-07-14 04:00:00,178608.489
2023-07-14 05:00:00,180923.966
2023-07-14 06:00:00,186367.628
2023-07-14 07:00:00,188721.181
2023-07-14 08:00:00,190357.913
2023-07-14 09:00:00,198163.62
2023-07-14 10:00:00,203549.661
2023-07-14 11:00:00,205111.842
2023-07-14 12:00:00,204425.137
2023-07-14 13:00:00,200139.056
2023-07-14 14:00:00,201320.696
2023-07-14 15:00:00,201949.85
2023-07-14 16:00:00,197074.572
2023-07-14 17:00:00,191264.107
2023-07-14 18:00:00,191122.782
2023-07-14 19:00:00,200540.095
2023-07-14 20:00:00,201484.338
2023-07-14 21:00:00,201009.52
2023-07-14 22:00:00,200555.135
2023-07-14 23:00:00,196444.036
2023-07-15 00:00:00,190979.818
2023-07-15 01:00:00,186629.018
2023-07-15 02:00:00,182278.138
2023-07-15 03:00:00,178846.888
2023-07-15 04:00:00,177809.441
2023-07-15 05:00:00,179324.689
2023-07-15 06:00:00,184388.888
2023-07-15 07:00:00,186340.608
2023-07-15 08:00:00,190148.205
2023-07-15 09:00:00,197847.107
2023-07-15 10:00:00,201690.2
2023-07-15 11:00:00,202712.116
2023-07-15 12:00:00,201520.057
2023-07-15 13:00:00,198582.278
2023-07-15 14:00:00,200043.14
2023-07-15 15:00:00,198583.994
2023-07-15 16:00:00,194197.563
2023-07-15 17:00:00,188623.025
2023-07-15 18:00:00,188669.138
2023-07-15 19:00:00,197933.315
2023-07-15 20:00:00,198296.81
2023-07-15 21:00:00,198361.505
2023-07-15 22:00:00,198071.112
2023-07-15 23:00:00,194658.179
2023-07-16 00:00:00,188798.784
2023-07-16 01:00:00,184032.036
2023-07-16 02:00:00,179905.153
2023-07-16 03:00:00,176615.328
2023-07-16 04:00:00,174914.191
2023-07-16 05:00:00,175068.755
2023-07-16 06:00:00,176891.82
2023-07-16 07:00:00,178583.227
2023-07-16 08:00:00,180741.02
2023-07-16 09:00:00,185128.295
2023-07-16 10:00:00,187570.672
2023-07-16 11:00:00,189147.02
2023-07-16 12:00:00,188630.435
2023-07-16 13:00:00,187852.357
2023-07-16 14:00:00,188381.434
2023-07-16 15:00:00,186720.568
2023-07-16 16:00:00,179977.35
2023-07-16 17:00:00,174734.648
2023-07-16 18:00:00,175582.724
2023-07-16 19:00:00,188958.776
2023-07-16 20:00:00,193129.739
2023-07-16 21:00:00,194311.037
2023-07-16 22:00:00,194798.137
2023-07-16 23:00:00,190685.835
2023-07-17 00:00:00,185072.934
2023-07-17 01:00:00,180242.064
2023-07-17 02:00:00,176010.542
2023-07-17 03:00:00,173079.243
2023-07-17 04:00:00,172845.786
2023-07-17 05:00:00,175283.482
2023-07-17 06:00:00,181474.414
2023-07-17 07:00:00,185265.13
2023-07-17 08:00:00,189404.195
2023-07-17 09:00:00,197903.203
2023-07-17 10:00:00,202791.036
2023-07-17 11:00:00,204037.238
2023-07-17 12:00:00,202714.031
2023-07-17 13:00:00,200269.666
2023-07-17 14:00:00,201567.017
2023-07-17 15:00:00,201663.768
2023-07-17 16:00:00,196522.7
2023-07-17 17:00:00,191654.993
2023-07-17 18:00:00,193152.761
2023-07-17 19:00:00,202170.465
2023-07-17 20:00:00,203289.571
2023-07-17 21:00:00,203482.809
2023-07-17 22:00:00,202603.534
2023-07-17 23:00:00,197952.099
2023-07-18 00:00:00,192344.551
2023-07-18 01:00:00,187084.087
2023-07-18 02:00:00,183298.513
2023-07-18 03:00:00,180048.541
2023-07-18 04:00:00,179022.317
2023-07-18 05:00:00,180467.047
2023-07-18 06:00:00,185178.306
2023-07-18 07:00:00,187691.741
2023-07-18 08:00:00,190783.923
2023-07-18 09:00:00,197094.416
2023-07-18 10:00:00,200977.496
2023-07-18 11:00:00,201745.626
2023-07-18 12:00:00,200526.272
2023-07-18 13:00:00,197071.23
2023-07-18 14:00:00,198242.004
2023-07-18 15:00:00,197879.402
2023-07-18 16:00:00,193531.539
2023-07-18 17:00:00,189772.373
2023-07-18 18:00:00,191978.834
2023-07-18 19:00:00,201204.59
2023-07-18 20:00:00,201233.766
2023-07-18 21:00:00,200149.091
2023-07-18 22:00:00,199083.734
2023-07-18 23:00:00,194362.83
2023-07-19 00:00:00,188368.009
2023-07-19 01:00:00,183263.824
2023-07-19 02:00:00,178928.103
2023-07-19 03:00:00,176310.939
2023-07-19 04:00:00,175883.279
2023-07-19 05:00:00,177288.637
2023-07-19 06:00:00,182820.556
2023-07-19 07:00:00,185908.387
2023-07-19 08:00:00,188629.56
2023-07-19 09:00:00,195626.35
2023-07-19 10:00:00,199804.568
2023-07-19 11:00:00,200018.015
2023-07-19 12:00:00,198060.096
2023-07-19 13:00:00,195000.568
2023-07-19 14:00:00,196321.746
2023-07-19 15:00:00,196032.503
2023-07-19 16:00:00,192649.063
2023-07-19 17:00:00,188826.21
2023-07-19 18:00:00,188933.047
2023-07-19 19:00:00,199307.548
2023-07-19 20:00:00,200975.097
2023-07-19 21:00:00,199566.935
2023-07-19 22:00:00,199009.062
2023-07-19 23:00:00,194761.75
2023-07-20 00:00:00,190012.193
2023-07-20 01:00:00,185833.329
2023-07-20 02:00:00,181874.08
2023-07-20 03:00:00,179239.953
2023-07-20 04:00:00,178599.181
2023-07-20 05:00:00,180754.335
2023-07-20 06:00:00,185885.216
2023-07-20 07:00:00,188530.27
2023-07-20 08:00:00,190983.398
2023-07-20 09:00:00,197651.96
2023-07-20 10:00:00,201667.639
2023-07-20 11:00:00,202362.32
2023-07-20 12:00:00,201330.082
2023-07-20 13:00:00,199292.155
2023-07-20 14:00:00,201386.777
2023-07-20 15:00:00,201333.003
2023-07-20 16:00:00,198024.148
2023-07-20 17:00:00,193900.135
2023-07-20 18:00:00,194075.04
2023-07-20 19:00:00,203069.892
2023-07-20 20:00:00,204595.77
2023-07-20 21:00:00,203184.206
2023-07-20 22:00:00,202140.815
2023-07-20 23:00:00,199890.809
2023-07-21 00:00:00,195611.038
2023-07-21 01:00:00,191315.482
2023-07-21 02:00:00,187943.49
2023-07-21 03:00:00,185716.303
2023-07-21 04:00:00,184761.648
2023-07-21 05:00:00,185325.906
2023-07-21 06:00:00,189320.814
2023-07-21 07:00:00,192698.146
2023-07-21 08:00:00,196505.061
2023-07-21 09:00:00,203275.05
2023-07-21 10:00:00,207350.518
2023-07-21 11:00:00,208084.744
2023-07-21 12:00:00,206708.5
2023-07-21 13:00:00,203758.566
2023-07-21 14:00:00,204776.366
2023-07-21 15:00:00,201649.74
2023-07-21 16:00:00,184635.793
2023-07-21 17:00:00,178204.173
2023-07-21 18:00:00,192973.012
2023-07-21 19:00:00,202805.741
2023-07-21 20:00:00,202648.608
2023-07-21 21:00:00,201319.756
2023-07-21 22:00:00,201201.357
2023-07-21 23:00:00,198622.992
2023-07-22 00:00:00,193625.163
2023-07-22 01:00:00,189890.226
2023-07-22 02:00:00,186148.664
2023-07-22 03:00:00,182660.106
2023-07-22 04:00:00,181570.968
2023-07-22 05:00:00,180559.649
2023-07-22 06:00:00,184066.515
2023-07-22 07:00:00,186275.001
2023-07-22 08:00:00,189338.254
2023-07-22 09:00:00,195729.511
2023-07-22 10:00:00,198211.957
2023-07-22 11:00:00,197004.562
2023-07-22 12:00:00,195382.785
2023-07-22 13:00:00,192137.215
2023-07-22 14:00:00,193574.995
2023-07-22 15:00:00,192441.24
2023-07-22 16:00:00,187145.65
2023-07-22 17:00:00,184510.381
2023-07-22 18:00:00,186519.591
2023-07-22 19:00:00,196328.136
2023-07-22 20:00:00,197517.411
2023-07-22 21:00:00,197247.011
2023-07-22 22:00:00,196997.048
2023-07-22 23:00:00,193491.315
2023-07-23 00:00:00,188885.081
2023-07-23 01:00:00,184952.694
2023-07-23 02:00:00,181007.086
2023-07-23 03:00:00,178110.938
2023-07-23 04:00:00,177064.962
2023-07-23 05:00:00,176980.722
2023-07-23 06:00:00,177688.318
2023-07-23 07:00:00,177719.579
2023-07-23 08:00:00,179641.948
2023-07-23 09:00:00,183775.037
2023-07-23 10:00:00,187486.079
2023-07-23 11:00:00,190539.71
2023-07-23 12:00:00,191169.502
2023-07-23 13:00:00,189785.06
2023-07-23 14:00:00,189585.73
2023-07-23 15:00:00,187718.491
2023-07-23 16:00:00,181395.362
2023-07-23 17:00:00,177020.812
2023-07-23 18:00:00,180046.728
2023-07-23 19:00:00,192455.166
2023-07-23 20:00:00,196004.642
2023-07-23 21:00:00,196123.617
2023-07-23 22:00:00,195542.107
2023-07-23 23:00:00,192160.23
2023-07-24 00:00:00,187483.8
2023-07-24 01:00:00,184010.812
2023-07-24 02:00:00,180400.78
2023-07-24 03:00:00,177875.341
2023-07-24 04:00:00,177779.149
2023-07-24 05:00:00,180069.05
2023-07-24 06:00:00,185739.828
2023-07-24 07:00:00,188610.858
2023-07-24 08:00:00,192215.126
2023-07-24 09:00:00,198062.857
2023-07-24 10:00:00,200148.267
2023-07-24 11:00:00,203854.608
2023-07-24 12:00:00,203485.772
2023-07-24 13:00:00,201739.302
2023-07-24 14:00:00,204402.401
2023-07-24 15:00:00,203417.872
2023-07-24 16:00:00,198031.933
2023-07-24 17:00:00,194081.33
2023-07-24 18:00:00,194807.247
2023-07-24 19:00:00,202943.554
2023-07-24 20:00:00,203722.066
2023-07-24 21:00:00,202109.637
2023-07-24 22:00:00,200489.986
2023-07-24 23:00:00,196968.645
2023-07-25 00:00:00,192685.401
2023-07-25 01:00:00,188271.076
2023-07-25 02:00:00,184819.075
2023-07-25 03:00:00,181592.851
2023-07-25 04:00:00,180395.934
2023-07-25 05:00:00,181167.731
2023-07-25 06:00:00,185208.445
2023-07-25 07:00:00,186725.613
2023-07-25 08:00:00,188745.005
2023-07-25 09:00:00,195327.667
2023-07-25 10:00:00,198011.627
2023-07-25 11:00:00,198607.119
2023-07-25 12:00:00,197066.012
2023-07-25 13:00:00,194373.9
2023-07-25 14:00:00,197626.084
2023-07-25 15:00:00,197050.535
2023-07-25 16:00:00,193209.458
2023-07-25 17:00:00,189390.557
2023-07-25 18:00:00,191425.885
2023-07-25 19:00:00,200049.025
2023-07-25 20:00:00,201091.652
2023-07-25 21:00:00,199801.112
2023-07-25 22:00:00,197483.494
2023-07-25 23:00:00,193395.106
2023-07-26 00:00:00,187882.675
2023-07-26 01:00:00,183300.891
2023-07-26 02:00:00,178674.285
2023-07-26 03:00:00,175213.411
2023-07-26 04:00:00,173801.641
2023-07-26 05:00:00,174183.975
2023-07-26 06:00:00,177907.028
2023-07-26 07:00:00,181088.602
2023-07-26 08:00:00,183869.116
2023-07-26 09:00:00,188777.56
2023-07-26 10:00:00,191643.786
2023-07-26 11:00:00,192041.614
2023-07-26 12:00:00,191566.169
2023-07-26 13:00:00,186677.577
2023-07-26 14:00:00,189010.003
2023-07-26 15:00:00,189580.068
2023-07-26 16:00:00,187578.067
2023-07-26 17:00:00,186338.346
2023-07-26 18:00:00,189497.735
2023-07-26 19:00:00,198675.014
2023-07-26 20:00:00,198648.026
2023-07-26 21:00:00,196734.074
2023-07-26 22:00:00,193767.683
2023-07-26 23:00:00,190005.161
2023-07-27 00:00:00,183980.685
2023-07-27 01:00:00,179263.685
2023-07-27 02:00:00,175560.538
2023-07-27 03:00:00,172817.637
2023-07-27 04:00:00,171750.128
2023-07-27 05:00:00,172465.749
2023-07-27 06:00:00,176980.743
2023-07-27 07:00:00,179035.357
2023-07-27 08:00:00,182612.356
2023-07-27 09:00:00,188183.442
2023-07-27 10:00:00,191888.434
2023-07-27 11:00:00,192886.598
2023-07-27 12:00:00,192270.757
2023-07-27 13:00:00,189893.818
2023-07-27 14:00:00,192305.544
2023-07-27 15:00:00,192679.122
2023-07-27 16:00:00,188359.814
2023-07-27 17:00:00,185029.259
2023-07-27 18:00:00,189076.638
2023-07-27 19:00:00,199376.124
2023-07-27 20:00:00,199673.379
2023-07-27 21:00:00,197912.609
2023-07-27 22:00:00,196059.502
2023-07-27 23:00:00,191881.606
2023-07-28 00:00:00,185952.172
2023-07-28 01:00:00,181306.164
2023-07-28 02:00:00,177562.909
2023-07-28 03:00:00,174820.485
2023-07-28 04:00:00,173888.078
2023-07-28 05:00:00,174611.024
2023-07-28 06:00:00,179042.092
2023-07-28 07:00:00,181428.832
2023-07-28 08:00:00,183709.637
2023-07-28 09:00:00,189132.545
2023-07-28 10:00:00,192408.226
2023-07-28 11:00:00,192256.593
2023-07-28 12:00:00,190661.661
2023-07-28 13:00:00,186686.68
2023-07-28 14:00:00,188302.284
2023-07-28 15:00:00,188101.144
2023-07-28 16:00:00,185825.095
2023-07-28 17:00:00,183260.191
2023-07-28 18:00:00,186959.637
2023-07-28 19:00:00,196241.463
2023-07-28 20:00:00,195573.886
2023-07-28 21:00:00,194121.808
2023-07-28 22:00:00,192445.936
2023-07-28 23:00:00,187976.264
2023-07-29 00:00:00,182127.458
2023-07-29 01:00:00,177833.591
2023-07-29 02:00:00,174005.796
2023-07-29 03:00:00,170965.397
2023-07-29 04:00:00,169078.2
2023-07-29 05:00:00,169015.13
2023-07-29 06:00:00,172120.582
2023-07-29 07:00:00,175768.241
2023-07-29 08:00:00,180889.817
2023-07-29 09:00:00,188278.881
2023-07-29 10:00:00,190769.207
2023-07-29 11:00:00,190311.31
2023-07-29 12:00:00,188277.741
2023-07-29 13:00:00,185177.879
2023-07-29 14:00:00,185799.71
2023-07-29 15:00:00,183473.099
2023-07-29 16:00:00,179791.337
2023-07-29 17:00:00,176638.497
2023-07-29 18:00:00,177271.616
2023-07-29 19:00:00,189114.104
2023-07-29 20:00:00,191574.132
2023-07-29 21:00:00,191857.956
2023-07-29 22:00:00,191558.993
2023-07-29 23:00:00,188934.98
2023-07-30 00:00:00,184328.386
2023-07-30 01:00:00,180475.045
2023-07-30 02:00:00,176433.095
2023-07-30 03:00:00,173419.336
2023-07-30 04:00:00,172260.322
2023-07-30 05:00:00,172095.426
2023-07-30 06:00:00,174102.402
2023-07-30 07:00:00,175237.972
2023-07-30 08:00:00,177938.843
2023-07-30 09:00:00,182619.307
2023-07-30 10:00:00,185368.38
2023-07-30 11:00:00,186420.854
2023-07-30 12:00:00,185982.03
2023-07-30 13:00:00,184361.348
2023-07-30 14:00:00,184770.767
2023-07-30 15:00:00,183674.319
2023-07-30 16:00:00,177832.774
2023-07-30 17:00:00,173477.335
2023-07-30 18:00:00,177530.535
2023-07-30 19:00:00,190704.205
2023-07-30 20:00:00,194594.981
2023-07-30 21:00:00,194402.475
2023-07-30 22:00:00,194103.738
2023-07-30 23:00:00,191133.189
2023-07-31 00:00:00,186017.286
2023-07-31 01:00:00,181387.694
2023-07-31 02:00:00,177836.14
2023-07-31 03:00:00,175146.238
2023-07-31 04:00:00,174664.291
2023-07-31 05:00:00,176191.894
2023-07-31 06:00:00,181741.612
2023-07-31 07:00:00,186311.562
2023-07-31 08:00:00,191321.838
2023-07-31 09:00:00,200276.547
2023-07-31 10:00:00,205253.9
2023-07-31 11:00:00,205175.996
2023-07-31 12:00:00,204766.259
2023-07-31 13:00:00,201999.123
2023-07-31 14:00:00,204674.689
2023-07-31 15:00:00,203598.033
2023-07-31 16:00:00,196465.25
2023-07-31 17:00:00,189529.511
2023-07-31 18:00:00,191413.82
2023-07-31 19:00:00,202077.493
2023-07-31 20:00:00,202290.185
2023-07-31 21:00:00,202139.214
2023-07-31 22:00:00,201777.566
2023-07-31 23:00:00,198603.913
2023-08-01 00:00:00,193874.866
2023-08-01 01:00:00,189172.963
2023-08-01 02:00:00,184700.821
2023-08-01 03:00:00,181546.951
2023-08-01 04:00:00,180684.284
2023-08-01 05:00:00,182346.424
2023-08-01 06:00:00,187995.366
2023-08-01 07:00:00,191605.823
2023-08-01 08:00:00,192929.606
2023-08-01 09:00:00,199255.604
2023-08-01 10:00:00,202920.161
2023-08-01 11:00:00,203853.799
2023-08-01 12:00:00,202537.343
2023-08-01 13:00:00,200714.519
2023-08-01 14:00:00,203770.332
2023-08-01 15:00:00,203459.835
2023-08-01 16:00:00,198799.851
2023-08-01 17:00:00,194549.471
2023-08-01 18:00:00,195080.073
2023-08-01 19:00:00,204064.769
2023-08-01 20:00:00,204899.336
2023-08-01 21:00:00,203512.586
2023-08-01 22:00:00,202476.008
2023-08-01 23:00:00,198352.558
2023-08-02 00:00:00,192613.748
2023-08-02 01:00:00,188418.519
2023-08-02 02:00:00,183884.292
2023-08-02 03:00:00,180939.258
2023-08-02 04:00:00,179401.641
2023-08-02 05:00:00,180328.154
2023-08-02 06:00:00,184993.285
2023-08-02 07:00:00,188652.278
2023-08-02 08:00:00,190435.229
2023-08-02 09:00:00,195257.658
2023-08-02 10:00:00,197509.042
2023-08-02 11:00:00,197745.934
2023-08-02 12:00:00,197075.216
2023-08-02 13:00:00,195659.213
2023-08-02 14:00:00,198008.694
2023-08-02 15:00:00,197633.421
2023-08-02 16:00:00,193382.456
2023-08-02 17:00:00,189444.643
2023-08-02 18:00:00,191123.149
2023-08-02 19:00:00,200516.208
2023-08-02 20:00:00,200071.274
2023-08-02 21:00:00,199048.828
2023-08-02 22:00:00,197379.164
2023-08-02 23:00:00,192436.15
2023-08-03 00:00:00,187755.976
2023-08-03 01:00:00,183444.959
2023-08-03 02:00:00,179418.82
2023-08-03 03:00:00,176764.698
2023-08-03 04:00:00,175674.683
2023-08-03 05:00:00,177258.434
2023-08-03 06:00:00,183530.901
2023-08-03 07:00:00,186719.058
2023-08-03 08:00:00,189745.333
2023-08-03 09:00:00,196613.498
2023-08-03 10:00:00,198808.128
2023-08-03 11:00:00,200074.842
2023-08-03 12:00:00,199369.962
2023-08-03 13:00:00,198198.228
2023-08-03 14:00:00,201548.161
2023-08-03 15:00:00,199045.659
2023-08-03 16:00:00,197089.9
2023-08-03 17:00:00,192592.435
2023-08-03 18:00:00,193575.516
2023-08-03 19:00:00,203723.51
2023-08-03 20:00:00,204487.234
2023-08-03 21:00:00,203658.545
2023-08-03 22:00:00,202869.758
2023-08-03 23:00:00,198184.495
2023-08-04 00:00:00,192853.96
2023-08-04 01:00:00,186878.662
2023-08-04 02:00:00,183088.287
2023-08-04 03:00:00,179899.327
2023-08-04 04:00:00,179039.604
2023-08-04 05:00:00,181289.581
2023-08-04 06:00:00,187410.446
2023-08-04 07:00:00,191225.99
2023-08-04 08:00:00,193968.068
2023-08-04 09:00:00,201345.588
2023-08-04 10:00:00,204860.253
2023-08-04 11:00:00,204952.508
2023-08-04 12:00:00,203691.233
2023-08-04 13:00:00,200486.509
2023-08-04 14:00:00,201804.96
2023-08-04 15:00:00,201457.965
2023-08-04 16:00:00,197060.484
2023-08-04 17:00:00,192080.35
2023-08-04 18:00:00,193863.277
2023-08-04 19:00:00,204289.419
2023-08-04 20:00:00,203445.646
2023-08-04 21:00:00,202091.63
2023-08-04 22:00:00,201493.175
2023-08-04 23:00:00,197937.583
2023-08-05 00:00:00,194018.527
2023-08-05 01:00:00,189051.031
2023-08-05 02:00:00,185184.593
2023-08-05 03:00:00,182281.144
2023-08-05 04:00:00,181375.866
2023-08-05 05:00:00,182840.484
2023-08-05 06:00:00,187825.313
2023-08-05 07:00:00,189746.675
2023-08-05 08:00:00,193443.589
2023-08-05 09:00:00,200693.663
2023-08-05 10:00:00,204875.582
2023-08-05 11:00:00,205672.34
2023-08-05 12:00:00,199599.01
2023-08-05 13:00:00,201794.403
2023-08-05 14:00:00,203698.348
2023-08-05 15:00:00,203436.777
2023-08-05 16:00:00,198023.31
2023-08-05 17:00:00,192959.806
2023-08-05 18:00:00,194542.437
2023-08-05 19:00:00,205467.588
2023-08-05 20:00:00,205305.662
2023-08-05 21:00:00,203540.457
2023-08-05 22:00:00,203080.473
2023-08-05 23:00:00,199976.718
2023-08-06 00:00:00,196769.995
2023-08-06 01:00:00,192027.697
2023-08-06 02:00:00,187761.041
2023-08-06 03:00:00,184277.007
2023-08-06 04:00:00,183021.947
2023-08-06 05:00:00,183115.484
2023-08-06 06:00:00,184274.986
2023-08-06 07:00:00,185063.953
2023-08-06 08:00:00,187642.505
2023-08-06 09:00:00,193615.053
2023-08-06 10:00:00,195651.281
2023-08-06 11:00:00,197180.97
2023-08-06 12:00:00,196549.71
2023-08-06 13:00:00,194537.322
2023-08-06 14:00:00,195347.153
2023-08-06 15:00:00,194043.68
2023-08-06 16:00:00,188866.893
2023-08-06 17:00:00,182293.007
2023-08-06 18:00:00,181705.789
2023-08-06 19:00:00,193450.705
2023-08-06 20:00:00,196289.957
2023-08-06 21:00:00,196360.5
2023-08-06 22:00:00,196613.69
2023-08-06 23:00:00,192526.644
2023-08-07 00:00:00,187335.813
2023-08-07 01:00:00,183428.023
2023-08-07 02:00:00,178903.099
2023-08-07 03:00:00,175637.761
2023-08-07 04:00:00,175216.25
2023-08-07 05:00:00,178470.333
2023-08-07 06:00:00,184835.45
2023-08-07 07:00:00,190875.474
2023-08-07 08:00:00,194112.354
2023-08-07 09:00:00,202015.615
2023-08-07 10:00:00,207010.932
2023-08-07 11:00:00,208308.831
2023-08-07 12:00:00,207701.566
2023-08-07 13:00:00,205147.997
2023-08-07 14:00:00,207457.212
2023-08-07 15:00:00,206949.878
2023-08-07 16:00:00,202623.001
2023-08-07 17:00:00,197886.942
2023-08-07 18:00:00,199104.196
2023-08-07 19:00:00,207904.648
2023-08-07 20:00:00,207255.096
2023-08-07 21:00:00,206780.673
2023-08-07 22:00:00,205974.907
2023-08-07 23:00:00,201769.883
2023-08-08 00:00:00,196961.02
2023-08-08 01:00:00,192289.824
2023-08-08 02:00:00,188073.55
2023-08-08 03:00:00,184938.445
2023-08-08 04:00:00,184737.632
2023-08-08 05:00:00,188221.809
2023-08-08 06:00:00,193909.028
2023-08-08 07:00:00,197091.873
2023-08-08 08:00:00,200134.476
2023-08-08 09:00:00,207377.349
2023-08-08 10:00:00,212217.342
2023-08-08 11:00:00,212790.153
2023-08-08 12:00:00,212617.235
2023-08-08 13:00:00,209341.582
2023-08-08 14:00:00,213089.715
2023-08-08 15:00:00,213537.973
2023-08-08 16:00:00,207650.778
2023-08-08 17:00:00,203051.805
2023-08-08 18:00:00,202787.253
2023-08-08 19:00:00,207624.383
2023-08-08 20:00:00,206435.279
2023-08-08 21:00:00,205376.48
2023-08-08 22:00:00,203747.068
2023-08-08 23:00:00,201519.28
2023-08-09 00:00:00,198261.696
2023-08-09 01:00:00,193654.601
2023-08-09 02:00:00,189990.362
2023-08-09 03:00:00,186988.567
2023-08-09 04:00:00,186948.177
2023-08-09 05:00:00,190160.785
2023-08-09 06:00:00,195645.195
2023-08-09 07:00:00,197703.559
2023-08-09 08:00:00,201075.596
2023-08-09 09:00:00,210038.186
2023-08-09 10:00:00,214973.53
2023-08-09 11:00:00,217546.283
2023-08-09 12:00:00,218094.066
2023-08-09 13:00:00,216956.575
2023-08-09 14:00:00,219377.303
2023-08-09 15:00:00,217806.135
2023-08-09 16:00:00,211973.757
2023-08-09 17:00:00,206215.76
2023-08-09 18:00:00,202595.248
2023-08-09 19:00:00,206967.115
2023-08-09 20:00:00,205786.915
2023-08-09 21:00:00,205381.663
2023-08-09 22:00:00,204115.789
2023-08-09 23:00:00,203242.354
2023-08-10 00:00:00,200559.76
2023-08-10 01:00:00,196778.614
2023-08-10 02:00:00,193073.937
2023-08-10 03:00:00,190701.064
2023-08-10 04:00:00,190314.649
2023-08-10 05:00:00,192060.948
2023-08-10 06:00:00,196528.618
2023-08-10 07:00:00,199758.569
2023-08-10 08:00:00,204731.439
2023-08-10 09:00:00,213034.546
2023-08-10 10:00:00,219676.827
2023-08-10 11:00:00,222905.416
2023-08-10 12:00:00,223290.97
2023-08-10 13:00:00,220956.064
2023-08-10 14:00:00,223812.736
2023-08-10 15:00:00,221904.891
2023-08-10 16:00:00,215094.149
2023-08-10 17:00:00,207817.237
2023-08-10 18:00:00,205561.064
2023-08-10 19:00:00,209490.724
2023-08-10 20:00:00,208306.253
2023-08-10 21:00:00,207687.352
2023-08-10 22:00:00,206460.36
2023-08-10 23:00:00,204302.804
2023-08-11 00:00:00,200850.055
2023-08-11 01:00:00,198933.105
2023-08-11 02:00:00,196492.683
2023-08-11 03:00:00,194434.154
2023-08-11 04:00:00,194501.266
2023-08-11 05:00:00,195976.732
2023-08-11 06:00:00,199391.694
2023-08-11 07:00:00,203014.269
2023-08-11 08:00:00,208717.901
2023-08-11 09:00:00,217953.214
2023-08-11 10:00:00,224730.256
2023-08-11 11:00:00,227404.454
2023-08-11 12:00:00,224159.226
2023-08-11 13:00:00,226767.177
2023-08-11 14:00:00,227505.99
2023-08-11 15:00:00,224228.244
2023-08-11 16:00:00,216192.598
2023-08-11 17:00:00,209459.246
2023-08-11 18:00:00,207636.223
2023-08-11 19:00:00,210809.149
2023-08-11 20:00:00,209445.835
2023-08-11 21:00:00,209195.762
2023-08-11 22:00:00,209593.124
2023-08-11 23:00:00,207867.246
2023-08-12 00:00:00,203848.538
2023-08-12 01:00:00,203113.747
2023-08-12 02:00:00,199388.526
2023-08-12 03:00:00,197142.587
2023-08-12 04:00:00,195739.465
2023-08-12 05:00:00,197476.008
2023-08-12 06:00:00,200597.292
2023-08-12 07:00:00,202873.159
2023-08-12 08:00:00,207576.541
2023-08-12 09:00:00,214661.501
2023-08-12 10:00:00,219917.34
2023-08-12 11:00:00,222088.739
2023-08-12 12:00:00,223234.479
2023-08-12 13:00:00,222010.257
2023-08-12 14:00:00,224328.541
2023-08-12 15:00:00,222027.717
2023-08-12 16:00:00,215038.927
2023-08-12 17:00:00,207961.315
2023-08-12 18:00:00,208305.484
2023-08-12 19:00:00,215009.771
2023-08-12 20:00:00,213601.273
2023-08-12 21:00:00,212736.028
2023-08-12 22:00:00,213030.13
2023-08-12 23:00:00,210751.64
2023-08-13 00:00:00,208216.221
2023-08-13 01:00:00,203386.349
2023-08-13 02:00:00,199766.87
2023-08-13 03:00:00,197670.435
2023-08-13 04:00:00,197310.369
2023-08-13 05:00:00,198105.568
2023-08-13 06:00:00,198286.92
2023-08-13 07:00:00,198937.032
2023-08-13 08:00:00,201400.198
2023-08-13 09:00:00,208963.001
2023-08-13 10:00:00,214898.451
2023-08-13 11:00:00,217433.222
2023-08-13 12:00:00,218352.398
2023-08-13 13:00:00,217573.573
2023-08-13 14:00:00,217166.792
2023-08-13 15:00:00,213194.086
2023-08-13 16:00:00,204066.222
2023-08-13 17:00:00,195732.419
2023-08-13 18:00:00,197012.752
2023-08-13 19:00:00,208079.851
2023-08-13 20:00:00,209071.946
2023-08-13 21:00:00,209253.977
2023-08-13 22:00:00,209836.567
2023-08-13 23:00:00,206092.194
2023-08-14 00:00:00,201310.784
2023-08-14 01:00:00,197144.692
2023-08-14 02:00:00,194182.002
2023-08-14 03:00:00,192173.031
2023-08-14 04:00:00,192020.141
2023-08-14 05:00:00,193652.859
2023-08-14 06:00:00,196369.526
2023-08-14 07:00:00,200596.641
2023-08-14 08:00:00,206340.272
2023-08-14 09:00:00,216772.309
2023-08-14 10:00:00,223626.642
2023-08-14 11:00:00,226684.651
2023-08-14 12:00:00,226711.112
2023-08-14 13:00:00,223525.826
2023-08-14 14:00:00,224902.613
2023-08-14 15:00:00,222482.856
2023-08-14 16:00:00,214438.719
2023-08-14 17:00:00,206549.871
2023-08-14 18:00:00,204748.692
2023-08-14 19:00:00,210256.269
2023-08-14 20:00:00,208648.582
2023-08-14 21:00:00,208399.23
2023-08-14 22:00:00,208028.332
2023-08-14 23:00:00,205371.748
2023-08-15 00:00:00,202983.138
2023-08-15 01:00:00,198876.519
2023-08-15 02:00:00,195817.169
2023-08-15 03:00:00,193740.151
2023-08-15 04:00:00,193399.229
2023-08-15 05:00:00,196210.343
2023-08-15 06:00:00,197320.122
2023-08-15 07:00:00,196438.772
2023-08-15 08:00:00,198628.843
2023-08-15 09:00:00,205977.097
2023-08-15 10:00:00,210280.753
2023-08-15 11:00:00,212271.032
2023-08-15 12:00:00,213761.065
2023-08-15 13:00:00,212386.767
2023-08-15 14:00:00,212812.6
2023-08-15 15:00:00,210637.147
2023-08-15 16:00:00,202337.394
2023-08-15 17:00:00,192665.953
2023-08-15 18:00:00,190392.94
2023-08-15 19:00:00,200512.683
2023-08-15 20:00:00,202177.177
2023-08-15 21:00:00,202722.043
2023-08-15 22:00:00,203722.76
2023-08-15 23:00:00,201965.928
2023-08-16 00:00:00,198334.84
2023-08-16 01:00:00,194298.35
2023-08-16 02:00:00,191190.753
2023-08-16 03:00:00,188811.109
2023-08-16 04:00:00,188542.93
2023-08-16 05:00:00,191474.012
2023-08-16 06:00:00,196024.996
2023-08-16 07:00:00,200669.647
2023-08-16 08:00:00,207019.74
2023-08-16 09:00:00,219471.155
2023-08-16 10:00:00,227069.953
2023-08-16 11:00:00,230969.134
2023-08-16 12:00:00,231799.736
2023-08-16 13:00:00,229257.835
2023-08-16 14:00:00,230728.605
2023-08-16 15:00:00,227172.0
2023-08-16 16:00:00,220401.809
2023-08-16 17:00:00,212075.728
2023-08-16 18:00:00,209226.019
2023-08-16 19:00:00,212505.443
2023-08-16 20:00:00,210156.719
2023-08-16 21:00:00,209679.19
2023-08-16 22:00:00,210554.294
2023-08-16 23:00:00,209454.494
2023-08-17 00:00:00,206281.996
2023-08-17 01:00:00,204571.315
2023-08-17 02:00:00,202241.342
2023-08-17 03:00:00,200175.556
2023-08-17 04:00:00,199759.178
2023-08-17 05:00:00,200867.14
2023-08-17 06:00:00,204550.359
2023-08-17 07:00:00,208748.594
2023-08-17 08:00:00,214549.703
2023-08-17 09:00:00,223952.074
2023-08-17 10:00:00,229827.207
2023-08-17 11:00:00,232465.138
2023-08-17 12:00:00,232235.361
2023-08-17 13:00:00,229367.437
2023-08-17 14:00:00,232523.285
2023-08-17 15:00:00,229956.408
2023-08-17 16:00:00,222310.252
2023-08-17 17:00:00,215302.02
2023-08-17 18:00:00,213306.344
2023-08-17 19:00:00,212807.855
2023-08-17 20:00:00,208859.915
2023-08-17 21:00:00,210916.036
2023-08-17 22:00:00,211739.347
2023-08-17 23:00:00,209458.364
2023-08-18 00:00:00,207520.369
2023-08-18 01:00:00,205135.145
2023-08-18 02:00:00,202213.662
2023-08-18 03:00:00,198922.346
2023-08-18 04:00:00,198555.078
2023-08-18 05:00:00,200160.435
2023-08-18 06:00:00,203173.21
2023-08-18 07:00:00,207422.299
2023-08-18 08:00:00,213258.241
2023-08-18 09:00:00,222495.405
2023-08-18 10:00:00,228262.145
2023-08-18 11:00:00,230528.477
2023-08-18 12:00:00,230241.875
2023-08-18 13:00:00,227545.92
2023-08-18 14:00:00,228936.72
2023-08-18 15:00:00,226990.305
2023-08-18 16:00:00,220186.996
2023-08-18 17:00:00,210443.999
2023-08-18 18:00:00,207412.916
2023-08-18 19:00:00,212873.318
2023-08-18 20:00:00,210851.277
2023-08-18 21:00:00,210155.807
2023-08-18 22:00:00,209527.26
2023-08-18 23:00:00,207576.414
2023-08-19 00:00:00,205223.546
2023-08-19 01:00:00,203153.563
2023-08-19 02:00:00,200269.732
2023-08-19 03:00:00,196715.723
2023-08-19 04:00:00,195768.844
2023-08-19 05:00:00,195614.897
2023-08-19 06:00:00,197738.179
2023-08-19 07:00:00,201094.2
2023-08-19 08:00:00,206638.546
2023-08-19 09:00:00,214203.918
2023-08-19 10:00:00,218556.036
2023-08-19 11:00:00,219064.877
2023-08-19 12:00:00,220042.369
2023-08-19 13:00:00,217304.72
2023-08-19 14:00:00,217588.813
2023-08-19 15:00:00,217104.196
2023-08-19 16:00:00,210943.091
2023-08-19 17:00:00,205078.699
2023-08-19 18:00:00,203859.208
2023-08-19 19:00:00,208917.834
2023-08-19 20:00:00,206240.427
2023-08-19 21:00:00,204639.456
2023-08-19 22:00:00,204196.437
2023-08-19 23:00:00,202190.332
2023-08-20 00:00:00,201039.02
2023-08-20 01:00:00,198819.884
2023-08-20 02:00:00,195967.351
2023-08-20 03:00:00,193829.742
2023-08-20 04:00:00,193594.82
2023-08-20 05:00:00,192026.431
2023-08-20 06:00:00,190987.694
2023-08-20 07:00:00,195359.892
2023-08-20 08:00:00,199723.301
2023-08-20 09:00:00,206542.115
2023-08-20 10:00:00,210155.22
2023-08-20 11:00:00,213301.901
2023-08-20 12:00:00,214099.831
2023-08-20 13:00:00,211693.242
2023-08-20 14:00:00,212066.213
2023-08-20 15:00:00,209963.62
2023-08-20 16:00:00,203393.271
2023-08-20 17:00:00,195853.916
2023-08-20 18:00:00,193687.911
2023-08-20 19:00:00,202411.699
2023-08-20 20:00:00,202198.495
2023-08-20 21:00:00,201947.734
2023-08-20 22:00:00,202363.651
2023-08-20 23:00:00,200413.403
2023-08-21 00:00:00,196924.133
2023-08-21 01:00:00,195224.27
2023-08-21 02:00:00,192788.366
2023-08-21 03:00:00,191193.819
2023-08-21 04:00:00,191334.219
2023-08-21 05:00:00,191174.473
2023-08-21 06:00:00,194959.947
2023-08-21 07:00:00,201277.551
2023-08-21 08:00:00,208428.611
2023-08-21 09:00:00,218000.276
2023-08-21 10:00:00,222782.022
2023-08-21 11:00:00,225589.055
2023-08-21 12:00:00,224724.605
2023-08-21 13:00:00,223602.555
2023-08-21 14:00:00,225424.284
2023-08-21 15:00:00,222856.018
2023-08-21 16:00:00,216679.575
2023-08-21 17:00:00,208791.843
2023-08-21 18:00:00,204828.579
2023-08-21 19:00:00,207630.587
2023-08-21 20:00:00,206221.045
2023-08-21 21:00:00,206266.692
2023-08-21 22:00:00,206709.721
2023-08-21 23:00:00,205166.425
2023-08-22 00:00:00,202346.218
2023-08-22 01:00:00,200804.889
2023-08-22 02:00:00,198289.377
2023-08-22 03:00:00,196897.086
2023-08-22 04:00:00,196054.256
2023-08-22 05:00:00,196506.447
2023-08-22 06:00:00,199683.664
2023-08-22 07:00:00,204459.911
2023-08-22 08:00:00,212086.137
2023-08-22 09:00:00,220833.546
2023-08-22 10:00:00,227162.137
2023-08-22 11:00:00,229205.558
2023-08-22 12:00:00,227896.102
2023-08-22 13:00:00,225964.3
2023-08-22 14:00:00,226695.866
2023-08-22 15:00:00,223229.754
2023-08-22 16:00:00,216514.893
2023-08-22 17:00:00,209042.709
2023-08-22 18:00:00,206445.747
2023-08-22 19:00:00,209168.923
2023-08-22 20:00:00,206982.215
2023-08-22 21:00:00,206067.394
2023-08-22 22:00:00,206906.996
2023-08-22 23:00:00,204731.651
2023-08-23 00:00:00,200095.866
2023-08-23 01:00:00,196667.191
2023-08-23 02:00:00,193256.256
2023-08-23 03:00:00,189831.223
2023-08-23 04:00:00,188519.55
2023-08-23 05:00:00,190655.447
2023-08-23 06:00:00,195421.315
2023-08-23 07:00:00,198698.398
2023-08-23 08:00:00,202826.975
2023-08-23 09:00:00,211276.061
2023-08-23 10:00:00,215272.892
2023-08-23 11:00:00,215842.022
2023-08-23 12:00:00,214963.087
2023-08-23 13:00:00,211714.5
2023-08-23 14:00:00,211102.373
2023-08-23 15:00:00,213185.728
2023-08-23 16:00:00,208343.335
2023-08-23 17:00:00,202861.547
2023-08-23 18:00:00,203971.242
2023-08-23 19:00:00,210297.596
2023-08-23 20:00:00,206434.609
2023-08-23 21:00:00,205813.827
2023-08-23 22:00:00,205031.696
2023-08-23 23:00:00,202407.902
2023-08-24 00:00:00,198265.951
2023-08-24 01:00:00,193083.538
2023-08-24 02:00:00,189679.486
2023-08-24 03:00:00,187209.877
2023-08-24 04:00:00,186650.465
2023-08-24 05:00:00,189265.269
2023-08-24 06:00:00,194533.134
2023-08-24 07:00:00,198858.423
2023-08-24 08:00:00,203347.89
2023-08-24 09:00:00,211507.119
2023-08-24 10:00:00,215886.44
2023-08-24 11:00:00,217826.696
2023-08-24 12:00:00,217203.766
2023-08-24 13:00:00,215080.162
2023-08-24 14:00:00,217658.22
2023-08-24 15:00:00,216614.616
2023-08-24 16:00:00,211174.131
2023-08-24 17:00:00,202738.641
2023-08-24 18:00:00,203022.756
2023-08-24 19:00:00,211184.012
2023-08-24 20:00:00,208707.785
2023-08-24 21:00:00,205791.695
2023-08-24 22:00:00,205973.952
2023-08-24 23:00:00,202413.837
2023-08-25 00:00:00,198370.735
2023-08-25 01:00:00,193757.25
2023-08-25 02:00:00,189720.04
2023-08-25 03:00:00,186760.975
2023-08-25 04:00:00,186957.541
2023-08-25 05:00:00,190185.436
2023-08-25 06:00:00,195319.685
2023-08-25 07:00:00,198063.6
2023-08-25 08:00:00,203034.481
2023-08-25 09:00:00,213791.199
2023-08-25 10:00:00,219678.519
2023-08-25 11:00:00,222790.593
2023-08-25 12:00:00,223345.939
2023-08-25 13:00:00,219812.3
2023-08-25 14:00:00,221507.621
2023-08-25 15:00:00,220319.326
2023-08-25 16:00:00,214287.926
2023-08-25 17:00:00,205755.416
2023-08-25 18:00:00,204887.968
2023-08-25 19:00:00,212610.896
2023-08-25 20:00:00,210215.734
2023-08-25 21:00:00,208966.635
2023-08-25 22:00:00,209397.456
2023-08-25 23:00:00,206052.779
2023-08-26 00:00:00,201834.166
2023-08-26 01:00:00,196948.065
2023-08-26 02:00:00,192610.775
2023-08-26 03:00:00,189690.141
2023-08-26 04:00:00,188620.502
2023-08-26 05:00:00,191454.299
2023-08-26 06:00:00,195811.442
2023-08-26 07:00:00,198822.466
2023-08-26 08:00:00,204741.658
2023-08-26 09:00:00,214069.121
2023-08-26 10:00:00,218520.803
2023-08-26 11:00:00,220579.634
2023-08-26 12:00:00,221758.536
2023-08-26 13:00:00,219570.246
2023-08-26 14:00:00,221899.311
2023-08-26 15:00:00,221473.978
2023-08-26 16:00:00,214444.181
2023-08-26 17:00:00,205936.941
2023-08-26 18:00:00,204765.58
2023-08-26 19:00:00,212789.501
2023-08-26 20:00:00,210586.993
2023-08-26 21:00:00,209113.301
2023-08-26 22:00:00,209850.573
2023-08-26 23:00:00,207704.002
2023-08-27 00:00:00,205255.53
2023-08-27 01:00:00,201460.985
2023-08-27 02:00:00,197577.24
2023-08-27 03:00:00,194524.691
2023-08-27 04:00:00,193516.916
2023-08-27 05:00:00,194314.257
2023-08-27 06:00:00,194436.685
2023-08-27 07:00:00,196197.329
2023-08-27 08:00:00,200810.476
2023-08-27 09:00:00,209103.326
2023-08-27 10:00:00,214028.338
2023-08-27 11:00:00,215798.484
2023-08-27 12:00:00,215815.774
2023-08-27 13:00:00,214742.505
2023-08-27 14:00:00,216707.647
2023-08-27 15:00:00,215628.496
2023-08-27 16:00:00,207064.332
2023-08-27 17:00:00,196534.267
2023-08-27 18:00:00,195484.053
2023-08-27 19:00:00,207864.379
2023-08-27 20:00:00,207717.9
2023-08-27 21:00:00,207534.639
2023-08-27 22:00:00,209118.693
2023-08-27 23:00:00,207095.729
2023-08-28 00:00:00,204151.168
2023-08-28 01:00:00,199379.297
2023-08-28 02:00:00,195745.179
2023-08-28 03:00:00,193352.376
2023-08-28 04:00:00,193511.661
2023-08-28 05:00:00,195641.641
2023-08-28 06:00:00,199463.194
2023-08-28 07:00:00,202188.332
2023-08-28 08:00:00,205822.377
2023-08-28 09:00:00,213208.351
2023-08-28 10:00:00,219215.145
2023-08-28 11:00:00,222022.232
2023-08-28 12:00:00,222389.382
2023-08-28 13:00:00,221950.723
2023-08-28 14:00:00,225826.825
2023-08-28 15:00:00,227530.987
2023-08-28 16:00:00,221199.494
2023-08-28 17:00:00,211563.129
2023-08-28 18:00:00,209209.553
2023-08-28 19:00:00,217343.182
2023-08-28 20:00:00,216029.021
2023-08-28 21:00:00,215479.53
2023-08-28 22:00:00,217306.483
2023-08-28 23:00:00,214897.076
2023-08-29 00:00:00,211326.88
2023-08-29 01:00:00,206360.071
2023-08-29 02:00:00,202380.969
2023-08-29 03:00:00,199106.098
2023-08-29 04:00:00,198150.255
2023-08-29 05:00:00,200444.449
2023-08-29 06:00:00,203176.364
2023-08-29 07:00:00,204549.707
2023-08-29 08:00:00,209909.536
2023-08-29 09:00:00,220875.509
2023-08-29 10:00:00,227825.393
2023-08-29 11:00:00,231012.116
2023-08-29 12:00:00,232165.607
2023-08-29 13:00:00,230745.25
2023-08-29 14:00:00,233059.556
2023-08-29 15:00:00,230665.184
2023-08-29 16:00:00,221896.145
2023-08-29 17:00:00,211674.967
2023-08-29 18:00:00,208558.342
2023-08-29 19:00:00,212761.347
2023-08-29 20:00:00,211784.417
2023-08-29 21:00:00,210986.605
2023-08-29 22:00:00,211459.511
2023-08-29 23:00:00,209519.28
2023-08-30 00:00:00,207593.618
2023-08-30 01:00:00,205058.619
2023-08-30 02:00:00,202466.715
2023-08-30 03:00:00,199774.335
2023-08-30 04:00:00,199295.86
2023-08-30 05:00:00,201114.891
2023-08-30 06:00:00,202673.727
2023-08-30 07:00:00,206872.686
2023-08-30 08:00:00,213004.763
2023-08-30 09:00:00,223990.708
2023-08-30 10:00:00,229901.071
2023-08-30 11:00:00,232499.881
2023-08-30 12:00:00,230589.801
2023-08-30 13:00:00,228384.419
2023-08-30 14:00:00,228620.296
2023-08-30 15:00:00,224799.702
2023-08-30 16:00:00,216440.218
2023-08-30 17:00:00,207171.422
2023-08-30 18:00:00,204587.066
2023-08-30 19:00:00,207132.506
2023-08-30 20:00:00,207369.138
2023-08-30 21:00:00,207310.004
2023-08-30 22:00:00,208125.356
2023-08-30 23:00:00,206774.936
2023-08-31 00:00:00,205685.297
2023-08-31 01:00:00,204041.187
2023-08-31 02:00:00,201978.66
2023-08-31 03:00:00,200252.19
2023-08-31 04:00:00,200477.089
2023-08-31 05:00:00,201361.292
2023-08-31 06:00:00,201881.166
2023-08-31 07:00:00,204805.891
2023-08-31 08:00:00,213129.369
2023-08-31 09:00:00,225587.264
2023-08-31 10:00:00,232684.189
2023-08-31 11:00:00,234760.945
2023-08-31 12:00:00,235589.116
2023-08-31 13:00:00,234320.845
2023-08-31 14:00:00,233181.663
2023-08-31 15:00:00,229674.0
2023-08-31 16:00:00,221172.666
2023-08-31 17:00:00,211792.22
2023-08-31 18:00:00,208243.033
2023-08-31 19:00:00,212021.024
2023-08-31 20:00:00,211197.15
2023-08-31 21:00:00,211213.876
2023-08-31 22:00:00,212099.126
2023-08-31 23:00:00,209772.178
